ISO-10303-21;
HEADER;
FILE_DESCRIPTION(('convert3d DWG import'),'2;1');
FILE_NAME('converted','2024-01-01',(''),(''),'','convert3d','');
FILE_SCHEMA(('AUTOMOTIVE_DESIGN { 1 0 10303 214 1 1 1 1 }'));
ENDSEC;
DATA;
#1=APPLICATION_PROTOCOL_DEFINITION('international standard','automotive_design',2000,#2);
#2=APPLICATION_CONTEXT('core data for automotive mechanical design processes');
#3=SHAPE_DEFINITION_REPRESENTATION(#4,#12304);
#4=PRODUCT_DEFINITION_SHAPE('','',#5);
#5=PRODUCT_DEFINITION('design','',#6,#9);
#6=PRODUCT_DEFINITION_FORMATION('','',#7);
#7=PRODUCT('Part','Part','',(#8));
#8=PRODUCT_CONTEXT('',#2,'mechanical');
#9=PRODUCT_DEFINITION_CONTEXT('part definition',#2,'design');
#20=CARTESIAN_POINT('',(0.,0.,0.));
#21=DIRECTION('',(0.,0.,-1.));
#22=DIRECTION('',(-1.,0.,0.));
#23=AXIS2_PLACEMENT_3D('',#20,#21,#22);
#24=PLANE('',#23);
#25=CARTESIAN_POINT('',(0.009775000000000002,0.003677161095093933,0.));
#26=DIRECTION('',(1.,5.2408564228906575E-17,0.));
#27=VECTOR('',#26,1.);
#28=LINE('',#25,#27);
#29=CARTESIAN_POINT('',(0.0005,0.0036771610950939344,0.));
#30=VERTEX_POINT('',#29);
#31=CARTESIAN_POINT('',(0.019050000000000004,0.0036771610950939357,0.));
#32=VERTEX_POINT('',#31);
#33=EDGE_CURVE('',#30,#32,#28,.T.);
#34=ORIENTED_EDGE('',*,*,#33,.F.);
#35=CARTESIAN_POINT('',(0.0005,0.03308,0.));
#36=DIRECTION('',(0.,-1.,0.));
#37=VECTOR('',#36,1.);
#38=LINE('',#35,#37);
#39=CARTESIAN_POINT('',(0.0005,0.0036799999999999992,0.));
#40=VERTEX_POINT('',#39);
#41=EDGE_CURVE('',#40,#30,#38,.T.);
#42=ORIENTED_EDGE('',*,*,#41,.F.);
#43=CARTESIAN_POINT('',(0.001000000000000004,0.003679999999999999,0.));
#44=DIRECTION('',(-1.,-8.673617379883975E-16,0.));
#45=VECTOR('',#44,1.);
#46=LINE('',#43,#45);
#47=CARTESIAN_POINT('',(0.001500000000000004,0.0036799999999999992,0.));
#48=VERTEX_POINT('',#47);
#49=EDGE_CURVE('',#48,#40,#46,.T.);
#50=ORIENTED_EDGE('',*,*,#49,.F.);
#51=CARTESIAN_POINT('',(0.001500000000000001,0.03308,0.));
#52=DIRECTION('',(1.0325734976052425E-16,-1.,0.));
#53=VECTOR('',#52,1.);
#54=LINE('',#51,#53);
#55=CARTESIAN_POINT('',(0.001500000000000001,0.03258,0.));
#56=VERTEX_POINT('',#55);
#57=EDGE_CURVE('',#56,#48,#54,.T.);
#58=ORIENTED_EDGE('',*,*,#57,.F.);
#59=CARTESIAN_POINT('',(0.01855,0.03258,0.));
#60=DIRECTION('',(-1.,0.,0.));
#61=VECTOR('',#60,1.);
#62=LINE('',#59,#61);
#63=CARTESIAN_POINT('',(0.01805,0.03258,0.));
#64=VERTEX_POINT('',#63);
#65=EDGE_CURVE('',#64,#56,#62,.T.);
#66=ORIENTED_EDGE('',*,*,#65,.F.);
#67=CARTESIAN_POINT('',(0.01805,0.0036799999999999992,0.));
#68=DIRECTION('',(0.,1.,0.));
#69=VECTOR('',#68,1.);
#70=LINE('',#67,#69);
#71=CARTESIAN_POINT('',(0.01805,0.0036799999999999992,0.));
#72=VERTEX_POINT('',#71);
#73=EDGE_CURVE('',#72,#64,#70,.T.);
#74=ORIENTED_EDGE('',*,*,#73,.F.);
#75=CARTESIAN_POINT('',(0.01855,0.003679999999999999,0.));
#76=DIRECTION('',(-1.,8.673617379883967E-16,0.));
#77=VECTOR('',#76,1.);
#78=LINE('',#75,#77);
#79=CARTESIAN_POINT('',(0.019050000000000004,0.0036799999999999984,0.));
#80=VERTEX_POINT('',#79);
#81=EDGE_CURVE('',#80,#72,#78,.T.);
#82=ORIENTED_EDGE('',*,*,#81,.F.);
#83=CARTESIAN_POINT('',(0.019050000000000004,0.,0.));
#84=DIRECTION('',(-1.0488050036135472E-16,1.,0.));
#85=VECTOR('',#84,1.);
#86=LINE('',#83,#85);
#87=EDGE_CURVE('',#32,#80,#86,.T.);
#88=ORIENTED_EDGE('',*,*,#87,.F.);
#89=EDGE_LOOP('',(#34,#42,#50,#58,#66,#74,#82,#88));
#90=FACE_OUTER_BOUND('',#89,.T.);
#91=CARTESIAN_POINT('',(0.010802327473958335,0.01318794644581314,0.));
#92=DIRECTION('',(0.,1.,0.));
#93=VECTOR('',#92,1.);
#94=LINE('',#91,#93);
#95=CARTESIAN_POINT('',(0.010802327473958335,0.013309603646676627,0.));
#96=VERTEX_POINT('',#95);
#97=CARTESIAN_POINT('',(0.010802327473958335,0.01318794644581314,0.));
#98=VERTEX_POINT('',#97);
#99=EDGE_CURVE('',#96,#98,#94,.T.);
#100=ORIENTED_EDGE('',*,*,#99,.T.);
#101=CARTESIAN_POINT('',(0.010173554059078821,0.01318794644581314,0.));
#102=DIRECTION('',(1.,0.,0.));
#103=VECTOR('',#102,1.);
#104=LINE('',#101,#103);
#105=CARTESIAN_POINT('',(0.010173554059078823,0.01318794644581314,0.));
#106=VERTEX_POINT('',#105);
#107=EDGE_CURVE('',#98,#106,#104,.T.);
#108=ORIENTED_EDGE('',*,*,#107,.T.);
#109=CARTESIAN_POINT('',(0.00986962226733827,0.012935761206523204,0.));
#110=CARTESIAN_POINT('',(0.009869896610851334,0.012945976322393861,0.));
#111=CARTESIAN_POINT('',(0.00987042794537669,0.012965760437869962,0.));
#112=CARTESIAN_POINT('',(0.009873636530052876,0.012994536787687794,0.));
#113=CARTESIAN_POINT('',(0.009879895927470305,0.013021145090789367,0.));
#114=CARTESIAN_POINT('',(0.009888047737746057,0.013046022069045038,0.));
#115=CARTESIAN_POINT('',(0.009898887545233761,0.013068779416234362,0.));
#116=CARTESIAN_POINT('',(0.009911748391105936,0.013089813564690644,0.));
#117=CARTESIAN_POINT('',(0.009927484850087681,0.013108550047569107,0.));
#118=CARTESIAN_POINT('',(0.009945336265523689,0.013125472140122942,0.));
#119=CARTESIAN_POINT('',(0.009965831879039662,0.01314016424653446,0.));
#120=CARTESIAN_POINT('',(0.009988430059003803,0.013153097980576537,0.));
#121=CARTESIAN_POINT('',(0.010013572649553772,0.013163802654162927,0.));
#122=CARTESIAN_POINT('',(0.010040999748175752,0.01317267781613048,0.));
#123=CARTESIAN_POINT('',(0.010070809954445719,0.013179626517593947,0.));
#124=CARTESIAN_POINT('',(0.010103028936905319,0.013184336873269998,0.));
#125=CARTESIAN_POINT('',(0.010137520898975416,0.013187347341085561,0.));
#126=CARTESIAN_POINT('',(0.010161297226125911,0.01318774265778716,0.));
#127=CARTESIAN_POINT('',(0.010173554059078823,0.013187946445813142,0.));
#128=B_SPLINE_CURVE_WITH_KNOTS('',3,(#109,#110,#111,#112,#113,#114,#115,#116,#117,#118,#119,#120,#121,#122,#123,#124,#125,#126,#127),.UNSPECIFIED.,.F.,.F.,(4,1,1,1,1,1,1,1,1,1,1,1,1,1,1,1,4),(0.,0.06782498644415975,0.13135997486145368,0.19178674657689138,0.2489823487134537,0.3048018702501824,0.35875092384180335,0.4121874050545266,0.46674038477669233,0.5216147309469789,0.5791776768776229,0.6392564362152054,0.7026606515786813,0.770338950893645,0.842186118038667,0.9186460391208826,1.),.UNSPECIFIED.);
#129=CARTESIAN_POINT('',(0.00986962226733827,0.012935761206523204,0.));
#130=VERTEX_POINT('',#129);
#131=TRIMMED_CURVE('',#128,(PARAMETER_VALUE(0.)),(PARAMETER_VALUE(1.)),.T.,.PARAMETER.);
#132=EDGE_CURVE('',#106,#130,#131,.T.);
#133=ORIENTED_EDGE('',*,*,#132,.T.);
#134=CARTESIAN_POINT('',(0.010184325790405275,0.012674282708833974,0.));
#135=CARTESIAN_POINT('',(0.010171649442081087,0.012674503797735315,0.));
#136=CARTESIAN_POINT('',(0.010147035248071645,0.012674933095272099,0.));
#137=CARTESIAN_POINT('',(0.010111290742373706,0.012677711882807799,0.));
#138=CARTESIAN_POINT('',(0.010078051097766666,0.012683198233835668,0.));
#139=CARTESIAN_POINT('',(0.010047060142830046,0.012689846066750006,0.));
#140=CARTESIAN_POINT('',(0.010018695005928818,0.012699255467547679,0.));
#141=CARTESIAN_POINT('',(0.009992672165009011,0.012710419412836965,0.));
#142=CARTESIAN_POINT('',(0.009969079648724984,0.012723706302848324,0.));
#143=CARTESIAN_POINT('',(0.00994806545201689,0.012739220972310566,0.));
#144=CARTESIAN_POINT('',(0.009929428971265206,0.012756633427170637,0.));
#145=CARTESIAN_POINT('',(0.00991354892530188,0.012776281051292481,0.));
#146=CARTESIAN_POINT('',(0.009899891097659621,0.01279780096130095,0.));
#147=CARTESIAN_POINT('',(0.00988864327223777,0.012821396201897374,0.));
#148=CARTESIAN_POINT('',(0.009879996338539995,0.012847145549180008,0.));
#149=CARTESIAN_POINT('',(0.009873950090004106,0.012874909684359937,0.));
#150=CARTESIAN_POINT('',(0.009870345491441841,0.012904688877987194,0.));
#151=CARTESIAN_POINT('',(0.009869868308975792,0.012925190366092375,0.));
#152=CARTESIAN_POINT('',(0.00986962226733827,0.012935761206523204,0.));
#153=B_SPLINE_CURVE_WITH_KNOTS('',3,(#134,#135,#136,#137,#138,#139,#140,#141,#142,#143,#144,#145,#146,#147,#148,#149,#150,#151,#152),.UNSPECIFIED.,.F.,.F.,(4,1,1,1,1,1,1,1,1,1,1,1,1,1,1,1,4),(0.,0.08122571804727288,0.15771936297747569,0.2294311520505321,0.2969501581952569,0.3605700303665868,0.4205704524670615,0.47814282263009755,0.5336274956350642,0.5875556135515796,0.641097497875951,0.6950331613525854,0.7505178343575543,0.8081467242251166,0.8686688182011217,0.9322838927952062,1.),.UNSPECIFIED.);
#154=CARTESIAN_POINT('',(0.010184325790405275,0.012674282708833974,0.));
#155=VERTEX_POINT('',#154);
#156=TRIMMED_CURVE('',#153,(PARAMETER_VALUE(0.)),(PARAMETER_VALUE(1.)),.T.,.PARAMETER.);
#157=EDGE_CURVE('',#130,#155,#156,.T.);
#158=ORIENTED_EDGE('',*,*,#157,.T.);
#159=CARTESIAN_POINT('',(0.010802327473958335,0.012674282708833974,0.));
#160=DIRECTION('',(-1.,0.,0.));
#161=VECTOR('',#160,1.);
#162=LINE('',#159,#161);
#163=CARTESIAN_POINT('',(0.010802327473958335,0.012674282708833974,0.));
#164=VERTEX_POINT('',#163);
#165=EDGE_CURVE('',#155,#164,#162,.T.);
#166=ORIENTED_EDGE('',*,*,#165,.T.);
#167=CARTESIAN_POINT('',(0.010802327473958335,0.012552625507970486,0.));
#168=DIRECTION('',(0.,1.,0.));
#169=VECTOR('',#168,1.);
#170=LINE('',#167,#169);
#171=CARTESIAN_POINT('',(0.010802327473958335,0.012552625507970486,0.));
#172=VERTEX_POINT('',#171);
#173=EDGE_CURVE('',#164,#172,#170,.T.);
#174=ORIENTED_EDGE('',*,*,#173,.T.);
#175=CARTESIAN_POINT('',(0.010176299794514976,0.012552625507970486,0.));
#176=DIRECTION('',(1.,0.,0.));
#177=VECTOR('',#176,1.);
#178=LINE('',#175,#177);
#179=CARTESIAN_POINT('',(0.010176299794514976,0.012552625507970486,0.));
#180=VERTEX_POINT('',#179);
#181=EDGE_CURVE('',#172,#180,#178,.T.);
#182=ORIENTED_EDGE('',*,*,#181,.T.);
#183=CARTESIAN_POINT('',(0.009761482533237394,0.012922877371015091,0.));
#184=CARTESIAN_POINT('',(0.009761802068856818,0.012907937547246895,0.));
#185=CARTESIAN_POINT('',(0.009762423327880803,0.012878890706242232,0.));
#186=CARTESIAN_POINT('',(0.009767357979064457,0.012836780249768111,0.));
#187=CARTESIAN_POINT('',(0.009775210141252195,0.01279747764173741,0.));
#188=CARTESIAN_POINT('',(0.009786642513325486,0.01276115842176763,0.));
#189=CARTESIAN_POINT('',(0.009801292570697366,0.012727727537516659,0.));
#190=CARTESIAN_POINT('',(0.009819014400624581,0.01269702090826456,0.));
#191=CARTESIAN_POINT('',(0.009840401089378802,0.012669410616580605,0.));
#192=CARTESIAN_POINT('',(0.009864722773737861,0.01264449517874793,0.));
#193=CARTESIAN_POINT('',(0.009892586416198732,0.012622781693592131,0.));
#194=CARTESIAN_POINT('',(0.009923622477414747,0.012604013990135257,0.));
#195=CARTESIAN_POINT('',(0.009957801686498555,0.01258779398212396,0.));
#196=CARTESIAN_POINT('',(0.009995443945225207,0.012575113054955712,0.));
#197=CARTESIAN_POINT('',(0.010036139181873809,0.012565014611833219,0.));
#198=CARTESIAN_POINT('',(0.010079970245273682,0.012557606384818724,0.));
#199=CARTESIAN_POINT('',(0.010127078227773126,0.012553479059760883,0.));
#200=CARTESIAN_POINT('',(0.010159535788983105,0.012552916212795282,0.));
#201=CARTESIAN_POINT('',(0.010176299794514976,0.012552625507970486,0.));
#202=B_SPLINE_CURVE_WITH_KNOTS('',3,(#183,#184,#185,#186,#187,#188,#189,#190,#191,#192,#193,#194,#195,#196,#197,#198,#199,#200,#201),.UNSPECIFIED.,.F.,.F.,(4,1,1,1,1,1,1,1,1,1,1,1,1,1,1,1,4),(0.,0.07031240403703229,0.1367053087378154,0.19929928726542767,0.25873190405729257,0.3155693562484077,0.3708212273804021,0.42517919738424415,0.4795513107447685,0.5343159495019959,0.590985986153628,0.6499919854253446,0.7120404588160062,0.7776327479375548,0.847211770464223,0.9210864085390835,1.),.UNSPECIFIED.);
#203=CARTESIAN_POINT('',(0.009761482533237394,0.012922877371015091,0.));
#204=VERTEX_POINT('',#203);
#205=TRIMMED_CURVE('',#202,(PARAMETER_VALUE(0.)),(PARAMETER_VALUE(1.)),.T.,.PARAMETER.);
#206=EDGE_CURVE('',#180,#204,#205,.T.);
#207=ORIENTED_EDGE('',*,*,#206,.T.);
#208=CARTESIAN_POINT('',(0.010192774207131907,0.013309603646676627,0.));
#209=CARTESIAN_POINT('',(0.010175372070823465,0.013309363196324692,0.));
#210=CARTESIAN_POINT('',(0.010141557871209407,0.013308895975745947,0.));
#211=CARTESIAN_POINT('',(0.010092608292371302,0.013304061242085425,0.));
#212=CARTESIAN_POINT('',(0.01004694057428897,0.01329691695537475,0.));
#213=CARTESIAN_POINT('',(0.010004648266569698,0.013286365910552142,0.));
#214=CARTESIAN_POINT('',(0.009965772070681724,0.013272668534082639,0.));
#215=CARTESIAN_POINT('',(0.00993007091069347,0.013256169881215559,0.));
#216=CARTESIAN_POINT('',(0.009897744854416402,0.013236495500580151,0.));
#217=CARTESIAN_POINT('',(0.009868915041738766,0.01321360394023251,0.));
#218=CARTESIAN_POINT('',(0.009843420685886227,0.013187731770566464,0.));
#219=CARTESIAN_POINT('',(0.009821393966150208,0.01315883606964287,0.));
#220=CARTESIAN_POINT('',(0.009802590731589123,0.013126915945882845,0.));
#221=CARTESIAN_POINT('',(0.009787741385515303,0.013091741946203724,0.));
#222=CARTESIAN_POINT('',(0.009775842006178122,0.013053773429164512,0.));
#223=CARTESIAN_POINT('',(0.00976752779924006,0.013012796544593173,0.));
#224=CARTESIAN_POINT('',(0.009762366110907998,0.012968842340733693,0.));
#225=CARTESIAN_POINT('',(0.009761783267305387,0.012938521985844696,0.));
#226=CARTESIAN_POINT('',(0.009761482533237394,0.012922877371015091,0.));
#227=B_SPLINE_CURVE_WITH_KNOTS('',3,(#208,#209,#210,#211,#212,#213,#214,#215,#216,#217,#218,#219,#220,#221,#222,#223,#224,#225,#226),.UNSPECIFIED.,.F.,.F.,(4,1,1,1,1,1,1,1,1,1,1,1,1,1,1,1,4),(0.,0.0785909170765743,0.1527105012153241,0.22199230363818945,0.2872523345327118,0.34931854667136025,0.40794154389166676,0.46461679473704737,0.519852097377609,0.5738295509247964,0.6282827996585018,0.6835949680037536,0.7407262058682842,0.8003789557557728,0.8630679051319922,0.9293461475017835,1.),.UNSPECIFIED.);
#228=CARTESIAN_POINT('',(0.010192774207131907,0.013309603646676627,0.));
#229=VERTEX_POINT('',#228);
#230=TRIMMED_CURVE('',#227,(PARAMETER_VALUE(0.)),(PARAMETER_VALUE(1.)),.T.,.PARAMETER.);
#231=EDGE_CURVE('',#204,#229,#230,.T.);
#232=ORIENTED_EDGE('',*,*,#231,.T.);
#233=CARTESIAN_POINT('',(0.010802327473958335,0.013309603646676627,0.));
#234=DIRECTION('',(-1.,0.,0.));
#235=VECTOR('',#234,1.);
#236=LINE('',#233,#235);
#237=EDGE_CURVE('',#229,#96,#236,.T.);
#238=ORIENTED_EDGE('',*,*,#237,.T.);
#239=EDGE_LOOP('',(#100,#108,#133,#158,#166,#174,#182,#207,#232,#238));
#240=FACE_BOUND('',#239,.T.);
#241=CARTESIAN_POINT('',(0.010802327473958335,0.014269343786821913,0.));
#242=DIRECTION('',(0.,1.,0.));
#243=VECTOR('',#242,1.);
#244=LINE('',#241,#243);
#245=CARTESIAN_POINT('',(0.010802327473958335,0.0143910009876854,0.));
#246=VERTEX_POINT('',#245);
#247=CARTESIAN_POINT('',(0.010802327473958335,0.014269343786821913,0.));
#248=VERTEX_POINT('',#247);
#249=EDGE_CURVE('',#246,#248,#244,.T.);
#250=ORIENTED_EDGE('',*,*,#249,.T.);
#251=CARTESIAN_POINT('',(0.010078720581322387,0.014269343786821913,0.));
#252=DIRECTION('',(1.,0.,0.));
#253=VECTOR('',#252,1.);
#254=LINE('',#251,#253);
#255=CARTESIAN_POINT('',(0.010078720581322387,0.014269343786821913,0.));
#256=VERTEX_POINT('',#255);
#257=EDGE_CURVE('',#248,#256,#254,.T.);
#258=ORIENTED_EDGE('',*,*,#257,.T.);
#259=CARTESIAN_POINT('',(0.009927493921915692,0.014276524941039549,0.));
#260=CARTESIAN_POINT('',(0.009931503253883457,0.014275932665653098,0.));
#261=CARTESIAN_POINT('',(0.009940135696152184,0.014274657444962504,0.));
#262=CARTESIAN_POINT('',(0.009954160847680341,0.014273250241530719,0.));
#263=CARTESIAN_POINT('',(0.009970139420913201,0.014271923540627209,0.));
#264=CARTESIAN_POINT('',(0.009988112072861627,0.014271246246900448,0.));
#265=CARTESIAN_POINT('',(0.010007958976882902,0.014270320427367774,0.));
#266=CARTESIAN_POINT('',(0.010029785793711667,0.014269648533456799,0.));
#267=CARTESIAN_POINT('',(0.01005358690979163,0.014269577136844234,0.));
#268=CARTESIAN_POINT('',(0.010070131498614568,0.014269423530946807,0.));
#269=CARTESIAN_POINT('',(0.010078720581322387,0.014269343786821913,0.));
#270=B_SPLINE_CURVE_WITH_KNOTS('',3,(#259,#260,#261,#262,#263,#264,#265,#266,#267,#268,#269),.UNSPECIFIED.,.F.,.F.,(4,1,1,1,1,1,1,1,4),(0.,0.08023269370620666,0.1727480044186612,0.27901623714332896,0.3976313234277109,0.5287792286018183,0.6724148031310557,0.8299349485275013,1.),.UNSPECIFIED.);
#271=CARTESIAN_POINT('',(0.009927493921915692,0.014276524941039549,0.));
#272=VERTEX_POINT('',#271);
#273=TRIMMED_CURVE('',#270,(PARAMETER_VALUE(0.)),(PARAMETER_VALUE(1.)),.T.,.PARAMETER.);
#274=EDGE_CURVE('',#256,#272,#273,.T.);
#275=ORIENTED_EDGE('',*,*,#274,.T.);
#276=CARTESIAN_POINT('',(0.009927493921915692,0.014273779205603394,0.));
#277=DIRECTION('',(0.,1.,0.));
#278=VECTOR('',#277,1.);
#279=LINE('',#276,#278);
#280=CARTESIAN_POINT('',(0.009927493921915692,0.014273779205603394,0.));
#281=VERTEX_POINT('',#280);
#282=EDGE_CURVE('',#272,#281,#279,.T.);
#283=ORIENTED_EDGE('',*,*,#282,.T.);
#284=CARTESIAN_POINT('',(0.009996348518237736,0.014232593174061068,0.));
#285=CARTESIAN_POINT('',(0.009988624311484564,0.01423748385154079,0.));
#286=CARTESIAN_POINT('',(0.00997457501463142,0.014246379338407104,0.));
#287=CARTESIAN_POINT('',(0.009955296406541405,0.014257973368996847,0.));
#288=CARTESIAN_POINT('',(0.009940144008147059,0.014266948441267607,0.));
#289=CARTESIAN_POINT('',(0.009931236887386294,0.01427175808775652,0.));
#290=CARTESIAN_POINT('',(0.009927493921915692,0.014273779205603394,0.));
#291=B_SPLINE_CURVE_WITH_KNOTS('',3,(#284,#285,#286,#287,#288,#289,#290),.UNSPECIFIED.,.F.,.F.,(4,1,1,1,4),(0.,0.3417557309900344,0.6216078711214095,0.840991414534314,1.),.UNSPECIFIED.);
#292=CARTESIAN_POINT('',(0.009996348518237736,0.014232593174061068,0.));
#293=VERTEX_POINT('',#292);
#294=TRIMMED_CURVE('',#291,(PARAMETER_VALUE(0.)),(PARAMETER_VALUE(1.)),.T.,.PARAMETER.);
#295=EDGE_CURVE('',#281,#293,#294,.T.);
#296=ORIENTED_EDGE('',*,*,#295,.T.);
#297=CARTESIAN_POINT('',(0.010802327473958335,0.01372357606628155,0.));
#298=DIRECTION('',(-0.8454994327804406,0.5339763189205612,0.));
#299=VECTOR('',#298,1.);
#300=LINE('',#297,#299);
#301=CARTESIAN_POINT('',(0.010802327473958335,0.01372357606628155,0.));
#302=VERTEX_POINT('',#301);
#303=EDGE_CURVE('',#293,#302,#300,.T.);
#304=ORIENTED_EDGE('',*,*,#303,.T.);
#305=CARTESIAN_POINT('',(0.010802327473958335,0.013566435515166212,0.));
#306=DIRECTION('',(0.,1.,0.));
#307=VECTOR('',#306,1.);
#308=LINE('',#305,#307);
#309=CARTESIAN_POINT('',(0.010802327473958335,0.013566435515166212,0.));
#310=VERTEX_POINT('',#309);
#311=EDGE_CURVE('',#302,#310,#308,.T.);
#312=ORIENTED_EDGE('',*,*,#311,.T.);
#313=CARTESIAN_POINT('',(0.009775000000000002,0.013566435515166212,0.));
#314=DIRECTION('',(1.,0.,0.));
#315=VECTOR('',#314,1.);
#316=LINE('',#313,#315);
#317=CARTESIAN_POINT('',(0.009775000000000002,0.013566435515166212,0.));
#318=VERTEX_POINT('',#317);
#319=EDGE_CURVE('',#310,#318,#316,.T.);
#320=ORIENTED_EDGE('',*,*,#319,.T.);
#321=CARTESIAN_POINT('',(0.009775000000000002,0.013688092716029698,0.));
#322=DIRECTION('',(0.,-1.,0.));
#323=VECTOR('',#322,1.);
#324=LINE('',#321,#323);
#325=CARTESIAN_POINT('',(0.009775000000000002,0.013688092716029698,0.));
#326=VERTEX_POINT('',#325);
#327=EDGE_CURVE('',#318,#326,#324,.T.);
#328=ORIENTED_EDGE('',*,*,#327,.T.);
#329=CARTESIAN_POINT('',(0.010517193409434538,0.013688092716029698,0.));
#330=DIRECTION('',(-1.,0.,0.));
#331=VECTOR('',#330,1.);
#332=LINE('',#329,#331);
#333=CARTESIAN_POINT('',(0.01051719340943454,0.013688092716029698,0.));
#334=VERTEX_POINT('',#333);
#335=EDGE_CURVE('',#326,#334,#332,.T.);
#336=ORIENTED_EDGE('',*,*,#335,.T.);
#337=CARTESIAN_POINT('',(0.010658281968769277,0.013682390034739223,0.));
#338=CARTESIAN_POINT('',(0.010655115273763886,0.013682821845874075,0.));
#339=CARTESIAN_POINT('',(0.010648089364364092,0.013683779900219732,0.));
#340=CARTESIAN_POINT('',(0.010636345676264236,0.013685145287786511,0.));
#341=CARTESIAN_POINT('',(0.010622234472627461,0.013685775589716218,0.));
#342=CARTESIAN_POINT('',(0.010605769530861276,0.013686725835514085,0.));
#343=CARTESIAN_POINT('',(0.010586966249211236,0.013687317660038271,0.));
#344=CARTESIAN_POINT('',(0.010565771919456679,0.013687658075975759,0.));
#345=CARTESIAN_POINT('',(0.010542259403173347,0.013688218298264686,0.));
#346=CARTESIAN_POINT('',(0.010525783010172273,0.01368813575047986,0.));
#347=CARTESIAN_POINT('',(0.01051719340943454,0.0136880927160297,0.));
#348=B_SPLINE_CURVE_WITH_KNOTS('',3,(#337,#338,#339,#340,#341,#342,#343,#344,#345,#346,#347),.UNSPECIFIED.,.F.,.F.,(4,1,1,1,1,1,1,1,4),(0.,0.06785632392225567,0.1505520371457233,0.25087462584478115,0.36761370141381317,0.5007167265264163,0.6502156873727228,0.8176477345742695,1.),.UNSPECIFIED.);
#349=CARTESIAN_POINT('',(0.010658281968769277,0.013682390034739223,0.));
#350=VERTEX_POINT('',#349);
#351=TRIMMED_CURVE('',#348,(PARAMETER_VALUE(0.)),(PARAMETER_VALUE(1.)),.T.,.PARAMETER.);
#352=EDGE_CURVE('',#334,#350,#351,.T.);
#353=ORIENTED_EDGE('',*,*,#352,.T.);
#354=CARTESIAN_POINT('',(0.010658281968769277,0.013686614243102538,0.));
#355=DIRECTION('',(0.,-1.,0.));
#356=VECTOR('',#355,1.);
#357=LINE('',#354,#356);
#358=CARTESIAN_POINT('',(0.010658281968769277,0.013686614243102538,0.));
#359=VERTEX_POINT('',#358);
#360=EDGE_CURVE('',#350,#359,#357,.T.);
#361=ORIENTED_EDGE('',*,*,#360,.T.);
#362=CARTESIAN_POINT('',(0.010593862791228715,0.013719140647500067,0.));
#363=CARTESIAN_POINT('',(0.010604213833366094,0.01371288081274358,0.));
#364=CARTESIAN_POINT('',(0.010624857889616238,0.01370039623591408,0.));
#365=CARTESIAN_POINT('',(0.010647161506670161,0.013691199623839856,0.));
#366=CARTESIAN_POINT('',(0.010658281968769277,0.013686614243102538,0.));
#367=B_SPLINE_CURVE_WITH_KNOTS('',3,(#362,#363,#364,#365,#366),.UNSPECIFIED.,.F.,.F.,(4,1,4),(0.,0.5014054414480116,1.),.UNSPECIFIED.);
#368=CARTESIAN_POINT('',(0.010593862791228715,0.013719140647500067,0.));
#369=VERTEX_POINT('',#368);
#370=TRIMMED_CURVE('',#367,(PARAMETER_VALUE(0.)),(PARAMETER_VALUE(1.)),.T.,.PARAMETER.);
#371=EDGE_CURVE('',#359,#369,#370,.T.);
#372=ORIENTED_EDGE('',*,*,#371,.T.);
#373=CARTESIAN_POINT('',(0.009775000000000002,0.014242308853296694,0.));
#374=DIRECTION('',(0.842693520506131,-0.5383935646875647,0.));
#375=VECTOR('',#374,1.);
#376=LINE('',#373,#375);
#377=CARTESIAN_POINT('',(0.009775000000000002,0.014242308853296694,0.));
#378=VERTEX_POINT('',#377);
#379=EDGE_CURVE('',#369,#378,#376,.T.);
#380=ORIENTED_EDGE('',*,*,#379,.T.);
#381=CARTESIAN_POINT('',(0.009775000000000002,0.0143910009876854,0.));
#382=DIRECTION('',(0.,-1.,0.));
#383=VECTOR('',#382,1.);
#384=LINE('',#381,#383);
#385=CARTESIAN_POINT('',(0.009775000000000002,0.0143910009876854,0.));
#386=VERTEX_POINT('',#385);
#387=EDGE_CURVE('',#378,#386,#384,.T.);
#388=ORIENTED_EDGE('',*,*,#387,.T.);
#389=CARTESIAN_POINT('',(0.010802327473958335,0.0143910009876854,0.));
#390=DIRECTION('',(-1.,0.,0.));
#391=VECTOR('',#390,1.);
#392=LINE('',#389,#391);
#393=EDGE_CURVE('',#386,#246,#392,.T.);
#394=ORIENTED_EDGE('',*,*,#393,.T.);
#395=EDGE_LOOP('',(#250,#258,#275,#283,#296,#304,#312,#320,#328,#336,#353,#361,#372,#380,#388,#394));
#396=FACE_BOUND('',#395,.T.);
#397=CARTESIAN_POINT('',(0.010802327473958335,0.014661350322937592,0.));
#398=DIRECTION('',(0.,1.,0.));
#399=VECTOR('',#398,1.);
#400=LINE('',#397,#399);
#401=CARTESIAN_POINT('',(0.010802327473958335,0.014783007523801078,0.));
#402=VERTEX_POINT('',#401);
#403=CARTESIAN_POINT('',(0.010802327473958335,0.014661350322937592,0.));
#404=VERTEX_POINT('',#403);
#405=EDGE_CURVE('',#402,#404,#400,.T.);
#406=ORIENTED_EDGE('',*,*,#405,.T.);
#407=CARTESIAN_POINT('',(0.009775000000000002,0.014661350322937592,0.));
#408=DIRECTION('',(1.,0.,0.));
#409=VECTOR('',#408,1.);
#410=LINE('',#407,#409);
#411=CARTESIAN_POINT('',(0.009775000000000002,0.014661350322937592,0.));
#412=VERTEX_POINT('',#411);
#413=EDGE_CURVE('',#404,#412,#410,.T.);
#414=ORIENTED_EDGE('',*,*,#413,.T.);
#415=CARTESIAN_POINT('',(0.009775000000000002,0.014783007523801078,0.));
#416=DIRECTION('',(0.,-1.,0.));
#417=VECTOR('',#416,1.);
#418=LINE('',#415,#417);
#419=CARTESIAN_POINT('',(0.009775000000000002,0.014783007523801078,0.));
#420=VERTEX_POINT('',#419);
#421=EDGE_CURVE('',#412,#420,#418,.T.);
#422=ORIENTED_EDGE('',*,*,#421,.T.);
#423=CARTESIAN_POINT('',(0.010802327473958335,0.014783007523801078,0.));
#424=DIRECTION('',(-1.,0.,0.));
#425=VECTOR('',#424,1.);
#426=LINE('',#423,#425);
#427=EDGE_CURVE('',#420,#402,#426,.T.);
#428=ORIENTED_EDGE('',*,*,#427,.T.);
#429=EDGE_LOOP('',(#406,#414,#422,#428));
#430=FACE_BOUND('',#429,.T.);
#431=CARTESIAN_POINT('',(0.010802327473958335,0.01494521712495239,0.));
#432=DIRECTION('',(0.,1.,0.));
#433=VECTOR('',#432,1.);
#434=LINE('',#431,#433);
#435=CARTESIAN_POINT('',(0.010802327473958335,0.0156616428633707,0.));
#436=VERTEX_POINT('',#435);
#437=CARTESIAN_POINT('',(0.010802327473958335,0.01494521712495239,0.));
#438=VERTEX_POINT('',#437);
#439=EDGE_CURVE('',#436,#438,#434,.T.);
#440=ORIENTED_EDGE('',*,*,#439,.T.);
#441=CARTESIAN_POINT('',(0.010694187739857459,0.01494521712495239,0.));
#442=DIRECTION('',(1.,0.,0.));
#443=VECTOR('',#442,1.);
#444=LINE('',#441,#443);
#445=CARTESIAN_POINT('',(0.010694187739857459,0.01494521712495239,0.));
#446=VERTEX_POINT('',#445);
#447=EDGE_CURVE('',#438,#446,#444,.T.);
#448=ORIENTED_EDGE('',*,*,#447,.T.);
#449=CARTESIAN_POINT('',(0.010694187739857459,0.015242601393729804,0.));
#450=DIRECTION('',(0.,-1.,0.));
#451=VECTOR('',#450,1.);
#452=LINE('',#449,#451);
#453=CARTESIAN_POINT('',(0.010694187739857459,0.015242601393729804,0.));
#454=VERTEX_POINT('',#453);
#455=EDGE_CURVE('',#446,#454,#452,.T.);
#456=ORIENTED_EDGE('',*,*,#455,.T.);
#457=CARTESIAN_POINT('',(0.009775000000000002,0.015242601393729804,0.));
#458=DIRECTION('',(1.,0.,0.));
#459=VECTOR('',#458,1.);
#460=LINE('',#457,#459);
#461=CARTESIAN_POINT('',(0.009775000000000002,0.015242601393729804,0.));
#462=VERTEX_POINT('',#461);
#463=EDGE_CURVE('',#454,#462,#460,.T.);
#464=ORIENTED_EDGE('',*,*,#463,.T.);
#465=CARTESIAN_POINT('',(0.009775000000000002,0.01536425859459329,0.));
#466=DIRECTION('',(0.,-1.,0.));
#467=VECTOR('',#466,1.);
#468=LINE('',#465,#467);
#469=CARTESIAN_POINT('',(0.009775000000000002,0.01536425859459329,0.));
#470=VERTEX_POINT('',#469);
#471=EDGE_CURVE('',#462,#470,#468,.T.);
#472=ORIENTED_EDGE('',*,*,#471,.T.);
#473=CARTESIAN_POINT('',(0.010694187739857459,0.01536425859459329,0.));
#474=DIRECTION('',(-1.,0.,0.));
#475=VECTOR('',#474,1.);
#476=LINE('',#473,#475);
#477=CARTESIAN_POINT('',(0.010694187739857459,0.01536425859459329,0.));
#478=VERTEX_POINT('',#477);
#479=EDGE_CURVE('',#470,#478,#476,.T.);
#480=ORIENTED_EDGE('',*,*,#479,.T.);
#481=CARTESIAN_POINT('',(0.010694187739857459,0.0156616428633707,0.));
#482=DIRECTION('',(0.,-1.,0.));
#483=VECTOR('',#482,1.);
#484=LINE('',#481,#483);
#485=CARTESIAN_POINT('',(0.010694187739857459,0.0156616428633707,0.));
#486=VERTEX_POINT('',#485);
#487=EDGE_CURVE('',#478,#486,#484,.T.);
#488=ORIENTED_EDGE('',*,*,#487,.T.);
#489=CARTESIAN_POINT('',(0.010802327473958335,0.0156616428633707,0.));
#490=DIRECTION('',(-1.,0.,0.));
#491=VECTOR('',#490,1.);
#492=LINE('',#489,#491);
#493=EDGE_CURVE('',#486,#436,#492,.T.);
#494=ORIENTED_EDGE('',*,*,#493,.T.);
#495=EDGE_LOOP('',(#440,#448,#456,#464,#472,#480,#488,#494));
#496=FACE_BOUND('',#495,.T.);
#497=CARTESIAN_POINT('',(0.010393212893971228,0.016756557671142085,0.));
#498=CARTESIAN_POINT('',(0.010393635764146338,0.016764302056248584,0.));
#499=CARTESIAN_POINT('',(0.010394504503485514,0.016780212026721263,0.));
#500=CARTESIAN_POINT('',(0.010395798740965731,0.01680407070074297,0.));
#501=CARTESIAN_POINT('',(0.010396701377546811,0.016827235953866117,0.));
#502=CARTESIAN_POINT('',(0.010396770860122669,0.016842237988604465,0.));
#503=CARTESIAN_POINT('',(0.010396803471080046,0.01684927904471686,0.));
#504=B_SPLINE_CURVE_WITH_KNOTS('',3,(#497,#498,#499,#500,#501,#502,#503),.UNSPECIFIED.,.F.,.F.,(4,1,1,1,4),(0.,0.25071672606537937,0.5150693894807685,0.772402630787381,0.9999999999999999),.UNSPECIFIED.);
#505=CARTESIAN_POINT('',(0.010396803471080046,0.01684927904471686,0.));
#506=VERTEX_POINT('',#505);
#507=CARTESIAN_POINT('',(0.010393212893971228,0.016756557671142085,0.));
#508=VERTEX_POINT('',#507);
#509=TRIMMED_CURVE('',#504,(PARAMETER_VALUE(0.)),(PARAMETER_VALUE(0.9999999999999999)),.T.,.PARAMETER.);
#510=EDGE_CURVE('',#506,#508,#509,.T.);
#511=ORIENTED_EDGE('',*,*,#510,.T.);
#512=CARTESIAN_POINT('',(0.010694187739857459,0.016776833871285996,0.));
#513=DIRECTION('',(-0.9977384430816552,-0.0672160635339119,0.));
#514=VECTOR('',#513,1.);
#515=LINE('',#512,#514);
#516=CARTESIAN_POINT('',(0.010694187739857459,0.016776833871285996,0.));
#517=VERTEX_POINT('',#516);
#518=EDGE_CURVE('',#508,#517,#515,.T.);
#519=ORIENTED_EDGE('',*,*,#518,.T.);
#520=CARTESIAN_POINT('',(0.010694187739857459,0.017142016684294624,0.));
#521=DIRECTION('',(0.,-1.,0.));
#522=VECTOR('',#521,1.);
#523=LINE('',#520,#522);
#524=CARTESIAN_POINT('',(0.010694187739857459,0.017142016684294624,0.));
#525=VERTEX_POINT('',#524);
#526=EDGE_CURVE('',#517,#525,#523,.T.);
#527=ORIENTED_EDGE('',*,*,#526,.T.);
#528=CARTESIAN_POINT('',(0.010802327473958335,0.017142016684294624,0.));
#529=DIRECTION('',(-1.,0.,0.));
#530=VECTOR('',#529,1.);
#531=LINE('',#528,#530);
#532=CARTESIAN_POINT('',(0.010802327473958335,0.017142016684294624,0.));
#533=VERTEX_POINT('',#532);
#534=EDGE_CURVE('',#525,#533,#531,.T.);
#535=ORIENTED_EDGE('',*,*,#534,.T.);
#536=CARTESIAN_POINT('',(0.010802327473958335,0.01666975018927595,0.));
#537=DIRECTION('',(0.,1.,0.));
#538=VECTOR('',#537,1.);
#539=LINE('',#536,#538);
#540=CARTESIAN_POINT('',(0.010802327473958335,0.01666975018927595,0.));
#541=VERTEX_POINT('',#540);
#542=EDGE_CURVE('',#533,#541,#539,.T.);
#543=ORIENTED_EDGE('',*,*,#542,.T.);
#544=CARTESIAN_POINT('',(0.010293521576596982,0.016634900470278595,0.));
#545=DIRECTION('',(0.9976625651734404,0.0683330524091432,0.));
#546=VECTOR('',#545,1.);
#547=LINE('',#544,#546);
#548=CARTESIAN_POINT('',(0.010293521576596982,0.016634900470278595,0.));
#549=VERTEX_POINT('',#548);
#550=EDGE_CURVE('',#541,#549,#547,.T.);
#551=ORIENTED_EDGE('',*,*,#550,.T.);
#552=CARTESIAN_POINT('',(0.01030218120374178,0.01680724817150187,0.));
#553=CARTESIAN_POINT('',(0.010302119263692304,0.0168002078077901,0.));
#554=CARTESIAN_POINT('',(0.010301992278046042,0.016785774090939346,0.));
#555=CARTESIAN_POINT('',(0.010301636523175641,0.016763802615373618,0.));
#556=CARTESIAN_POINT('',(0.010300709352832258,0.016741276789704388,0.));
#557=CARTESIAN_POINT('',(0.010299720728812429,0.0167186730620793,0.));
#558=CARTESIAN_POINT('',(0.010298343674105875,0.016696294523074716,0.));
#559=CARTESIAN_POINT('',(0.010297268040775796,0.016674658354436687,0.));
#560=CARTESIAN_POINT('',(0.010295537919127299,0.01665424365328975,0.));
#561=CARTESIAN_POINT('',(0.01029417452899724,0.016641164375138937,0.));
#562=CARTESIAN_POINT('',(0.010293521576596982,0.016634900470278595,0.));
#563=B_SPLINE_CURVE_WITH_KNOTS('',3,(#552,#553,#554,#555,#556,#557,#558,#559,#560,#561,#562),.UNSPECIFIED.,.F.,.F.,(4,1,1,1,1,1,1,1,4),(0.,0.12235417566914379,0.2508429392879499,0.38184680504341867,0.5141242388884173,0.6440207755169325,0.7714743366179214,0.8905548917098969,0.9999999999999999),.UNSPECIFIED.);
#564=CARTESIAN_POINT('',(0.01030218120374178,0.01680724817150187,0.));
#565=VERTEX_POINT('',#564);
#566=TRIMMED_CURVE('',#563,(PARAMETER_VALUE(0.)),(PARAMETER_VALUE(0.9999999999999999)),.T.,.PARAMETER.);
#567=EDGE_CURVE('',#549,#565,#566,.T.);
#568=ORIENTED_EDGE('',*,*,#567,.T.);
#569=CARTESIAN_POINT('',(0.010084212052194699,0.017067459406682105,0.));
#570=CARTESIAN_POINT('',(0.010092461851191748,0.017067274177918187,0.));
#571=CARTESIAN_POINT('',(0.010108602321195587,0.017066911783718164,0.));
#572=CARTESIAN_POINT('',(0.01013211788601474,0.017063563362271997,0.));
#573=CARTESIAN_POINT('',(0.010154438473166468,0.01705872626820094,0.));
#574=CARTESIAN_POINT('',(0.010175179442867343,0.017051164686578562,0.));
#575=CARTESIAN_POINT('',(0.010194717008802218,0.0170419090681865,0.));
#576=CARTESIAN_POINT('',(0.01021264096919787,0.017030116292933373,0.));
#577=CARTESIAN_POINT('',(0.010229487175947793,0.0170166091943027,0.));
#578=CARTESIAN_POINT('',(0.010244699664711582,0.017000904727270387,0.));
#579=CARTESIAN_POINT('',(0.010258277038014125,0.016983248819171667,0.));
#580=CARTESIAN_POINT('',(0.01027016475580243,0.01696373221399426,0.));
#581=CARTESIAN_POINT('',(0.010280105388946269,0.016942252018494097,0.));
#582=CARTESIAN_POINT('',(0.01028807099224117,0.016918858370158274,0.));
#583=CARTESIAN_POINT('',(0.010294377809402231,0.016893631378261616,0.));
#584=CARTESIAN_POINT('',(0.01029900871933934,0.01686652824998157,0.));
#585=CARTESIAN_POINT('',(0.010301776931456398,0.016837509316814995,0.));
#586=CARTESIAN_POINT('',(0.010302043799809249,0.01681753331970336,0.));
#587=CARTESIAN_POINT('',(0.01030218120374178,0.01680724817150187,0.));
#588=B_SPLINE_CURVE_WITH_KNOTS('',3,(#569,#570,#571,#572,#573,#574,#575,#576,#577,#578,#579,#580,#581,#582,#583,#584,#585,#586,#587),.UNSPECIFIED.,.F.,.F.,(4,1,1,1,1,1,1,1,1,1,1,1,1,1,1,1,4),(0.,0.06417908423077874,0.12556434214593054,0.18459249003670108,0.2416227853125875,0.2970181135409941,0.35250283063620086,0.40822252190743025,0.46480605294235966,0.5222456618096859,0.5812712655482272,0.6423229054609896,0.7061029643439343,0.7733600968885225,0.8445376803860409,0.9199562861347349,1.),.UNSPECIFIED.);
#589=CARTESIAN_POINT('',(0.010084212052194699,0.017067459406682105,0.));
#590=VERTEX_POINT('',#589);
#591=TRIMMED_CURVE('',#588,(PARAMETER_VALUE(0.)),(PARAMETER_VALUE(1.)),.T.,.PARAMETER.);
#592=EDGE_CURVE('',#565,#590,#591,.T.);
#593=ORIENTED_EDGE('',*,*,#592,.T.);
#594=CARTESIAN_POINT('',(0.00985610480057566,0.01683069252791827,0.));
#595=CARTESIAN_POINT('',(0.009856298966257938,0.016839573273760386,0.));
#596=CARTESIAN_POINT('',(0.009856679344166225,0.016856970990431326,0.));
#597=CARTESIAN_POINT('',(0.009859906792770224,0.016882351835837906,0.));
#598=CARTESIAN_POINT('',(0.009865138615934453,0.016906416772533007,0.));
#599=CARTESIAN_POINT('',(0.009872622909959064,0.01692897682683868,0.));
#600=CARTESIAN_POINT('',(0.009881575813611576,0.016950238159145734,0.));
#601=CARTESIAN_POINT('',(0.009892674581907419,0.016969666198687165,0.));
#602=CARTESIAN_POINT('',(0.00990519226265693,0.016987620576728528,0.));
#603=CARTESIAN_POINT('',(0.009919384677037634,0.017003867220013517,0.));
#604=CARTESIAN_POINT('',(0.009935034255969413,0.017018627178871235,0.));
#605=CARTESIAN_POINT('',(0.009952531932475235,0.017031260697382443,0.));
#606=CARTESIAN_POINT('',(0.009971365949483873,0.017042340019244952,0.));
#607=CARTESIAN_POINT('',(0.00999172380295646,0.017051392775353624,0.));
#608=CARTESIAN_POINT('',(0.010013314750047922,0.01705852552445117,0.));
#609=CARTESIAN_POINT('',(0.010035971637682665,0.017063920683792415,0.));
#610=CARTESIAN_POINT('',(0.010059777534017296,0.017066804983004256,0.));
#611=CARTESIAN_POINT('',(0.010075967828370128,0.017067238603667406,0.));
#612=CARTESIAN_POINT('',(0.010084212052194699,0.017067459406682105,0.));
#613=B_SPLINE_CURVE_WITH_KNOTS('',3,(#594,#595,#596,#597,#598,#599,#600,#601,#602,#603,#604,#605,#606,#607,#608,#609,#610,#611,#612),.UNSPECIFIED.,.F.,.F.,(4,1,1,1,1,1,1,1,1,1,1,1,1,1,1,1,4),(0.,0.0719323107012369,0.1409181146848174,0.20693681039481346,0.2711565653505109,0.3332509950118086,0.3935346388522937,0.4520904879245319,0.5103147468061542,0.5680310019135508,0.6259919913559111,0.6847918472962855,0.7447968558272523,0.8061293617907843,0.8688105727927479,0.9331973231774333,0.9999999999999999),.UNSPECIFIED.);
#614=CARTESIAN_POINT('',(0.00985610480057566,0.01683069252791827,0.));
#615=VERTEX_POINT('',#614);
#616=TRIMMED_CURVE('',#613,(PARAMETER_VALUE(0.)),(PARAMETER_VALUE(0.9999999999999999)),.T.,.PARAMETER.);
#617=EDGE_CURVE('',#590,#615,#616,.T.);
#618=ORIENTED_EDGE('',*,*,#617,.T.);
#619=CARTESIAN_POINT('',(0.00992369213438871,0.01662138300351599,0.));
#620=CARTESIAN_POINT('',(0.009918292903381119,0.01662983102619829,0.));
#621=CARTESIAN_POINT('',(0.009907650829160721,0.01664648237604317,0.));
#622=CARTESIAN_POINT('',(0.009893951015329947,0.01667235079946646,0.));
#623=CARTESIAN_POINT('',(0.009882256056305761,0.016698369285277476,0.));
#624=CARTESIAN_POINT('',(0.009872758721307927,0.01672457007594103,0.));
#625=CARTESIAN_POINT('',(0.009865277582474274,0.016750887793061733,0.));
#626=CARTESIAN_POINT('',(0.009860011887461493,0.0167773713528707,0.));
#627=CARTESIAN_POINT('',(0.009856720474982986,0.016803996683464627,0.));
#628=CARTESIAN_POINT('',(0.009856309597403193,0.016821812470233,0.));
#629=CARTESIAN_POINT('',(0.00985610480057566,0.01683069252791827,0.));
#630=B_SPLINE_CURVE_WITH_KNOTS('',3,(#619,#620,#621,#622,#623,#624,#625,#626,#627,#628,#629),.UNSPECIFIED.,.F.,.F.,(4,1,1,1,1,1,1,1,4),(0.,0.13473883309007398,0.2655749791218023,0.3930998604940905,0.5179519646982941,0.6399003031554176,0.7605525587092185,0.8806503962526124,1.),.UNSPECIFIED.);
#631=CARTESIAN_POINT('',(0.00992369213438871,0.01662138300351599,0.));
#632=VERTEX_POINT('',#631);
#633=TRIMMED_CURVE('',#630,(PARAMETER_VALUE(0.)),(PARAMETER_VALUE(1.)),.T.,.PARAMETER.);
#634=EDGE_CURVE('',#615,#632,#633,.T.);
#635=ORIENTED_EDGE('',*,*,#634,.T.);
#636=CARTESIAN_POINT('',(0.009803090985616051,0.016621383003515986,0.));
#637=DIRECTION('',(1.,0.,0.));
#638=VECTOR('',#637,1.);
#639=LINE('',#636,#638);
#640=CARTESIAN_POINT('',(0.009803090985616051,0.016621383003515986,0.));
#641=VERTEX_POINT('',#640);
#642=EDGE_CURVE('',#632,#641,#639,.T.);
#643=ORIENTED_EDGE('',*,*,#642,.T.);
#644=CARTESIAN_POINT('',(0.009761482533237394,0.016830903738336435,0.));
#645=CARTESIAN_POINT('',(0.009761600617844684,0.01681949623748844,0.));
#646=CARTESIAN_POINT('',(0.009761828217905427,0.016797509054353333,0.));
#647=CARTESIAN_POINT('',(0.009763668727696434,0.0167655657730374,0.));
#648=CARTESIAN_POINT('',(0.009767102723970529,0.016735982344555516,0.));
#649=CARTESIAN_POINT('',(0.009771392642169861,0.016708503898029994,0.));
#650=CARTESIAN_POINT('',(0.009777239464852266,0.01668343006109345,0.));
#651=CARTESIAN_POINT('',(0.009784539397308365,0.016660597344712754,0.));
#652=CARTESIAN_POINT('',(0.009792673248219034,0.01663985575991548,0.));
#653=CARTESIAN_POINT('',(0.009799714415938871,0.01662737034479129,0.));
#654=CARTESIAN_POINT('',(0.009803090985616051,0.016621383003515986,0.));
#655=B_SPLINE_CURVE_WITH_KNOTS('',3,(#644,#645,#646,#647,#648,#649,#650,#651,#652,#653,#654),.UNSPECIFIED.,.F.,.F.,(4,1,1,1,1,1,1,1,4),(0.,0.15841578101220744,0.3053356589684622,0.4440771503482761,0.5718616957550041,0.6913861950975112,0.801155369688396,0.9046446873736343,1.),.UNSPECIFIED.);
#656=CARTESIAN_POINT('',(0.009761482533237394,0.016830903738336435,0.));
#657=VERTEX_POINT('',#656);
#658=TRIMMED_CURVE('',#655,(PARAMETER_VALUE(0.)),(PARAMETER_VALUE(1.)),.T.,.PARAMETER.);
#659=EDGE_CURVE('',#641,#657,#658,.T.);
#660=ORIENTED_EDGE('',*,*,#659,.T.);
#661=CARTESIAN_POINT('',(0.01009012594390334,0.01718911660754559,0.));
#662=CARTESIAN_POINT('',(0.010077997147122852,0.01718888606751379,0.));
#663=CARTESIAN_POINT('',(0.010054200167470473,0.01718843374264224,0.));
#664=CARTESIAN_POINT('',(0.010019505108391398,0.017183309843911865,0.));
#665=CARTESIAN_POINT('',(0.00998643355868388,0.017175697462253257,0.));
#666=CARTESIAN_POINT('',(0.009955398521822666,0.017164306944304184,0.));
#667=CARTESIAN_POINT('',(0.009926046540732406,0.017150465975357694,0.));
#668=CARTESIAN_POINT('',(0.009898987442169835,0.017133475717696654,0.));
#669=CARTESIAN_POINT('',(0.009874024482947597,0.01711383482783493,0.));
#670=CARTESIAN_POINT('',(0.009851179250494885,0.01709164906210758,0.));
#671=CARTESIAN_POINT('',(0.009830656815159447,0.017066857756665672,0.));
#672=CARTESIAN_POINT('',(0.009812567506126453,0.017039623185713972,0.));
#673=CARTESIAN_POINT('',(0.009797160197290043,0.017009918527229714,0.));
#674=CARTESIAN_POINT('',(0.009784355701149753,0.016977917124257755,0.));
#675=CARTESIAN_POINT('',(0.009773847486609142,0.01694392388042189,0.));
#676=CARTESIAN_POINT('',(0.009766921570989172,0.016907863654620745,0.));
#677=CARTESIAN_POINT('',(0.009762249219507376,0.016870029627096234,0.));
#678=CARTESIAN_POINT('',(0.009761742187941617,0.016844154557440878,0.));
#679=CARTESIAN_POINT('',(0.009761482533237394,0.016830903738336435,0.));
#680=B_SPLINE_CURVE_WITH_KNOTS('',3,(#661,#662,#663,#664,#665,#666,#667,#668,#669,#670,#671,#672,#673,#674,#675,#676,#677,#678,#679),.UNSPECIFIED.,.F.,.F.,(4,1,1,1,1,1,1,1,1,1,1,1,1,1,1,1,4),(0.,0.06640919123872441,0.1302963683241228,0.1917724159467891,0.25205549485297873,0.31106857860073006,0.3692997285580028,0.42671886471694165,0.48482848777368054,0.5434595239183353,0.6027355631519911,0.6636461536124573,0.726472747614361,0.7913963097315814,0.8582778046457002,0.9274229905952894,0.9999999999999999),.UNSPECIFIED.);
#681=CARTESIAN_POINT('',(0.01009012594390334,0.01718911660754559,0.));
#682=VERTEX_POINT('',#681);
#683=TRIMMED_CURVE('',#680,(PARAMETER_VALUE(0.)),(PARAMETER_VALUE(0.9999999999999999)),.T.,.PARAMETER.);
#684=EDGE_CURVE('',#657,#682,#683,.T.);
#685=ORIENTED_EDGE('',*,*,#684,.T.);
#686=CARTESIAN_POINT('',(0.010396803471080046,0.01684927904471686,0.));
#687=CARTESIAN_POINT('',(0.010396591453623531,0.01686231466418098,0.));
#688=CARTESIAN_POINT('',(0.01039617894524134,0.01688767720924865,0.));
#689=CARTESIAN_POINT('',(0.010392069318601942,0.01692469368457358,0.));
#690=CARTESIAN_POINT('',(0.010385380915916658,0.016959523975049025,0.));
#691=CARTESIAN_POINT('',(0.010376097417679381,0.016992270286989953,0.));
#692=CARTESIAN_POINT('',(0.010364274126191968,0.017022638090008067,0.));
#693=CARTESIAN_POINT('',(0.01035032199261695,0.017050784047406255,0.));
#694=CARTESIAN_POINT('',(0.010333979745730993,0.017076493437376297,0.));
#695=CARTESIAN_POINT('',(0.010315358664847816,0.017099864613409715,0.));
#696=CARTESIAN_POINT('',(0.01029439082356134,0.01712065893355898,0.));
#697=CARTESIAN_POINT('',(0.010271142688742161,0.017138703145697785,0.));
#698=CARTESIAN_POINT('',(0.010245856211812199,0.017154291947001087,0.));
#699=CARTESIAN_POINT('',(0.010218236197819825,0.017166942814948027,0.));
#700=CARTESIAN_POINT('',(0.010188675049480086,0.01717676204507693,0.));
#701=CARTESIAN_POINT('',(0.010157370906390652,0.01718403602195297,0.));
#702=CARTESIAN_POINT('',(0.010124316310631992,0.017188248081648753,0.));
#703=CARTESIAN_POINT('',(0.010101684035007589,0.01718882300141022,0.));
#704=CARTESIAN_POINT('',(0.01009012594390334,0.01718911660754559,0.));
#705=B_SPLINE_CURVE_WITH_KNOTS('',3,(#686,#687,#688,#689,#690,#691,#692,#693,#694,#695,#696,#697,#698,#699,#700,#701,#702,#703,#704),.UNSPECIFIED.,.F.,.F.,(4,1,1,1,1,1,1,1,1,1,1,1,1,1,1,1,4),(0.,0.0753947357343243,0.14669056489336887,0.21515145559670398,0.28038960327058793,0.34332361384466736,0.4034368271657038,0.46185636968562793,0.5192357184769045,0.5759768287332541,0.6322790971055909,0.6891443435214272,0.7474644000677723,0.8076176203511217,0.869075112336862,0.9331378865944665,0.9999999999999999),.UNSPECIFIED.);
#706=TRIMMED_CURVE('',#705,(PARAMETER_VALUE(0.)),(PARAMETER_VALUE(0.9999999999999999)),.T.,.PARAMETER.);
#707=EDGE_CURVE('',#682,#506,#706,.T.);
#708=ORIENTED_EDGE('',*,*,#707,.T.);
#709=EDGE_LOOP('',(#511,#519,#527,#535,#543,#551,#568,#593,#618,#635,#643,#660,#685,#708));
#710=FACE_BOUND('',#709,.T.);
#711=CARTESIAN_POINT('',(0.010268387536835255,0.017351326208696907,0.));
#712=CARTESIAN_POINT('',(0.01029000861060452,0.017351609338603476,0.));
#713=CARTESIAN_POINT('',(0.010332026451749958,0.017352159566014224,0.));
#714=CARTESIAN_POINT('',(0.010393077207113821,0.017356419370384703,0.));
#715=CARTESIAN_POINT('',(0.010450271883889908,0.01736329151688281,0.));
#716=CARTESIAN_POINT('',(0.01050348714941823,0.01737288701315552,0.));
#717=CARTESIAN_POINT('',(0.01055272659771014,0.017385253449649564,0.));
#718=CARTESIAN_POINT('',(0.010597790356598271,0.01740052498081165,0.));
#719=CARTESIAN_POINT('',(0.010639024791737279,0.0174178603168467,0.));
#720=CARTESIAN_POINT('',(0.010676043727463993,0.017438159612016065,0.));
#721=CARTESIAN_POINT('',(0.010708777736974495,0.017461264505346567,0.));
#722=CARTESIAN_POINT('',(0.010737382657014299,0.017486862361157776,0.));
#723=CARTESIAN_POINT('',(0.010761533493450645,0.01751533588107,0.));
#724=CARTESIAN_POINT('',(0.01078154674857128,0.017546300398548712,0.));
#725=CARTESIAN_POINT('',(0.010797091669675428,0.01757985825405513,0.));
#726=CARTESIAN_POINT('',(0.010807722286757603,0.017615887768264657,0.));
#727=CARTESIAN_POINT('',(0.010814840473835323,0.01765406232717187,0.));
#728=CARTESIAN_POINT('',(0.01081550512031405,0.01768042883871512,0.));
#729=CARTESIAN_POINT('',(0.010815844940720945,0.017693909506961796,0.));
#730=B_SPLINE_CURVE_WITH_KNOTS('',3,(#711,#712,#713,#714,#715,#716,#717,#718,#719,#720,#721,#722,#723,#724,#725,#726,#727,#728,#729),.UNSPECIFIED.,.F.,.F.,(4,1,1,1,1,1,1,1,1,1,1,1,1,1,1,1,4),(0.,0.08926761439691079,0.1734803960797661,0.2525530411572923,0.32701951696035875,0.39660825267745753,0.4619688713790854,0.5233089957169025,0.5810783152598848,0.6359248744476097,0.6884094276150146,0.7391427587707798,0.7896205973074935,0.8402163231132901,0.8912543916232923,0.9444005526705761,1.),.UNSPECIFIED.);
#731=CARTESIAN_POINT('',(0.010815844940720945,0.017693909506961796,0.));
#732=VERTEX_POINT('',#731);
#733=CARTESIAN_POINT('',(0.010268387536835255,0.017351326208696907,0.));
#734=VERTEX_POINT('',#733);
#735=TRIMMED_CURVE('',#730,(PARAMETER_VALUE(0.)),(PARAMETER_VALUE(1.)),.T.,.PARAMETER.);
#736=EDGE_CURVE('',#732,#734,#735,.T.);
#737=ORIENTED_EDGE('',*,*,#736,.T.);
#738=CARTESIAN_POINT('',(0.009761482533237394,0.017672577254727054,0.));
#739=CARTESIAN_POINT('',(0.009761862107441021,0.017660086558581416,0.));
#740=CARTESIAN_POINT('',(0.009762602857187433,0.017635710613340787,0.));
#741=CARTESIAN_POINT('',(0.009769168984903443,0.01760021945864025,0.));
#742=CARTESIAN_POINT('',(0.009779687325116615,0.017566809378454635,0.));
#743=CARTESIAN_POINT('',(0.009794585925069198,0.017535553549593633,0.));
#744=CARTESIAN_POINT('',(0.009813576200298433,0.017506648688478784,0.));
#745=CARTESIAN_POINT('',(0.009836383614653707,0.017479984842231455,0.));
#746=CARTESIAN_POINT('',(0.009863247270676122,0.017455859431541695,0.));
#747=CARTESIAN_POINT('',(0.009893900449436159,0.01743406957814912,0.));
#748=CARTESIAN_POINT('',(0.009928183519632594,0.017414582958004323,0.));
#749=CARTESIAN_POINT('',(0.009966403622453667,0.01739805473416657,0.));
#750=CARTESIAN_POINT('',(0.010007975782130843,0.01738337778743768,0.));
#751=CARTESIAN_POINT('',(0.010053382911512736,0.01737174262067597,0.));
#752=CARTESIAN_POINT('',(0.010102191206587693,0.01736243412616299,0.));
#753=CARTESIAN_POINT('',(0.010154551100579591,0.017356078025521488,0.));
#754=CARTESIAN_POINT('',(0.010210307962920322,0.017351937698718872,0.));
#755=CARTESIAN_POINT('',(0.01024866664762846,0.017351533839816784,0.));
#756=CARTESIAN_POINT('',(0.010268387536835255,0.017351326208696907,0.));
#757=B_SPLINE_CURVE_WITH_KNOTS('',3,(#738,#739,#740,#741,#742,#743,#744,#745,#746,#747,#748,#749,#750,#751,#752,#753,#754,#755,#756),.UNSPECIFIED.,.F.,.F.,(4,1,1,1,1,1,1,1,1,1,1,1,1,1,1,1,4),(0.,0.05560346552068954,0.10851172864331725,0.16019065677036698,0.21125682259744455,0.2622342983467065,0.3138417947423511,0.36713538924212824,0.42266449961136965,0.48109658322950266,0.5424634412610565,0.6079316349458072,0.6773114379131157,0.7510657410246947,0.8291434976952492,0.9121596014605431,1.),.UNSPECIFIED.);
#758=CARTESIAN_POINT('',(0.009761482533237394,0.017672577254727054,0.));
#759=VERTEX_POINT('',#758);
#760=TRIMMED_CURVE('',#757,(PARAMETER_VALUE(0.)),(PARAMETER_VALUE(1.)),.T.,.PARAMETER.);
#761=EDGE_CURVE('',#734,#759,#760,.T.);
#762=ORIENTED_EDGE('',*,*,#761,.T.);
#763=CARTESIAN_POINT('',(0.010293310366178818,0.018013682080064784,0.));
#764=CARTESIAN_POINT('',(0.010272604925051835,0.01801339158438021,0.));
#765=CARTESIAN_POINT('',(0.010232275829718583,0.01801282577039513,0.));
#766=CARTESIAN_POINT('',(0.010173667962490201,0.018008649020260052,0.));
#767=CARTESIAN_POINT('',(0.010118645754999425,0.018001518449461417,0.));
#768=CARTESIAN_POINT('',(0.010067327320183117,0.017991492625480266,0.));
#769=CARTESIAN_POINT('',(0.010019809585075859,0.017978565907958478,0.));
#770=CARTESIAN_POINT('',(0.009975903731757422,0.017963587291522927,0.));
#771=CARTESIAN_POINT('',(0.009936160690755966,0.01794526823067831,0.));
#772=CARTESIAN_POINT('',(0.009899992616669245,0.01792490967632531,0.));
#773=CARTESIAN_POINT('',(0.00986785225683722,0.01790179585164088,0.));
#774=CARTESIAN_POINT('',(0.009839790422984678,0.017876182879026894,0.));
#775=CARTESIAN_POINT('',(0.009815755632772519,0.017848006697795318,0.));
#776=CARTESIAN_POINT('',(0.009796128449561285,0.017817259917462594,0.));
#777=CARTESIAN_POINT('',(0.00978043401288439,0.017784242652945738,0.));
#778=CARTESIAN_POINT('',(0.0097696113945074,0.017748868672554003,0.));
#779=CARTESIAN_POINT('',(0.009762504450490489,0.017711442758180894,0.));
#780=CARTESIAN_POINT('',(0.009761827733253797,0.017685705883673377,0.));
#781=CARTESIAN_POINT('',(0.009761482533237394,0.017672577254727054,0.));
#782=B_SPLINE_CURVE_WITH_KNOTS('',3,(#763,#764,#765,#766,#767,#768,#769,#770,#771,#772,#773,#774,#775,#776,#777,#778,#779,#780,#781),.UNSPECIFIED.,.F.,.F.,(4,1,1,1,1,1,1,1,1,1,1,1,1,1,1,1,4),(0.,0.08761252995940348,0.1706476114877627,0.24847022097941102,0.3222629765944557,0.3917141549787829,0.4567257052156475,0.5183161138530104,0.5766265425532776,0.6321080041528256,0.6854551819102931,0.7370284564163255,0.7883481285107397,0.8393903386972642,0.8912142620642988,0.9445073414958353,1.),.UNSPECIFIED.);
#783=CARTESIAN_POINT('',(0.010293310366178818,0.018013682080064784,0.));
#784=VERTEX_POINT('',#783);
#785=TRIMMED_CURVE('',#782,(PARAMETER_VALUE(0.)),(PARAMETER_VALUE(1.)),.T.,.PARAMETER.);
#786=EDGE_CURVE('',#759,#784,#785,.T.);
#787=ORIENTED_EDGE('',*,*,#786,.T.);
#788=CARTESIAN_POINT('',(0.010815844940720945,0.017693909506961796,0.));
#789=CARTESIAN_POINT('',(0.010815447259499731,0.017706819704001665,0.));
#790=CARTESIAN_POINT('',(0.010814671090517878,0.017732017007664434,0.));
#791=CARTESIAN_POINT('',(0.010808396565449014,0.017768539420393324,0.));
#792=CARTESIAN_POINT('',(0.010798418473279763,0.01780265190354937,0.));
#793=CARTESIAN_POINT('',(0.010783792747932463,0.017834073777908716,0.));
#794=CARTESIAN_POINT('',(0.010765236236839943,0.01786303330304259,0.));
#795=CARTESIAN_POINT('',(0.010742744851746014,0.01788971973723365,0.));
#796=CARTESIAN_POINT('',(0.010715684593893469,0.01791338836653577,0.));
#797=CARTESIAN_POINT('',(0.010684955763126796,0.017934872667654613,0.));
#798=CARTESIAN_POINT('',(0.010649923552167827,0.017953343254564828,0.));
#799=CARTESIAN_POINT('',(0.010611080080332345,0.017969670568766014,0.));
#800=CARTESIAN_POINT('',(0.010568004813046584,0.01798331117666806,0.));
#801=CARTESIAN_POINT('',(0.010520867172531576,0.017994277686930984,0.));
#802=CARTESIAN_POINT('',(0.010469770342510397,0.018003280895908552,0.));
#803=CARTESIAN_POINT('',(0.010414581515079612,0.018009084321733655,0.));
#804=CARTESIAN_POINT('',(0.010355323296417352,0.018013045102969243,0.));
#805=CARTESIAN_POINT('',(0.01031443860793608,0.01801346505748551,0.));
#806=CARTESIAN_POINT('',(0.010293310366178816,0.01801368208006478,0.));
#807=B_SPLINE_CURVE_WITH_KNOTS('',3,(#788,#789,#790,#791,#792,#793,#794,#795,#796,#797,#798,#799,#800,#801,#802,#803,#804,#805,#806),.UNSPECIFIED.,.F.,.F.,(4,1,1,1,1,1,1,1,1,1,1,1,1,1,1,1,4),(0.,0.05600840772502456,0.10931365747226474,0.16036273758288647,0.2098597138057291,0.2591979424927096,0.30928387655575595,0.3608027936550088,0.41480516944806045,0.47168307957627376,0.5323569893762716,0.5974966026462478,0.667543911872201,0.7423037968749449,0.8225564895742005,0.908301383089863,1.),.UNSPECIFIED.);
#808=TRIMMED_CURVE('',#807,(PARAMETER_VALUE(0.)),(PARAMETER_VALUE(1.)),.T.,.PARAMETER.);
#809=EDGE_CURVE('',#784,#732,#808,.T.);
#810=ORIENTED_EDGE('',*,*,#809,.T.);
#811=EDGE_LOOP('',(#737,#762,#787,#810));
#812=FACE_BOUND('',#811,.T.);
#813=CARTESIAN_POINT('',(0.00982569050035979,0.01814885674769088,0.));
#814=CARTESIAN_POINT('',(0.009836328277392701,0.018148988697538063,0.));
#815=CARTESIAN_POINT('',(0.009857008103570049,0.018149245207887504,0.));
#816=CARTESIAN_POINT('',(0.00988705706326245,0.018152094182178554,0.));
#817=CARTESIAN_POINT('',(0.009915157574005762,0.018156431545425802,0.));
#818=CARTESIAN_POINT('',(0.009941542883657183,0.01816256651142901,0.));
#819=CARTESIAN_POINT('',(0.009966632628351114,0.018170846018964213,0.));
#820=CARTESIAN_POINT('',(0.009990691878831587,0.01818178379588843,0.));
#821=CARTESIAN_POINT('',(0.010014282558705685,0.018194660762985582,0.));
#822=CARTESIAN_POINT('',(0.010037250339855436,0.01821008495183054,0.));
#823=CARTESIAN_POINT('',(0.010059911538934648,0.01822787916859426,0.));
#824=CARTESIAN_POINT('',(0.010082236799854673,0.018248387915980165,0.));
#825=CARTESIAN_POINT('',(0.01010500615205879,0.018270951814064355,0.));
#826=CARTESIAN_POINT('',(0.010127564089241805,0.018296582108914043,0.));
#827=CARTESIAN_POINT('',(0.01015087137383223,0.01832487318345807,0.));
#828=CARTESIAN_POINT('',(0.010175396842746523,0.01835609206486675,0.));
#829=CARTESIAN_POINT('',(0.010201502770722067,0.018390129745990684,0.));
#830=CARTESIAN_POINT('',(0.01021914431721323,0.01841403717699423,0.));
#831=CARTESIAN_POINT('',(0.010228257557383756,0.018426387237160707,0.));
#832=B_SPLINE_CURVE_WITH_KNOTS('',3,(#813,#814,#815,#816,#817,#818,#819,#820,#821,#822,#823,#824,#825,#826,#827,#828,#829,#830,#831),.UNSPECIFIED.,.F.,.F.,(4,1,1,1,1,1,1,1,1,1,1,1,1,1,1,1,4),(0.,0.06210179279661666,0.12072581295531153,0.17608296879907714,0.22803796587715655,0.2787416450302942,0.3300863192645707,0.3821583029740558,0.435522385065614,0.49144911303469263,0.5502444330735202,0.6124563584204226,0.6785556401048791,0.7495138791035729,0.8264998849395135,0.9103736047771234,1.),.UNSPECIFIED.);
#833=CARTESIAN_POINT('',(0.010228257557383756,0.018426387237160707,0.));
#834=VERTEX_POINT('',#833);
#835=CARTESIAN_POINT('',(0.00982569050035979,0.01814885674769088,0.));
#836=VERTEX_POINT('',#835);
#837=TRIMMED_CURVE('',#832,(PARAMETER_VALUE(0.)),(PARAMETER_VALUE(1.)),.T.,.PARAMETER.);
#838=EDGE_CURVE('',#834,#836,#837,.T.);
#839=ORIENTED_EDGE('',*,*,#838,.T.);
#840=CARTESIAN_POINT('',(0.009775000000000002,0.018148856747690876,0.));
#841=DIRECTION('',(1.,0.,0.));
#842=VECTOR('',#841,1.);
#843=LINE('',#840,#842);
#844=CARTESIAN_POINT('',(0.009775000000000002,0.018148856747690876,0.));
#845=VERTEX_POINT('',#844);
#846=EDGE_CURVE('',#836,#845,#843,.T.);
#847=ORIENTED_EDGE('',*,*,#846,.T.);
#848=CARTESIAN_POINT('',(0.009775000000000002,0.018782910423024535,0.));
#849=DIRECTION('',(0.,-1.,0.));
#850=VECTOR('',#849,1.);
#851=LINE('',#848,#850);
#852=CARTESIAN_POINT('',(0.009775000000000002,0.018782910423024535,0.));
#853=VERTEX_POINT('',#852);
#854=EDGE_CURVE('',#845,#853,#851,.T.);
#855=ORIENTED_EDGE('',*,*,#854,.T.);
#856=CARTESIAN_POINT('',(0.00988313973410088,0.018782910423024535,0.));
#857=DIRECTION('',(-1.,0.,0.));
#858=VECTOR('',#857,1.);
#859=LINE('',#856,#858);
#860=CARTESIAN_POINT('',(0.00988313973410088,0.018782910423024535,0.));
#861=VERTEX_POINT('',#860);
#862=EDGE_CURVE('',#853,#861,#859,.T.);
#863=ORIENTED_EDGE('',*,*,#862,.T.);
#864=CARTESIAN_POINT('',(0.00988313973410088,0.018270513948554366,0.));
#865=DIRECTION('',(0.,1.,0.));
#866=VECTOR('',#865,1.);
#867=LINE('',#864,#866);
#868=CARTESIAN_POINT('',(0.00988313973410088,0.018270513948554366,0.));
#869=VERTEX_POINT('',#868);
#870=EDGE_CURVE('',#861,#869,#867,.T.);
#871=ORIENTED_EDGE('',*,*,#870,.T.);
#872=CARTESIAN_POINT('',(0.010174821321587818,0.018514673191954004,0.));
#873=CARTESIAN_POINT('',(0.010166588124926683,0.018503124292891214,0.));
#874=CARTESIAN_POINT('',(0.01015080104845167,0.018480979388522892,0.));
#875=CARTESIAN_POINT('',(0.0101281418474051,0.01844932668187504,0.));
#876=CARTESIAN_POINT('',(0.01010713125530407,0.018421026731821905,0.));
#877=CARTESIAN_POINT('',(0.010088147972310408,0.018395579368845363,0.));
#878=CARTESIAN_POINT('',(0.01007001947696218,0.018373193481841032,0.));
#879=CARTESIAN_POINT('',(0.010052714471019608,0.0183533039051897,0.));
#880=CARTESIAN_POINT('',(0.010036122179034154,0.018335707217954203,0.));
#881=CARTESIAN_POINT('',(0.010019897561611063,0.018320549624442902,0.));
#882=CARTESIAN_POINT('',(0.010004122454887151,0.018307443661478556,0.));
#883=CARTESIAN_POINT('',(0.009988027193783968,0.01829693198315495,0.));
#884=CARTESIAN_POINT('',(0.009972336528999407,0.018287823134987835,0.));
#885=CARTESIAN_POINT('',(0.009956086175145906,0.01828122580126613,0.));
#886=CARTESIAN_POINT('',(0.009939382749969985,0.01827629145780084,0.));
#887=CARTESIAN_POINT('',(0.009921683278733093,0.01827300520791556,0.));
#888=CARTESIAN_POINT('',(0.009902838874890655,0.01827078650395777,0.));
#889=CARTESIAN_POINT('',(0.00988983495836091,0.018270606583028554,0.));
#890=CARTESIAN_POINT('',(0.00988313973410088,0.018270513948554366,0.));
#891=B_SPLINE_CURVE_WITH_KNOTS('',3,(#872,#873,#874,#875,#876,#877,#878,#879,#880,#881,#882,#883,#884,#885,#886,#887,#888,#889,#890),.UNSPECIFIED.,.F.,.F.,(4,1,1,1,1,1,1,1,1,1,1,1,1,1,1,1,4),(0.,0.10687929048071575,0.20494002534631126,0.29332878704977966,0.37248465616867743,0.4441554510795237,0.5103337475008524,0.5711252881572205,0.626303065426242,0.6775919997301714,0.725413420161691,0.7710174919025499,0.81407229923282,0.8572152701530349,0.9020600507410851,0.9495744283805088,1.),.UNSPECIFIED.);
#892=CARTESIAN_POINT('',(0.010174821321587818,0.018514673191954004,0.));
#893=VERTEX_POINT('',#892);
#894=TRIMMED_CURVE('',#891,(PARAMETER_VALUE(0.)),(PARAMETER_VALUE(1.)),.T.,.PARAMETER.);
#895=EDGE_CURVE('',#869,#893,#894,.T.);
#896=ORIENTED_EDGE('',*,*,#895,.T.);
#897=CARTESIAN_POINT('',(0.010541271397105437,0.018743625285245702,0.));
#898=CARTESIAN_POINT('',(0.010531407334355274,0.018743492688808462,0.));
#899=CARTESIAN_POINT('',(0.010512131594711824,0.018743233577074622,0.));
#900=CARTESIAN_POINT('',(0.01048391755559106,0.018740342543868155,0.));
#901=CARTESIAN_POINT('',(0.010457148265951432,0.018736036723889883,0.));
#902=CARTESIAN_POINT('',(0.010431748950585917,0.018729817191065666,0.));
#903=CARTESIAN_POINT('',(0.010407429127172388,0.018721990826239116,0.));
#904=CARTESIAN_POINT('',(0.010383984854508933,0.01871216523628834,0.));
#905=CARTESIAN_POINT('',(0.01036107726504245,0.01870085459548698,0.));
#906=CARTESIAN_POINT('',(0.010339063223180374,0.018687327378891908,0.));
#907=CARTESIAN_POINT('',(0.010317417300774978,0.018672321901165967,0.));
#908=CARTESIAN_POINT('',(0.010296283702103512,0.018655422500646685,0.));
#909=CARTESIAN_POINT('',(0.010275752888095494,0.01863644174044047,0.));
#910=CARTESIAN_POINT('',(0.010255521344914628,0.01861572443344457,0.));
#911=CARTESIAN_POINT('',(0.010235323790026401,0.018593151383844476,0.));
#912=CARTESIAN_POINT('',(0.01021518481612249,0.018568711173731125,0.));
#913=CARTESIAN_POINT('',(0.0101948190308362,0.018542443977052545,0.));
#914=CARTESIAN_POINT('',(0.010181594147527381,0.018524078603911007,0.));
#915=CARTESIAN_POINT('',(0.010174821321587816,0.018514673191954,0.));
#916=B_SPLINE_CURVE_WITH_KNOTS('',3,(#897,#898,#899,#900,#901,#902,#903,#904,#905,#906,#907,#908,#909,#910,#911,#912,#913,#914,#915),.UNSPECIFIED.,.F.,.F.,(4,1,1,1,1,1,1,1,1,1,1,1,1,1,1,1,4),(0.,0.06536284065744508,0.12772800931829506,0.18780206407794403,0.2449631239001149,0.30089746249269633,0.35697180242986054,0.4133231691732024,0.47006931324001516,0.5280681987273931,0.5878332939645949,0.6492695827606697,0.7132925062353294,0.7797212638555788,0.84999136980256,0.9231764607645334,1.),.UNSPECIFIED.);
#917=CARTESIAN_POINT('',(0.010541271397105437,0.018743625285245702,0.));
#918=VERTEX_POINT('',#917);
#919=TRIMMED_CURVE('',#916,(PARAMETER_VALUE(0.)),(PARAMETER_VALUE(1.)),.T.,.PARAMETER.);
#920=EDGE_CURVE('',#893,#918,#919,.T.);
#921=ORIENTED_EDGE('',*,*,#920,.T.);
#922=CARTESIAN_POINT('',(0.010815844940720945,0.018448986751904446,0.));
#923=CARTESIAN_POINT('',(0.01081569689922203,0.01845934984019824,0.));
#924=CARTESIAN_POINT('',(0.010815405913038733,0.018479719233455337,0.));
#925=CARTESIAN_POINT('',(0.010811488136642533,0.018509539414701254,0.));
#926=CARTESIAN_POINT('',(0.010806250577564642,0.018538307272073604,0.));
#927=CARTESIAN_POINT('',(0.010798110292969254,0.018565681004923444,0.));
#928=CARTESIAN_POINT('',(0.010788058764264802,0.01859174485299316,0.));
#929=CARTESIAN_POINT('',(0.010775754251047716,0.018616034814545122,0.));
#930=CARTESIAN_POINT('',(0.010761639941005572,0.01863872125550951,0.));
#931=CARTESIAN_POINT('',(0.01074492811441086,0.01865915876368361,0.));
#932=CARTESIAN_POINT('',(0.0107266945863593,0.018678168605314016,0.));
#933=CARTESIAN_POINT('',(0.010705882561334815,0.018694660827180524,0.));
#934=CARTESIAN_POINT('',(0.010683319391270374,0.018709311966228763,0.));
#935=CARTESIAN_POINT('',(0.010658581543508641,0.018721583844253067,0.));
#936=CARTESIAN_POINT('',(0.010631969099428241,0.018731637936626872,0.));
#937=CARTESIAN_POINT('',(0.010603287567456559,0.018738437154356073,0.));
#938=CARTESIAN_POINT('',(0.010572875302432509,0.018742799399010183,0.));
#939=CARTESIAN_POINT('',(0.010551988434431506,0.018743345223224205,0.));
#940=CARTESIAN_POINT('',(0.010541271397105437,0.018743625285245702,0.));
#941=B_SPLINE_CURVE_WITH_KNOTS('',3,(#922,#923,#924,#925,#926,#927,#928,#929,#930,#931,#932,#933,#934,#935,#936,#937,#938,#939,#940),.UNSPECIFIED.,.F.,.F.,(4,1,1,1,1,1,1,1,1,1,1,1,1,1,1,1,4),(0.,0.06845372137377556,0.1345506986955658,0.19853464777810764,0.261568764415282,0.3230177496278537,0.3829607881609967,0.4413219564581345,0.4992510070140163,0.5571744487283106,0.6151034992841947,0.6743578382505943,0.7347167840321541,0.7973043275934768,0.861983546071309,0.9291838542621921,0.9999999999999999),.UNSPECIFIED.);
#942=CARTESIAN_POINT('',(0.010815844940720945,0.018448986751904446,0.));
#943=VERTEX_POINT('',#942);
#944=TRIMMED_CURVE('',#941,(PARAMETER_VALUE(0.)),(PARAMETER_VALUE(0.9999999999999999)),.T.,.PARAMETER.);
#945=EDGE_CURVE('',#918,#943,#944,.T.);
#946=ORIENTED_EDGE('',*,*,#945,.T.);
#947=CARTESIAN_POINT('',(0.010720800252546347,0.018188775516724213,0.));
#948=CARTESIAN_POINT('',(0.01072823208737448,0.01819715028102396,0.));
#949=CARTESIAN_POINT('',(0.01074291700939059,0.01821369838300539,0.));
#950=CARTESIAN_POINT('',(0.010761733809123849,0.01824098893649901,0.));
#951=CARTESIAN_POINT('',(0.01077829300247405,0.018269339763839303,0.));
#952=CARTESIAN_POINT('',(0.010792031640817679,0.01829966266700914,0.));
#953=CARTESIAN_POINT('',(0.010803060991039308,0.0183324259349746,0.));
#954=CARTESIAN_POINT('',(0.010810329214087443,0.018368397050166706,0.));
#955=CARTESIAN_POINT('',(0.010815168341496264,0.018407598699732533,0.));
#956=CARTESIAN_POINT('',(0.01081561333846718,0.018434819478558018,0.));
#957=CARTESIAN_POINT('',(0.010815844940720945,0.018448986751904446,0.));
#958=B_SPLINE_CURVE_WITH_KNOTS('',3,(#947,#948,#949,#950,#951,#952,#953,#954,#955,#956,#957),.UNSPECIFIED.,.F.,.F.,(4,1,1,1,1,1,1,1,4),(0.,0.11803603206374576,0.233233106767345,0.3490488123272199,0.4640709228416423,0.5838701693636449,0.7129500689291857,0.8506025538936073,1.),.UNSPECIFIED.);
#959=CARTESIAN_POINT('',(0.010720800252546347,0.018188775516724213,0.));
#960=VERTEX_POINT('',#959);
#961=TRIMMED_CURVE('',#958,(PARAMETER_VALUE(0.)),(PARAMETER_VALUE(1.)),.T.,.PARAMETER.);
#962=EDGE_CURVE('',#943,#960,#961,.T.);
#963=ORIENTED_EDGE('',*,*,#962,.T.);
#964=CARTESIAN_POINT('',(0.01059956547251919,0.01818877551672421,0.));
#965=DIRECTION('',(1.,0.,0.));
#966=VECTOR('',#965,1.);
#967=LINE('',#964,#966);
#968=CARTESIAN_POINT('',(0.01059956547251919,0.01818877551672421,0.));
#969=VERTEX_POINT('',#968);
#970=EDGE_CURVE('',#960,#969,#967,.T.);
#971=ORIENTED_EDGE('',*,*,#970,.T.);
#972=CARTESIAN_POINT('',(0.010721222673382678,0.018433568391378344,0.));
#973=CARTESIAN_POINT('',(0.010720761158307321,0.018422270462386734,0.));
#974=CARTESIAN_POINT('',(0.01071983573893404,0.018399616116028215,0.));
#975=CARTESIAN_POINT('',(0.010712778732182791,0.01836620498582568,0.));
#976=CARTESIAN_POINT('',(0.010701824854215279,0.018333754996874077,0.));
#977=CARTESIAN_POINT('',(0.010687675418072558,0.01830215592006942,0.));
#978=CARTESIAN_POINT('',(0.010669915305857373,0.018271664407028987,0.));
#979=CARTESIAN_POINT('',(0.010649355222609019,0.0182421597833533,0.));
#980=CARTESIAN_POINT('',(0.010625733268149697,0.018214356219429725,0.));
#981=CARTESIAN_POINT('',(0.010608290252130672,0.01819730454976023,0.));
#982=CARTESIAN_POINT('',(0.01059956547251919,0.01818877551672421,0.));
#983=B_SPLINE_CURVE_WITH_KNOTS('',3,(#972,#973,#974,#975,#976,#977,#978,#979,#980,#981,#982),.UNSPECIFIED.,.F.,.F.,(4,1,1,1,1,1,1,1,4),(0.,0.12061307993718844,0.24185056308043962,0.3631393518337253,0.4860033856571386,0.6110009717789585,0.7395212487425126,0.8697117691276984,1.),.UNSPECIFIED.);
#984=CARTESIAN_POINT('',(0.010721222673382678,0.018433568391378344,0.));
#985=VERTEX_POINT('',#984);
#986=TRIMMED_CURVE('',#983,(PARAMETER_VALUE(0.)),(PARAMETER_VALUE(1.)),.T.,.PARAMETER.);
#987=EDGE_CURVE('',#969,#985,#986,.T.);
#988=ORIENTED_EDGE('',*,*,#987,.T.);
#989=CARTESIAN_POINT('',(0.010531344507451645,0.018621968084382216,0.));
#990=CARTESIAN_POINT('',(0.010539098375770732,0.018621837083980016,0.));
#991=CARTESIAN_POINT('',(0.01055409556797407,0.018621583708744636,0.));
#992=CARTESIAN_POINT('',(0.01057587489116081,0.018618740845497566,0.));
#993=CARTESIAN_POINT('',(0.010596160902787137,0.01861423502749757,0.));
#994=CARTESIAN_POINT('',(0.010614855535166605,0.01860757107452751,0.));
#995=CARTESIAN_POINT('',(0.010632013469352731,0.018599524351364645,0.));
#996=CARTESIAN_POINT('',(0.010647724242291882,0.01859028515974743,0.));
#997=CARTESIAN_POINT('',(0.010661862941954063,0.018579546572979562,0.));
#998=CARTESIAN_POINT('',(0.010674496885848674,0.018567593180458804,0.));
#999=CARTESIAN_POINT('',(0.010685584163609272,0.018554267703997783,0.));
#1000=CARTESIAN_POINT('',(0.010695342914567117,0.01853997767868373,0.));
#1001=CARTESIAN_POINT('',(0.010703420404124241,0.018524350495804053,0.));
#1002=CARTESIAN_POINT('',(0.010709893425965358,0.018507686807054335,0.));
#1003=CARTESIAN_POINT('',(0.010714975639647515,0.018490150319954445,0.));
#1004=CARTESIAN_POINT('',(0.010718456936720872,0.018471899613718482,0.));
#1005=CARTESIAN_POINT('',(0.0107209987166171,0.018453000245398844,0.));
#1006=CARTESIAN_POINT('',(0.010721147108547218,0.018440124857078202,0.));
#1007=CARTESIAN_POINT('',(0.010721222673382678,0.018433568391378344,0.));
#1008=B_SPLINE_CURVE_WITH_KNOTS('',3,(#989,#990,#991,#992,#993,#994,#995,#996,#997,#998,#999,#1000,#1001,#1002,#1003,#1004,#1005,#1006,#1007),.UNSPECIFIED.,.F.,.F.,(4,1,1,1,1,1,1,1,1,1,1,1,1,1,1,1,4),(0.,0.07682455400343034,0.14859068466358683,0.21733017099849689,0.2824487332283102,0.3448942240460176,0.4049822754746332,0.46277269135481114,0.5205335975922462,0.5770110048034718,0.6343104429683478,0.691749982958298,0.7509806977730163,0.8112831983345559,0.8724678301927133,0.935057469635359,1.),.UNSPECIFIED.);
#1009=CARTESIAN_POINT('',(0.010531344507451645,0.018621968084382216,0.));
#1010=VERTEX_POINT('',#1009);
#1011=TRIMMED_CURVE('',#1008,(PARAMETER_VALUE(0.)),(PARAMETER_VALUE(1.)),.T.,.PARAMETER.);
#1012=EDGE_CURVE('',#985,#1010,#1011,.T.);
#1013=ORIENTED_EDGE('',*,*,#1012,.T.);
#1014=CARTESIAN_POINT('',(0.010228257557383756,0.018426387237160707,0.));
#1015=CARTESIAN_POINT('',(0.01023471225692731,0.01843539935776535,0.));
#1016=CARTESIAN_POINT('',(0.01024720592367931,0.01845284314903766,0.));
#1017=CARTESIAN_POINT('',(0.0102668583974663,0.01847701086504053,0.));
#1018=CARTESIAN_POINT('',(0.010285484508959728,0.01849941380268903,0.));
#1019=CARTESIAN_POINT('',(0.010304257405992489,0.01851920486908713,0.));
#1020=CARTESIAN_POINT('',(0.010322387197874934,0.018537454411881617,0.));
#1021=CARTESIAN_POINT('',(0.010340792125826895,0.01855337554190959,0.));
#1022=CARTESIAN_POINT('',(0.010358971208822272,0.018567771490145945,0.));
#1023=CARTESIAN_POINT('',(0.010377399437739873,0.01857989350363863,0.));
#1024=CARTESIAN_POINT('',(0.010395635306253684,0.018590675992918762,0.));
#1025=CARTESIAN_POINT('',(0.010414132851728482,0.018599484547495417,0.));
#1026=CARTESIAN_POINT('',(0.010432666567640747,0.018607077560869614,0.));
#1027=CARTESIAN_POINT('',(0.010458025379328637,0.018614181499277172,0.));
#1028=CARTESIAN_POINT('',(0.010490810343773221,0.01862087355539708,0.));
#1029=CARTESIAN_POINT('',(0.010517645240692288,0.01862159816816383,0.));
#1030=CARTESIAN_POINT('',(0.010531344507451645,0.018621968084382216,0.));
#1031=B_SPLINE_CURVE_WITH_KNOTS('',3,(#1014,#1015,#1016,#1017,#1018,#1019,#1020,#1021,#1022,#1023,#1024,#1025,#1026,#1027,#1028,#1029,#1030),.UNSPECIFIED.,.F.,.F.,(4,1,1,1,1,1,1,1,1,1,1,1,1,1,4),(0.,0.08817285447746033,0.17066669842346763,0.24776779287246353,0.31989415691013906,0.3876255978419866,0.4523340580398474,0.5134003246456887,0.5719698157363583,0.6276924474855015,0.6818067928859926,0.7348553759626444,0.7867921821815032,0.8911569967909622,1.),.UNSPECIFIED.);
#1032=TRIMMED_CURVE('',#1031,(PARAMETER_VALUE(0.)),(PARAMETER_VALUE(1.)),.T.,.PARAMETER.);
#1033=EDGE_CURVE('',#1010,#834,#1032,.T.);
#1034=ORIENTED_EDGE('',*,*,#1033,.T.);
#1035=EDGE_LOOP('',(#839,#847,#855,#863,#871,#896,#921,#946,#963,#971,#988,#1013,#1034));
#1036=FACE_BOUND('',#1035,.T.);
#1037=CARTESIAN_POINT('',(0.010268387536835255,0.018919352353159627,0.));
#1038=CARTESIAN_POINT('',(0.01029000861060452,0.0189196354830662,0.));
#1039=CARTESIAN_POINT('',(0.010332026451749958,0.018920185710476947,0.));
#1040=CARTESIAN_POINT('',(0.010393077207113821,0.01892444551484742,0.));
#1041=CARTESIAN_POINT('',(0.010450271883889908,0.018931317661345533,0.));
#1042=CARTESIAN_POINT('',(0.01050348714941823,0.018940913157618235,0.));
#1043=CARTESIAN_POINT('',(0.01055272659771014,0.01895327959411228,0.));
#1044=CARTESIAN_POINT('',(0.010597790356598271,0.01896855112527437,0.));
#1045=CARTESIAN_POINT('',(0.010639024791737279,0.018985886461309415,0.));
#1046=CARTESIAN_POINT('',(0.010676043727463993,0.019006185756478784,0.));
#1047=CARTESIAN_POINT('',(0.010708777736974495,0.019029290649809287,0.));
#1048=CARTESIAN_POINT('',(0.010737382657014299,0.019054888505620496,0.));
#1049=CARTESIAN_POINT('',(0.010761533493450645,0.019083362025532725,0.));
#1050=CARTESIAN_POINT('',(0.01078154674857128,0.019114326543011432,0.));
#1051=CARTESIAN_POINT('',(0.010797091669675428,0.019147884398517855,0.));
#1052=CARTESIAN_POINT('',(0.010807722286757603,0.019183913912727377,0.));
#1053=CARTESIAN_POINT('',(0.010814840473835323,0.01922208847163459,0.));
#1054=CARTESIAN_POINT('',(0.01081550512031405,0.01924845498317784,0.));
#1055=CARTESIAN_POINT('',(0.010815844940720945,0.019261935651424516,0.));
#1056=B_SPLINE_CURVE_WITH_KNOTS('',3,(#1037,#1038,#1039,#1040,#1041,#1042,#1043,#1044,#1045,#1046,#1047,#1048,#1049,#1050,#1051,#1052,#1053,#1054,#1055),.UNSPECIFIED.,.F.,.F.,(4,1,1,1,1,1,1,1,1,1,1,1,1,1,1,1,4),(0.,0.08926761439691079,0.1734803960797661,0.2525530411572923,0.32701951696035875,0.39660825267745753,0.4619688713790854,0.5233089957169025,0.5810783152598848,0.6359248744476097,0.6884094276150146,0.7391427587707798,0.7896205973074935,0.8402163231132901,0.8912543916232923,0.9444005526705761,1.),.UNSPECIFIED.);
#1057=CARTESIAN_POINT('',(0.010815844940720945,0.019261935651424516,0.));
#1058=VERTEX_POINT('',#1057);
#1059=CARTESIAN_POINT('',(0.010268387536835255,0.018919352353159627,0.));
#1060=VERTEX_POINT('',#1059);
#1061=TRIMMED_CURVE('',#1056,(PARAMETER_VALUE(0.)),(PARAMETER_VALUE(1.)),.T.,.PARAMETER.);
#1062=EDGE_CURVE('',#1058,#1060,#1061,.T.);
#1063=ORIENTED_EDGE('',*,*,#1062,.T.);
#1064=CARTESIAN_POINT('',(0.009761482533237394,0.019240603399189773,0.));
#1065=CARTESIAN_POINT('',(0.009761862107441021,0.019228112703044132,0.));
#1066=CARTESIAN_POINT('',(0.009762602857187433,0.019203736757803503,0.));
#1067=CARTESIAN_POINT('',(0.009769168984903443,0.01916824560310297,0.));
#1068=CARTESIAN_POINT('',(0.009779687325116615,0.01913483552291735,0.));
#1069=CARTESIAN_POINT('',(0.009794585925069198,0.019103579694056357,0.));
#1070=CARTESIAN_POINT('',(0.009813576200298433,0.019074674832941504,0.));
#1071=CARTESIAN_POINT('',(0.009836383614653707,0.01904801098669418,0.));
#1072=CARTESIAN_POINT('',(0.009863247270676122,0.019023885576004415,0.));
#1073=CARTESIAN_POINT('',(0.009893900449436159,0.01900209572261184,0.));
#1074=CARTESIAN_POINT('',(0.009928183519632594,0.018982609102467043,0.));
#1075=CARTESIAN_POINT('',(0.009966403622453667,0.01896608087862929,0.));
#1076=CARTESIAN_POINT('',(0.010007975782130843,0.0189514039319004,0.));
#1077=CARTESIAN_POINT('',(0.010053382911512736,0.018939768765138688,0.));
#1078=CARTESIAN_POINT('',(0.010102191206587693,0.01893046027062571,0.));
#1079=CARTESIAN_POINT('',(0.010154551100579591,0.01892410416998421,0.));
#1080=CARTESIAN_POINT('',(0.010210307962920322,0.018919963843181595,0.));
#1081=CARTESIAN_POINT('',(0.01024866664762846,0.018919559984279508,0.));
#1082=CARTESIAN_POINT('',(0.010268387536835255,0.018919352353159627,0.));
#1083=B_SPLINE_CURVE_WITH_KNOTS('',3,(#1064,#1065,#1066,#1067,#1068,#1069,#1070,#1071,#1072,#1073,#1074,#1075,#1076,#1077,#1078,#1079,#1080,#1081,#1082),.UNSPECIFIED.,.F.,.F.,(4,1,1,1,1,1,1,1,1,1,1,1,1,1,1,1,4),(0.,0.05560346552068954,0.10851172864331725,0.16019065677036698,0.21125682259744455,0.2622342983467065,0.3138417947423511,0.36713538924212824,0.42266449961136965,0.48109658322950266,0.5424634412610565,0.6079316349458072,0.6773114379131157,0.7510657410246947,0.8291434976952492,0.9121596014605431,1.),.UNSPECIFIED.);
#1084=CARTESIAN_POINT('',(0.009761482533237394,0.019240603399189773,0.));
#1085=VERTEX_POINT('',#1084);
#1086=TRIMMED_CURVE('',#1083,(PARAMETER_VALUE(0.)),(PARAMETER_VALUE(1.)),.T.,.PARAMETER.);
#1087=EDGE_CURVE('',#1060,#1085,#1086,.T.);
#1088=ORIENTED_EDGE('',*,*,#1087,.T.);
#1089=CARTESIAN_POINT('',(0.010293310366178818,0.019581708224527504,0.));
#1090=CARTESIAN_POINT('',(0.010272604925051835,0.019581417728842934,0.));
#1091=CARTESIAN_POINT('',(0.010232275829718583,0.01958085191485785,0.));
#1092=CARTESIAN_POINT('',(0.010173667962490201,0.019576675164722772,0.));
#1093=CARTESIAN_POINT('',(0.010118645754999425,0.019569544593924137,0.));
#1094=CARTESIAN_POINT('',(0.010067327320183117,0.01955951876994299,0.));
#1095=CARTESIAN_POINT('',(0.010019809585075859,0.019546592052421197,0.));
#1096=CARTESIAN_POINT('',(0.009975903731757422,0.01953161343598565,0.));
#1097=CARTESIAN_POINT('',(0.009936160690755966,0.019513294375141026,0.));
#1098=CARTESIAN_POINT('',(0.009899992616669245,0.019492935820788034,0.));
#1099=CARTESIAN_POINT('',(0.00986785225683722,0.0194698219961036,0.));
#1100=CARTESIAN_POINT('',(0.009839790422984678,0.01944420902348961,0.));
#1101=CARTESIAN_POINT('',(0.009815755632772519,0.019416032842258037,0.));
#1102=CARTESIAN_POINT('',(0.009796128449561285,0.019385286061925317,0.));
#1103=CARTESIAN_POINT('',(0.00978043401288439,0.019352268797408454,0.));
#1104=CARTESIAN_POINT('',(0.0097696113945074,0.019316894817016726,0.));
#1105=CARTESIAN_POINT('',(0.009762504450490489,0.01927946890264361,0.));
#1106=CARTESIAN_POINT('',(0.009761827733253797,0.0192537320281361,0.));
#1107=CARTESIAN_POINT('',(0.009761482533237394,0.019240603399189773,0.));
#1108=B_SPLINE_CURVE_WITH_KNOTS('',3,(#1089,#1090,#1091,#1092,#1093,#1094,#1095,#1096,#1097,#1098,#1099,#1100,#1101,#1102,#1103,#1104,#1105,#1106,#1107),.UNSPECIFIED.,.F.,.F.,(4,1,1,1,1,1,1,1,1,1,1,1,1,1,1,1,4),(0.,0.08761252995940348,0.1706476114877627,0.24847022097941102,0.3222629765944557,0.3917141549787829,0.4567257052156475,0.5183161138530104,0.5766265425532776,0.6321080041528256,0.6854551819102931,0.7370284564163255,0.7883481285107397,0.8393903386972642,0.8912142620642988,0.9445073414958353,1.),.UNSPECIFIED.);
#1109=CARTESIAN_POINT('',(0.010293310366178818,0.019581708224527504,0.));
#1110=VERTEX_POINT('',#1109);
#1111=TRIMMED_CURVE('',#1108,(PARAMETER_VALUE(0.)),(PARAMETER_VALUE(1.)),.T.,.PARAMETER.);
#1112=EDGE_CURVE('',#1085,#1110,#1111,.T.);
#1113=ORIENTED_EDGE('',*,*,#1112,.T.);
#1114=CARTESIAN_POINT('',(0.010815844940720945,0.019261935651424516,0.));
#1115=CARTESIAN_POINT('',(0.010815447259499731,0.019274845848464384,0.));
#1116=CARTESIAN_POINT('',(0.010814671090517878,0.01930004315212715,0.));
#1117=CARTESIAN_POINT('',(0.010808396565449014,0.019336565564856044,0.));
#1118=CARTESIAN_POINT('',(0.010798418473279763,0.019370678048012086,0.));
#1119=CARTESIAN_POINT('',(0.010783792747932463,0.019402099922371435,0.));
#1120=CARTESIAN_POINT('',(0.010765236236839943,0.019431059447505315,0.));
#1121=CARTESIAN_POINT('',(0.010742744851746014,0.019457745881696367,0.));
#1122=CARTESIAN_POINT('',(0.010715684593893469,0.019481414510998493,0.));
#1123=CARTESIAN_POINT('',(0.010684955763126796,0.019502898812117333,0.));
#1124=CARTESIAN_POINT('',(0.010649923552167827,0.01952136939902755,0.));
#1125=CARTESIAN_POINT('',(0.010611080080332345,0.019537696713228733,0.));
#1126=CARTESIAN_POINT('',(0.010568004813046584,0.01955133732113078,0.));
#1127=CARTESIAN_POINT('',(0.010520867172531576,0.019562303831393707,0.));
#1128=CARTESIAN_POINT('',(0.010469770342510397,0.019571307040371272,0.));
#1129=CARTESIAN_POINT('',(0.010414581515079612,0.019577110466196375,0.));
#1130=CARTESIAN_POINT('',(0.010355323296417352,0.019581071247431966,0.));
#1131=CARTESIAN_POINT('',(0.01031443860793608,0.01958149120194823,0.));
#1132=CARTESIAN_POINT('',(0.010293310366178816,0.0195817082245275,0.));
#1133=B_SPLINE_CURVE_WITH_KNOTS('',3,(#1114,#1115,#1116,#1117,#1118,#1119,#1120,#1121,#1122,#1123,#1124,#1125,#1126,#1127,#1128,#1129,#1130,#1131,#1132),.UNSPECIFIED.,.F.,.F.,(4,1,1,1,1,1,1,1,1,1,1,1,1,1,1,1,4),(0.,0.05600840772502456,0.10931365747226474,0.16036273758288647,0.2098597138057291,0.2591979424927096,0.30928387655575595,0.3608027936550088,0.41480516944806045,0.47168307957627376,0.5323569893762716,0.5974966026462478,0.667543911872201,0.7423037968749449,0.8225564895742005,0.908301383089863,1.),.UNSPECIFIED.);
#1134=TRIMMED_CURVE('',#1133,(PARAMETER_VALUE(0.)),(PARAMETER_VALUE(1.)),.T.,.PARAMETER.);
#1135=EDGE_CURVE('',#1110,#1058,#1134,.T.);
#1136=ORIENTED_EDGE('',*,*,#1135,.T.);
#1137=EDGE_LOOP('',(#1063,#1088,#1113,#1136));
#1138=FACE_BOUND('',#1137,.T.);
#1139=CARTESIAN_POINT('',(0.01031612109134072,0.020067280975890618,0.));
#1140=DIRECTION('',(-1.,0.,0.));
#1141=VECTOR('',#1140,1.);
#1142=LINE('',#1139,#1141);
#1143=CARTESIAN_POINT('',(0.010313164145486399,0.020067280975890618,0.));
#1144=VERTEX_POINT('',#1143);
#1145=CARTESIAN_POINT('',(0.01031612109134072,0.020067280975890618,0.));
#1146=VERTEX_POINT('',#1145);
#1147=EDGE_CURVE('',#1144,#1146,#1142,.T.);
#1148=ORIENTED_EDGE('',*,*,#1147,.T.);
#1149=CARTESIAN_POINT('',(0.010573797801502966,0.02027109902942059,0.));
#1150=CARTESIAN_POINT('',(0.010565626358043962,0.02027092142811662,0.));
#1151=CARTESIAN_POINT('',(0.010549602054829348,0.020270573149729777,0.));
#1152=CARTESIAN_POINT('',(0.010526144167027622,0.020268299089961677,0.));
#1153=CARTESIAN_POINT('',(0.010503853345185237,0.020264220322855745,0.));
#1154=CARTESIAN_POINT('',(0.010482626752078443,0.02025878777063612,0.));
#1155=CARTESIAN_POINT('',(0.010462508259877323,0.020251653220988715,0.));
#1156=CARTESIAN_POINT('',(0.010443592698695093,0.020242607659905376,0.));
#1157=CARTESIAN_POINT('',(0.01042564159404152,0.02023235164734671,0.));
#1158=CARTESIAN_POINT('',(0.010408811960693211,0.020220474963409858,0.));
#1159=CARTESIAN_POINT('',(0.010393307081714181,0.02020681769367459,0.));
#1160=CARTESIAN_POINT('',(0.010378969889304254,0.020191548878502486,0.));
#1161=CARTESIAN_POINT('',(0.010365553195366905,0.02017478082243051,0.));
#1162=CARTESIAN_POINT('',(0.01035337878735895,0.0201563416828674,0.));
#1163=CARTESIAN_POINT('',(0.010342077557016733,0.020136438543206167,0.));
#1164=CARTESIAN_POINT('',(0.010332220822732507,0.020114851922291312,0.));
#1165=CARTESIAN_POINT('',(0.010323545100056475,0.020091657449726758,0.));
#1166=CARTESIAN_POINT('',(0.010318638535437455,0.02007554691583055,0.));
#1167=CARTESIAN_POINT('',(0.01031612109134072,0.020067280975890618,0.));
#1168=B_SPLINE_CURVE_WITH_KNOTS('',3,(#1149,#1150,#1151,#1152,#1153,#1154,#1155,#1156,#1157,#1158,#1159,#1160,#1161,#1162,#1163,#1164,#1165,#1166,#1167),.UNSPECIFIED.,.F.,.F.,(4,1,1,1,1,1,1,1,1,1,1,1,1,1,1,1,4),(0.,0.06855762196504084,0.13444235740631624,0.1974691632037517,0.25849925039709,0.31809769512390246,0.3762262492277097,0.43417747633978776,0.4913742676421226,0.5487172646352493,0.6072137719876413,0.6668970377470932,0.7286573356156866,0.7923969533144861,0.8587328960850976,0.9275191372320927,0.9999999999999999),.UNSPECIFIED.);
#1169=CARTESIAN_POINT('',(0.010573797801502966,0.02027109902942059,0.));
#1170=VERTEX_POINT('',#1169);
#1171=TRIMMED_CURVE('',#1168,(PARAMETER_VALUE(0.)),(PARAMETER_VALUE(0.9999999999999999)),.T.,.PARAMETER.);
#1172=EDGE_CURVE('',#1146,#1170,#1171,.T.);
#1173=ORIENTED_EDGE('',*,*,#1172,.T.);
#1174=CARTESIAN_POINT('',(0.010815844940720945,0.01998828827949662,0.));
#1175=CARTESIAN_POINT('',(0.01081566809550917,0.01999871810983314,0.));
#1176=CARTESIAN_POINT('',(0.01081532059814884,0.020019212521156404,0.));
#1177=CARTESIAN_POINT('',(0.010811837169269733,0.02004907989774463,0.));
#1178=CARTESIAN_POINT('',(0.01080642572675458,0.02007751862219256,0.));
#1179=CARTESIAN_POINT('',(0.010798535099717134,0.02010424798947088,0.));
#1180=CARTESIAN_POINT('',(0.010788994843630093,0.02012943640175319,0.));
#1181=CARTESIAN_POINT('',(0.010777143589896192,0.02015252814439304,0.));
#1182=CARTESIAN_POINT('',(0.010764175920124361,0.020174085480965206,0.));
#1183=CARTESIAN_POINT('',(0.010749050478965398,0.020193541838619464,0.));
#1184=CARTESIAN_POINT('',(0.010732372936930433,0.02021120017049803,0.));
#1185=CARTESIAN_POINT('',(0.010713890224735588,0.020226636559568665,0.));
#1186=CARTESIAN_POINT('',(0.010693892905020637,0.020240091105844044,0.));
#1187=CARTESIAN_POINT('',(0.010672337107852257,0.020251234563797932,0.));
#1188=CARTESIAN_POINT('',(0.010649427740631844,0.020260206592951052,0.));
#1189=CARTESIAN_POINT('',(0.010625250004477624,0.02026647328416817,0.));
#1190=CARTESIAN_POINT('',(0.010599906032067194,0.020270414793954788,0.));
#1191=CARTESIAN_POINT('',(0.010582613021655588,0.020270868003183385,0.));
#1192=CARTESIAN_POINT('',(0.010573797801502966,0.02027109902942059,0.));
#1193=B_SPLINE_CURVE_WITH_KNOTS('',3,(#1174,#1175,#1176,#1177,#1178,#1179,#1180,#1181,#1182,#1183,#1184,#1185,#1186,#1187,#1188,#1189,#1190,#1191,#1192),.UNSPECIFIED.,.F.,.F.,(4,1,1,1,1,1,1,1,1,1,1,1,1,1,1,1,4),(0.,0.07483943340739345,0.1470580135977952,0.2155463383670512,0.28239847362859016,0.3468759838322099,0.40857832397861127,0.4684721351271141,0.5272032670923265,0.5851132504548159,0.64250933457381,0.6996981193952642,0.757790850531327,0.8163543126825215,0.8759295772714977,0.9367543264736236,1.),.UNSPECIFIED.);
#1194=CARTESIAN_POINT('',(0.010815844940720945,0.01998828827949662,0.));
#1195=VERTEX_POINT('',#1194);
#1196=TRIMMED_CURVE('',#1193,(PARAMETER_VALUE(0.)),(PARAMETER_VALUE(1.)),.T.,.PARAMETER.);
#1197=EDGE_CURVE('',#1170,#1195,#1196,.T.);
#1198=ORIENTED_EDGE('',*,*,#1197,.T.);
#1199=CARTESIAN_POINT('',(0.010760719021579677,0.019756168029932433,0.));
#1200=CARTESIAN_POINT('',(0.010765144849176336,0.019764411473957157,0.));
#1201=CARTESIAN_POINT('',(0.01077406371707104,0.019781023550828256,0.));
#1202=CARTESIAN_POINT('',(0.010785120165693215,0.01980729492502182,0.));
#1203=CARTESIAN_POINT('',(0.010794684637594622,0.01983465184282803,0.));
#1204=CARTESIAN_POINT('',(0.010802536747511485,0.019863146415661753,0.));
#1205=CARTESIAN_POINT('',(0.010808293383476482,0.019892832780205878,0.));
#1206=CARTESIAN_POINT('',(0.010812871415066788,0.019923538471792297,0.));
#1207=CARTESIAN_POINT('',(0.010815359770572984,0.019955509013668802,0.));
#1208=CARTESIAN_POINT('',(0.01081568128084657,0.019977231023501005,0.));
#1209=CARTESIAN_POINT('',(0.010815844940720945,0.01998828827949662,0.));
#1210=B_SPLINE_CURVE_WITH_KNOTS('',3,(#1199,#1200,#1201,#1202,#1203,#1204,#1205,#1206,#1207,#1208,#1209),.UNSPECIFIED.,.F.,.F.,(4,1,1,1,1,1,1,1,4),(0.,0.1163071495389288,0.23438059420365465,0.3540053905828854,0.47656775558594405,0.6015764691938252,0.729860070480304,0.8624894115042243,1.),.UNSPECIFIED.);
#1211=CARTESIAN_POINT('',(0.010760719021579677,0.019756168029932433,0.));
#1212=VERTEX_POINT('',#1211);
#1213=TRIMMED_CURVE('',#1210,(PARAMETER_VALUE(0.)),(PARAMETER_VALUE(1.)),.T.,.PARAMETER.);
#1214=EDGE_CURVE('',#1195,#1212,#1213,.T.);
#1215=ORIENTED_EDGE('',*,*,#1214,.T.);
#1216=CARTESIAN_POINT('',(0.01065363533956963,0.019756168029932433,0.));
#1217=DIRECTION('',(1.,0.,0.));
#1218=VECTOR('',#1217,1.);
#1219=LINE('',#1216,#1218);
#1220=CARTESIAN_POINT('',(0.01065363533956963,0.019756168029932433,0.));
#1221=VERTEX_POINT('',#1220);
#1222=EDGE_CURVE('',#1212,#1221,#1219,.T.);
#1223=ORIENTED_EDGE('',*,*,#1222,.T.);
#1224=CARTESIAN_POINT('',(0.010721222673382678,0.019958085189698913,0.));
#1225=CARTESIAN_POINT('',(0.010721017897698186,0.019949205428037315,0.));
#1226=CARTESIAN_POINT('',(0.010720608674986127,0.01993146015638239,0.));
#1227=CARTESIAN_POINT('',(0.010717361358659947,0.01990510501583333,0.));
#1228=CARTESIAN_POINT('',(0.010712026933493431,0.019879126329983888,0.));
#1229=CARTESIAN_POINT('',(0.010704685197276896,0.019853601365340288,0.));
#1230=CARTESIAN_POINT('',(0.010695032242368929,0.019828504452226416,0.));
#1231=CARTESIAN_POINT('',(0.010683469563661233,0.019803823768136816,0.));
#1232=CARTESIAN_POINT('',(0.01066963387053452,0.01977956525635309,0.));
#1233=CARTESIAN_POINT('',(0.010659026426045874,0.01976405228325637,0.));
#1234=CARTESIAN_POINT('',(0.01065363533956963,0.019756168029932433,0.));
#1235=B_SPLINE_CURVE_WITH_KNOTS('',3,(#1224,#1225,#1226,#1227,#1228,#1229,#1230,#1231,#1232,#1233,#1234),.UNSPECIFIED.,.F.,.F.,(4,1,1,1,1,1,1,1,4),(0.,0.1230335798413802,0.24586969562550587,0.367377266805391,0.49027536625222684,0.6134945055477669,0.7396341611030872,0.8676726751240145,1.),.UNSPECIFIED.);
#1236=CARTESIAN_POINT('',(0.010721222673382678,0.019958085189698913,0.));
#1237=VERTEX_POINT('',#1236);
#1238=TRIMMED_CURVE('',#1235,(PARAMETER_VALUE(0.)),(PARAMETER_VALUE(1.)),.T.,.PARAMETER.);
#1239=EDGE_CURVE('',#1221,#1237,#1238,.T.);
#1240=ORIENTED_EDGE('',*,*,#1239,.T.);
#1241=CARTESIAN_POINT('',(0.010545918026305084,0.020149441828557105,0.));
#1242=CARTESIAN_POINT('',(0.010553032789616014,0.020149249237844665,0.));
#1243=CARTESIAN_POINT('',(0.010566801362081405,0.020148876534064577,0.));
#1244=CARTESIAN_POINT('',(0.010586757829361542,0.020146880099395217,0.));
#1245=CARTESIAN_POINT('',(0.010605279474180192,0.02014304311580386,0.));
#1246=CARTESIAN_POINT('',(0.010622421037693144,0.020137706599424873,0.));
#1247=CARTESIAN_POINT('',(0.010638425327017947,0.020131302722110642,0.));
#1248=CARTESIAN_POINT('',(0.010652862746444664,0.020122975088948215,0.));
#1249=CARTESIAN_POINT('',(0.010665878368787747,0.020113146136216585,0.));
#1250=CARTESIAN_POINT('',(0.010677645245867454,0.020101854772326375,0.));
#1251=CARTESIAN_POINT('',(0.010687941248283742,0.020088961368317126,0.));
#1252=CARTESIAN_POINT('',(0.010696870019288426,0.020074615817353304,0.));
#1253=CARTESIAN_POINT('',(0.010704591768381925,0.02005888195114333,0.));
#1254=CARTESIAN_POINT('',(0.01071052685071038,0.020041517391178126,0.));
#1255=CARTESIAN_POINT('',(0.010715533452472847,0.02002277171625988,0.));
#1256=CARTESIAN_POINT('',(0.010718704274661756,0.02000252358641805,0.));
#1257=CARTESIAN_POINT('',(0.010720965393256239,0.019980806262467742,0.));
#1258=CARTESIAN_POINT('',(0.01072113490556644,0.019965836192339843,0.));
#1259=CARTESIAN_POINT('',(0.010721222673382678,0.019958085189698913,0.));
#1260=B_SPLINE_CURVE_WITH_KNOTS('',3,(#1241,#1242,#1243,#1244,#1245,#1246,#1247,#1248,#1249,#1250,#1251,#1252,#1253,#1254,#1255,#1256,#1257,#1258,#1259),.UNSPECIFIED.,.F.,.F.,(4,1,1,1,1,1,1,1,1,1,1,1,1,1,1,1,4),(0.,0.07174098734874496,0.13883399065887875,0.20189003227532296,0.2620557718001693,0.3196549803445294,0.3752923508343896,0.4295174680407172,0.48372864861355946,0.5392617994801029,0.5953859611647119,0.653792857290973,0.7155248247991307,0.7800809068506036,0.8491567981547367,0.9218984249319212,0.9999999999999999),.UNSPECIFIED.);
#1261=CARTESIAN_POINT('',(0.010545918026305084,0.020149441828557105,0.));
#1262=VERTEX_POINT('',#1261);
#1263=TRIMMED_CURVE('',#1260,(PARAMETER_VALUE(0.)),(PARAMETER_VALUE(0.9999999999999999)),.T.,.PARAMETER.);
#1264=EDGE_CURVE('',#1237,#1262,#1263,.T.);
#1265=ORIENTED_EDGE('',*,*,#1264,.T.);
#1266=CARTESIAN_POINT('',(0.010356251070792218,0.01989873506219433,0.));
#1267=CARTESIAN_POINT('',(0.010356445585024975,0.019908875388799995,0.));
#1268=CARTESIAN_POINT('',(0.010356821538898836,0.019928474443406723,0.));
#1269=CARTESIAN_POINT('',(0.010358786888766692,0.019956926959831783,0.));
#1270=CARTESIAN_POINT('',(0.010362717956851373,0.019983340802473572,0.));
#1271=CARTESIAN_POINT('',(0.010367565820188255,0.02000798972536998,0.));
#1272=CARTESIAN_POINT('',(0.01037442077969619,0.020030534195058108,0.));
#1273=CARTESIAN_POINT('',(0.010382316937313322,0.020051309453498433,0.));
#1274=CARTESIAN_POINT('',(0.010392155948268693,0.020069890078221714,0.));
#1275=CARTESIAN_POINT('',(0.01040310419659891,0.020086837336169665,0.));
#1276=CARTESIAN_POINT('',(0.010415813721055087,0.020101692418099056,0.));
#1277=CARTESIAN_POINT('',(0.010430114090040202,0.020114411651906645,0.));
#1278=CARTESIAN_POINT('',(0.010445709509802711,0.020125390179182006,0.));
#1279=CARTESIAN_POINT('',(0.010462896112856257,0.02013427847699655,0.));
#1280=CARTESIAN_POINT('',(0.01048167356540197,0.020141010671441566,0.));
#1281=CARTESIAN_POINT('',(0.010501791984812756,0.020145809447156257,0.));
#1282=CARTESIAN_POINT('',(0.01052336787283194,0.020148850111287968,0.));
#1283=CARTESIAN_POINT('',(0.01053823348398468,0.02014924018574337,0.));
#1284=CARTESIAN_POINT('',(0.010545918026305084,0.020149441828557105,0.));
#1285=B_SPLINE_CURVE_WITH_KNOTS('',3,(#1266,#1267,#1268,#1269,#1270,#1271,#1272,#1273,#1274,#1275,#1276,#1277,#1278,#1279,#1280,#1281,#1282,#1283,#1284),.UNSPECIFIED.,.F.,.F.,(4,1,1,1,1,1,1,1,1,1,1,1,1,1,1,1,4),(0.,0.08484841563922188,0.16399360652522035,0.23837777061285054,0.30814854541945763,0.3739293557379914,0.4352898231742236,0.4937758629551441,0.5494821137802829,0.6037850384590588,0.656758844314955,0.7092094311398511,0.7629504479089084,0.8181027987074753,0.8756741437901044,0.935731717065077,1.),.UNSPECIFIED.);
#1286=CARTESIAN_POINT('',(0.010356251070792218,0.01989873506219433,0.));
#1287=VERTEX_POINT('',#1286);
#1288=TRIMMED_CURVE('',#1285,(PARAMETER_VALUE(0.)),(PARAMETER_VALUE(1.)),.T.,.PARAMETER.);
#1289=EDGE_CURVE('',#1262,#1287,#1288,.T.);
#1290=ORIENTED_EDGE('',*,*,#1289,.T.);
#1291=CARTESIAN_POINT('',(0.010356251070792218,0.0198186863137095,0.));
#1292=DIRECTION('',(0.,1.,0.));
#1293=VECTOR('',#1292,1.);
#1294=LINE('',#1291,#1293);
#1295=CARTESIAN_POINT('',(0.010356251070792218,0.0198186863137095,0.));
#1296=VERTEX_POINT('',#1295);
#1297=EDGE_CURVE('',#1287,#1296,#1294,.T.);
#1298=ORIENTED_EDGE('',*,*,#1297,.T.);
#1299=CARTESIAN_POINT('',(0.01026162880345395,0.0198186863137095,0.));
#1300=DIRECTION('',(1.,0.,0.));
#1301=VECTOR('',#1300,1.);
#1302=LINE('',#1299,#1301);
#1303=CARTESIAN_POINT('',(0.01026162880345395,0.0198186863137095,0.));
#1304=VERTEX_POINT('',#1303);
#1305=EDGE_CURVE('',#1296,#1304,#1302,.T.);
#1306=ORIENTED_EDGE('',*,*,#1305,.T.);
#1307=CARTESIAN_POINT('',(0.01026162880345395,0.01990380411223031,0.));
#1308=DIRECTION('',(0.,-1.,0.));
#1309=VECTOR('',#1308,1.);
#1310=LINE('',#1307,#1309);
#1311=CARTESIAN_POINT('',(0.01026162880345395,0.01990380411223031,0.));
#1312=VERTEX_POINT('',#1311);
#1313=EDGE_CURVE('',#1304,#1312,#1310,.T.);
#1314=ORIENTED_EDGE('',*,*,#1313,.T.);
#1315=CARTESIAN_POINT('',(0.010056965908251314,0.020189994228844935,0.));
#1316=CARTESIAN_POINT('',(0.010065214716907654,0.02018981624220841,0.));
#1317=CARTESIAN_POINT('',(0.010081293279374822,0.02018946931098803,0.));
#1318=CARTESIAN_POINT('',(0.010104610631516228,0.020186061479899032,0.));
#1319=CARTESIAN_POINT('',(0.010126342457419085,0.020180321843864403,0.));
#1320=CARTESIAN_POINT('',(0.010146487718345793,0.02017251094639109,0.));
#1321=CARTESIAN_POINT('',(0.010165193142013374,0.02016261177150949,0.));
#1322=CARTESIAN_POINT('',(0.010181821449639,0.020149886824631414,0.));
#1323=CARTESIAN_POINT('',(0.010197358444344874,0.020135438587956262,0.));
#1324=CARTESIAN_POINT('',(0.01021100038266414,0.020118433591729882,0.));
#1325=CARTESIAN_POINT('',(0.010223085866338364,0.020099293213651566,0.));
#1326=CARTESIAN_POINT('',(0.01023349151845354,0.020077976987087735,0.));
#1327=CARTESIAN_POINT('',(0.010242067127607368,0.02005436244940493,0.));
#1328=CARTESIAN_POINT('',(0.01024920993717217,0.020028506654963318,0.));
#1329=CARTESIAN_POINT('',(0.01025486396594798,0.020000490481919018,0.));
#1330=CARTESIAN_POINT('',(0.010258862937549502,0.01997022187900073,0.));
#1331=CARTESIAN_POINT('',(0.010261117221743951,0.01993777326185943,0.));
#1332=CARTESIAN_POINT('',(0.010261454863333595,0.019915353778411256,0.));
#1333=CARTESIAN_POINT('',(0.01026162880345395,0.01990380411223031,0.));
#1334=B_SPLINE_CURVE_WITH_KNOTS('',3,(#1315,#1316,#1317,#1318,#1319,#1320,#1321,#1322,#1323,#1324,#1325,#1326,#1327,#1328,#1329,#1330,#1331,#1332,#1333),.UNSPECIFIED.,.F.,.F.,(4,1,1,1,1,1,1,1,1,1,1,1,1,1,1,1,4),(0.,0.061777712938882345,0.12041700298178247,0.17607862506070104,0.22986114043081246,0.2820256069468093,0.33404048230450967,0.38628491074958626,0.44066178296356695,0.49686077829594094,0.555606752130042,0.6180297742280024,0.6848413839818364,0.756434454340438,0.8320117480716609,0.9134588342956875,1.),.UNSPECIFIED.);
#1335=CARTESIAN_POINT('',(0.010056965908251314,0.020189994228844935,0.));
#1336=VERTEX_POINT('',#1335);
#1337=TRIMMED_CURVE('',#1334,(PARAMETER_VALUE(0.)),(PARAMETER_VALUE(1.)),.T.,.PARAMETER.);
#1338=EDGE_CURVE('',#1312,#1336,#1337,.T.);
#1339=ORIENTED_EDGE('',*,*,#1338,.T.);
#1340=CARTESIAN_POINT('',(0.00985610480057566,0.019954072191753762,0.));
#1341=CARTESIAN_POINT('',(0.00985626600481939,0.019962807560639877,0.));
#1342=CARTESIAN_POINT('',(0.009856581324138476,0.019979894149090672,0.));
#1343=CARTESIAN_POINT('',(0.009859068884368397,0.020004845078085337,0.));
#1344=CARTESIAN_POINT('',(0.009863569949455503,0.020028489276597384,0.));
#1345=CARTESIAN_POINT('',(0.009869667886283804,0.020050798613124428,0.));
#1346=CARTESIAN_POINT('',(0.009877213651882752,0.02007185033626291,0.));
#1347=CARTESIAN_POINT('',(0.009886507637137904,0.020091297914779767,0.));
#1348=CARTESIAN_POINT('',(0.009897363444310013,0.020109176412395804,0.));
#1349=CARTESIAN_POINT('',(0.009909598203403194,0.02012552211283108,0.));
#1350=CARTESIAN_POINT('',(0.00992341515284048,0.020140184795473453,0.));
#1351=CARTESIAN_POINT('',(0.009938629724925657,0.02015310660583104,0.));
#1352=CARTESIAN_POINT('',(0.009955309305169276,0.020164188856605734,0.));
#1353=CARTESIAN_POINT('',(0.00997328708799859,0.020173488960288283,0.));
#1354=CARTESIAN_POINT('',(0.009992540266485972,0.020180907976335857,0.));
#1355=CARTESIAN_POINT('',(0.010013015352915511,0.020186187990530426,0.));
#1356=CARTESIAN_POINT('',(0.01003461550473606,0.020189415218094763,0.));
#1357=CARTESIAN_POINT('',(0.010049421400759068,0.020189798780429882,0.));
#1358=CARTESIAN_POINT('',(0.010056965908251314,0.020189994228844935,0.));
#1359=B_SPLINE_CURVE_WITH_KNOTS('',3,(#1340,#1341,#1342,#1343,#1344,#1345,#1346,#1347,#1348,#1349,#1350,#1351,#1352,#1353,#1354,#1355,#1356,#1357,#1358),.UNSPECIFIED.,.F.,.F.,(4,1,1,1,1,1,1,1,1,1,1,1,1,1,1,1,4),(0.,0.0750512804399201,0.1468020822360383,0.21514129142149327,0.28162115382331165,0.34534667143984027,0.40703844394130323,0.4664856837113119,0.5248017938222554,0.5821465599490453,0.6392322875232906,0.695941759406255,0.7538422202381175,0.8128228606369444,0.8728337681802726,0.9352010450949175,1.),.UNSPECIFIED.);
#1360=CARTESIAN_POINT('',(0.00985610480057566,0.019954072191753762,0.));
#1361=VERTEX_POINT('',#1360);
#1362=TRIMMED_CURVE('',#1359,(PARAMETER_VALUE(0.)),(PARAMETER_VALUE(1.)),.T.,.PARAMETER.);
#1363=EDGE_CURVE('',#1336,#1361,#1362,.T.);
#1364=ORIENTED_EDGE('',*,*,#1363,.T.);
#1365=CARTESIAN_POINT('',(0.00993720960115132,0.0197168828921536,0.));
#1366=CARTESIAN_POINT('',(0.009930723889605779,0.01972558034055987,0.));
#1367=CARTESIAN_POINT('',(0.009917890623175168,0.01974278996696408,0.));
#1368=CARTESIAN_POINT('',(0.00990138258005412,0.019770236559129413,0.));
#1369=CARTESIAN_POINT('',(0.009887417731492288,0.01979857716824329,0.));
#1370=CARTESIAN_POINT('',(0.009875921143125122,0.019827885377089044,0.));
#1371=CARTESIAN_POINT('',(0.009867058796176187,0.01985814514710209,0.));
#1372=CARTESIAN_POINT('',(0.009860742063096535,0.019889302013399505,0.));
#1373=CARTESIAN_POINT('',(0.009856806099085154,0.019921374320219447,0.));
#1374=CARTESIAN_POINT('',(0.009856340603970547,0.01994307791612226,0.));
#1375=CARTESIAN_POINT('',(0.00985610480057566,0.019954072191753762,0.));
#1376=B_SPLINE_CURVE_WITH_KNOTS('',3,(#1365,#1366,#1367,#1368,#1369,#1370,#1371,#1372,#1373,#1374,#1375),.UNSPECIFIED.,.F.,.F.,(4,1,1,1,1,1,1,1,4),(0.,0.12733969580090376,0.2519668400192206,0.3754563161137303,0.49796781839930854,0.6211830239304431,0.745216466586342,0.8709356548444461,1.),.UNSPECIFIED.);
#1377=CARTESIAN_POINT('',(0.00993720960115132,0.0197168828921536,0.));
#1378=VERTEX_POINT('',#1377);
#1379=TRIMMED_CURVE('',#1376,(PARAMETER_VALUE(0.)),(PARAMETER_VALUE(1.)),.T.,.PARAMETER.);
#1380=EDGE_CURVE('',#1361,#1378,#1379,.T.);
#1381=ORIENTED_EDGE('',*,*,#1380,.T.);
#1382=CARTESIAN_POINT('',(0.009815341189869665,0.019716882892153596,0.));
#1383=DIRECTION('',(1.,0.,0.));
#1384=VECTOR('',#1383,1.);
#1385=LINE('',#1382,#1384);
#1386=CARTESIAN_POINT('',(0.009815341189869665,0.019716882892153596,0.));
#1387=VERTEX_POINT('',#1386);
#1388=EDGE_CURVE('',#1378,#1387,#1385,.T.);
#1389=ORIENTED_EDGE('',*,*,#1388,.T.);
#1390=CARTESIAN_POINT('',(0.009761482533237394,0.019950481614644945,0.));
#1391=CARTESIAN_POINT('',(0.009761638701572794,0.019938578952286706,0.));
#1392=CARTESIAN_POINT('',(0.009761944016566897,0.019915308797819466,0.));
#1393=CARTESIAN_POINT('',(0.00976449141332566,0.019881388814271192,0.));
#1394=CARTESIAN_POINT('',(0.009768698541136862,0.01984929959934827,0.));
#1395=CARTESIAN_POINT('',(0.00977453320642825,0.019819081304287813,0.));
#1396=CARTESIAN_POINT('',(0.009782185396193126,0.01979074013450149,0.));
#1397=CARTESIAN_POINT('',(0.009791163606394915,0.019764169881879543,0.));
#1398=CARTESIAN_POINT('',(0.00980209043353199,0.019739529677530707,0.));
#1399=CARTESIAN_POINT('',(0.009810977012925704,0.01972434167986948,0.));
#1400=CARTESIAN_POINT('',(0.009815341189869665,0.019716882892153596,0.));
#1401=B_SPLINE_CURVE_WITH_KNOTS('',3,(#1390,#1391,#1392,#1393,#1394,#1395,#1396,#1397,#1398,#1399,#1400),.UNSPECIFIED.,.F.,.F.,(4,1,1,1,1,1,1,1,4),(0.,0.14709164783188064,0.2875697270805326,0.42010547948608,0.5468955886483767,0.6676262618751485,0.7826469235366443,0.8932584470385364,1.),.UNSPECIFIED.);
#1402=CARTESIAN_POINT('',(0.009761482533237394,0.019950481614644945,0.));
#1403=VERTEX_POINT('',#1402);
#1404=TRIMMED_CURVE('',#1401,(PARAMETER_VALUE(0.)),(PARAMETER_VALUE(1.)),.T.,.PARAMETER.);
#1405=EDGE_CURVE('',#1387,#1403,#1404,.T.);
#1406=ORIENTED_EDGE('',*,*,#1405,.T.);
#1407=CARTESIAN_POINT('',(0.010069216112504928,0.02031165142970842,0.));
#1408=CARTESIAN_POINT('',(0.010057934331048271,0.020311319717554854,0.));
#1409=CARTESIAN_POINT('',(0.010035756741619594,0.02031066764181854,0.));
#1410=CARTESIAN_POINT('',(0.010003232390486004,0.02030573076391139,0.));
#1411=CARTESIAN_POINT('',(0.009972277725679083,0.020297506077142664,0.));
#1412=CARTESIAN_POINT('',(0.009942994775580062,0.02028599916983442,0.));
#1413=CARTESIAN_POINT('',(0.009915513038326483,0.020271732365838024,0.));
#1414=CARTESIAN_POINT('',(0.009890166163876812,0.020254383152371002,0.));
#1415=CARTESIAN_POINT('',(0.00986679037859755,0.02023448828516106,0.));
#1416=CARTESIAN_POINT('',(0.00984570542391448,0.020211751279431426,0.));
#1417=CARTESIAN_POINT('',(0.009826570279995277,0.02018666849813685,0.));
#1418=CARTESIAN_POINT('',(0.009809614970740609,0.020159198940620546,0.));
#1419=CARTESIAN_POINT('',(0.009795341050695192,0.020129147414566197,0.));
#1420=CARTESIAN_POINT('',(0.00978302193192194,0.02009706184897069,0.));
#1421=CARTESIAN_POINT('',(0.00977341330429362,0.020062907736472176,0.));
#1422=CARTESIAN_POINT('',(0.009766353235228448,0.020026972094631314,0.));
#1423=CARTESIAN_POINT('',(0.009762413570328997,0.019989291628943286,0.));
#1424=CARTESIAN_POINT('',(0.009761796887494326,0.01996358538174111,0.));
#1425=CARTESIAN_POINT('',(0.009761482533237394,0.019950481614644945,0.));
#1426=B_SPLINE_CURVE_WITH_KNOTS('',3,(#1407,#1408,#1409,#1410,#1411,#1412,#1413,#1414,#1415,#1416,#1417,#1418,#1419,#1420,#1421,#1422,#1423,#1424,#1425),.UNSPECIFIED.,.F.,.F.,(4,1,1,1,1,1,1,1,1,1,1,1,1,1,1,1,4),(0.,0.06351959410944681,0.12486604923588544,0.18478511962789165,0.24354240310581696,0.3017134704770976,0.358790501676118,0.4161614984949509,0.47423112939438933,0.5330739713937552,0.5935973970726433,0.6556661320906799,0.7201730220509777,0.7869456784864376,0.855220078111083,0.926198392098562,1.),.UNSPECIFIED.);
#1427=CARTESIAN_POINT('',(0.010069216112504928,0.02031165142970842,0.));
#1428=VERTEX_POINT('',#1427);
#1429=TRIMMED_CURVE('',#1426,(PARAMETER_VALUE(0.)),(PARAMETER_VALUE(1.)),.T.,.PARAMETER.);
#1430=EDGE_CURVE('',#1403,#1428,#1429,.T.);
#1431=ORIENTED_EDGE('',*,*,#1430,.T.);
#1432=CARTESIAN_POINT('',(0.010313164145486399,0.020067280975890618,0.));
#1433=CARTESIAN_POINT('',(0.010312003357604132,0.020075957046749787,0.));
#1434=CARTESIAN_POINT('',(0.010309716246507363,0.020093051589380243,0.));
#1435=CARTESIAN_POINT('',(0.010304489751088995,0.020118098316748437,0.));
#1436=CARTESIAN_POINT('',(0.010297233388549128,0.020142004481485697,0.));
#1437=CARTESIAN_POINT('',(0.010288434416580951,0.02016486320679003,0.));
#1438=CARTESIAN_POINT('',(0.01027777656771501,0.02018641042322943,0.));
#1439=CARTESIAN_POINT('',(0.010265933271892111,0.020206704720066252,0.));
#1440=CARTESIAN_POINT('',(0.010252145960254812,0.0202252177953634,0.));
#1441=CARTESIAN_POINT('',(0.010237245990549128,0.02024238995482439,0.));
#1442=CARTESIAN_POINT('',(0.010220751293460926,0.02025781418584361,0.));
#1443=CARTESIAN_POINT('',(0.010202843678540926,0.02027146262039014,0.));
#1444=CARTESIAN_POINT('',(0.010183559377256866,0.020283275182171604,0.));
#1445=CARTESIAN_POINT('',(0.010163014938881314,0.020293431041848237,0.));
#1446=CARTESIAN_POINT('',(0.01014125102024945,0.0203018675671981,0.));
#1447=CARTESIAN_POINT('',(0.010118137199402098,0.020307307095435604,0.));
#1448=CARTESIAN_POINT('',(0.010094059832087526,0.020311212445772657,0.));
#1449=CARTESIAN_POINT('',(0.01007761090852712,0.020311503095213443,0.));
#1450=CARTESIAN_POINT('',(0.010069216112504928,0.02031165142970842,0.));
#1451=B_SPLINE_CURVE_WITH_KNOTS('',3,(#1432,#1433,#1434,#1435,#1436,#1437,#1438,#1439,#1440,#1441,#1442,#1443,#1444,#1445,#1446,#1447,#1448,#1449,#1450),.UNSPECIFIED.,.F.,.F.,(4,1,1,1,1,1,1,1,1,1,1,1,1,1,1,1,4),(0.,0.06894276094684176,0.13583855931996966,0.20128407155155612,0.26555105796231565,0.32855162327822013,0.3904712615683041,0.4503709606807846,0.5101086885096446,0.5693578458312503,0.6279256106151888,0.687185149776252,0.7472079622136791,0.8082898807871176,0.870568620080213,0.9339440037332837,1.),.UNSPECIFIED.);
#1452=TRIMMED_CURVE('',#1451,(PARAMETER_VALUE(0.)),(PARAMETER_VALUE(1.)),.T.,.PARAMETER.);
#1453=EDGE_CURVE('',#1428,#1144,#1452,.T.);
#1454=ORIENTED_EDGE('',*,*,#1453,.T.);
#1455=EDGE_LOOP('',(#1148,#1173,#1198,#1215,#1223,#1240,#1265,#1290,#1298,#1306,#1314,#1339,#1364,#1381,#1389,#1406,#1431,#1454));
#1456=FACE_BOUND('',#1455,.T.);
#1457=CARTESIAN_POINT('',(0.010268387536835255,0.020487378497622347,0.));
#1458=CARTESIAN_POINT('',(0.01029000861060452,0.02048766162752892,0.));
#1459=CARTESIAN_POINT('',(0.010332026451749958,0.020488211854939663,0.));
#1460=CARTESIAN_POINT('',(0.010393077207113821,0.02049247165931014,0.));
#1461=CARTESIAN_POINT('',(0.010450271883889908,0.02049934380580825,0.));
#1462=CARTESIAN_POINT('',(0.01050348714941823,0.020508939302080958,0.));
#1463=CARTESIAN_POINT('',(0.01055272659771014,0.020521305738575,0.));
#1464=CARTESIAN_POINT('',(0.010597790356598271,0.020536577269737094,0.));
#1465=CARTESIAN_POINT('',(0.010639024791737279,0.02055391260577213,0.));
#1466=CARTESIAN_POINT('',(0.010676043727463993,0.020574211900941507,0.));
#1467=CARTESIAN_POINT('',(0.010708777736974495,0.020597316794272007,0.));
#1468=CARTESIAN_POINT('',(0.010737382657014299,0.02062291465008322,0.));
#1469=CARTESIAN_POINT('',(0.010761533493450645,0.02065138816999544,0.));
#1470=CARTESIAN_POINT('',(0.01078154674857128,0.020682352687474155,0.));
#1471=CARTESIAN_POINT('',(0.010797091669675428,0.02071591054298057,0.));
#1472=CARTESIAN_POINT('',(0.010807722286757603,0.020751940057190096,0.));
#1473=CARTESIAN_POINT('',(0.010814840473835323,0.020790114616097314,0.));
#1474=CARTESIAN_POINT('',(0.01081550512031405,0.020816481127640563,0.));
#1475=CARTESIAN_POINT('',(0.010815844940720945,0.020829961795887236,0.));
#1476=B_SPLINE_CURVE_WITH_KNOTS('',3,(#1457,#1458,#1459,#1460,#1461,#1462,#1463,#1464,#1465,#1466,#1467,#1468,#1469,#1470,#1471,#1472,#1473,#1474,#1475),.UNSPECIFIED.,.F.,.F.,(4,1,1,1,1,1,1,1,1,1,1,1,1,1,1,1,4),(0.,0.08926761439691079,0.1734803960797661,0.2525530411572923,0.32701951696035875,0.39660825267745753,0.4619688713790854,0.5233089957169025,0.5810783152598848,0.6359248744476097,0.6884094276150146,0.7391427587707798,0.7896205973074935,0.8402163231132901,0.8912543916232923,0.9444005526705761,1.),.UNSPECIFIED.);
#1477=CARTESIAN_POINT('',(0.010815844940720945,0.020829961795887236,0.));
#1478=VERTEX_POINT('',#1477);
#1479=CARTESIAN_POINT('',(0.010268387536835255,0.020487378497622347,0.));
#1480=VERTEX_POINT('',#1479);
#1481=TRIMMED_CURVE('',#1476,(PARAMETER_VALUE(0.)),(PARAMETER_VALUE(1.)),.T.,.PARAMETER.);
#1482=EDGE_CURVE('',#1478,#1480,#1481,.T.);
#1483=ORIENTED_EDGE('',*,*,#1482,.T.);
#1484=CARTESIAN_POINT('',(0.009761482533237394,0.020808629543652493,0.));
#1485=CARTESIAN_POINT('',(0.009761862107441021,0.020796138847506855,0.));
#1486=CARTESIAN_POINT('',(0.009762602857187433,0.020771762902266226,0.));
#1487=CARTESIAN_POINT('',(0.009769168984903443,0.02073627174756569,0.));
#1488=CARTESIAN_POINT('',(0.009779687325116615,0.020702861667380074,0.));
#1489=CARTESIAN_POINT('',(0.009794585925069198,0.02067160583851907,0.));
#1490=CARTESIAN_POINT('',(0.009813576200298433,0.020642700977404227,0.));
#1491=CARTESIAN_POINT('',(0.009836383614653707,0.020616037131156895,0.));
#1492=CARTESIAN_POINT('',(0.009863247270676122,0.020591911720467135,0.));
#1493=CARTESIAN_POINT('',(0.009893900449436159,0.02057012186707456,0.));
#1494=CARTESIAN_POINT('',(0.009928183519632594,0.020550635246929762,0.));
#1495=CARTESIAN_POINT('',(0.009966403622453667,0.020534107023092014,0.));
#1496=CARTESIAN_POINT('',(0.010007975782130843,0.020519430076363115,0.));
#1497=CARTESIAN_POINT('',(0.010053382911512736,0.020507794909601407,0.));
#1498=CARTESIAN_POINT('',(0.010102191206587693,0.020498486415088425,0.));
#1499=CARTESIAN_POINT('',(0.010154551100579591,0.02049213031444693,0.));
#1500=CARTESIAN_POINT('',(0.010210307962920322,0.020487989987644315,0.));
#1501=CARTESIAN_POINT('',(0.01024866664762846,0.020487586128742227,0.));
#1502=CARTESIAN_POINT('',(0.010268387536835255,0.020487378497622347,0.));
#1503=B_SPLINE_CURVE_WITH_KNOTS('',3,(#1484,#1485,#1486,#1487,#1488,#1489,#1490,#1491,#1492,#1493,#1494,#1495,#1496,#1497,#1498,#1499,#1500,#1501,#1502),.UNSPECIFIED.,.F.,.F.,(4,1,1,1,1,1,1,1,1,1,1,1,1,1,1,1,4),(0.,0.05560346552068954,0.10851172864331725,0.16019065677036698,0.21125682259744455,0.2622342983467065,0.3138417947423511,0.36713538924212824,0.42266449961136965,0.48109658322950266,0.5424634412610565,0.6079316349458072,0.6773114379131157,0.7510657410246947,0.8291434976952492,0.9121596014605431,1.),.UNSPECIFIED.);
#1504=CARTESIAN_POINT('',(0.009761482533237394,0.020808629543652493,0.));
#1505=VERTEX_POINT('',#1504);
#1506=TRIMMED_CURVE('',#1503,(PARAMETER_VALUE(0.)),(PARAMETER_VALUE(1.)),.T.,.PARAMETER.);
#1507=EDGE_CURVE('',#1480,#1505,#1506,.T.);
#1508=ORIENTED_EDGE('',*,*,#1507,.T.);
#1509=CARTESIAN_POINT('',(0.010293310366178818,0.021149734368990224,0.));
#1510=CARTESIAN_POINT('',(0.010272604925051835,0.021149443873305654,0.));
#1511=CARTESIAN_POINT('',(0.010232275829718583,0.02114887805932057,0.));
#1512=CARTESIAN_POINT('',(0.010173667962490201,0.021144701309185495,0.));
#1513=CARTESIAN_POINT('',(0.010118645754999425,0.021137570738386853,0.));
#1514=CARTESIAN_POINT('',(0.010067327320183117,0.02112754491440571,0.));
#1515=CARTESIAN_POINT('',(0.010019809585075859,0.021114618196883917,0.));
#1516=CARTESIAN_POINT('',(0.009975903731757422,0.021099639580448366,0.));
#1517=CARTESIAN_POINT('',(0.009936160690755966,0.021081320519603753,0.));
#1518=CARTESIAN_POINT('',(0.009899992616669245,0.021060961965250747,0.));
#1519=CARTESIAN_POINT('',(0.00986785225683722,0.021037848140566324,0.));
#1520=CARTESIAN_POINT('',(0.009839790422984678,0.02101223516795233,0.));
#1521=CARTESIAN_POINT('',(0.009815755632772519,0.020984058986720757,0.));
#1522=CARTESIAN_POINT('',(0.009796128449561285,0.020953312206388033,0.));
#1523=CARTESIAN_POINT('',(0.00978043401288439,0.020920294941871177,0.));
#1524=CARTESIAN_POINT('',(0.0097696113945074,0.020884920961479442,0.));
#1525=CARTESIAN_POINT('',(0.009762504450490489,0.02084749504710633,0.));
#1526=CARTESIAN_POINT('',(0.009761827733253797,0.02082175817259882,0.));
#1527=CARTESIAN_POINT('',(0.009761482533237394,0.020808629543652493,0.));
#1528=B_SPLINE_CURVE_WITH_KNOTS('',3,(#1509,#1510,#1511,#1512,#1513,#1514,#1515,#1516,#1517,#1518,#1519,#1520,#1521,#1522,#1523,#1524,#1525,#1526,#1527),.UNSPECIFIED.,.F.,.F.,(4,1,1,1,1,1,1,1,1,1,1,1,1,1,1,1,4),(0.,0.08761252995940348,0.1706476114877627,0.24847022097941102,0.3222629765944557,0.3917141549787829,0.4567257052156475,0.5183161138530104,0.5766265425532776,0.6321080041528256,0.6854551819102931,0.7370284564163255,0.7883481285107397,0.8393903386972642,0.8912142620642988,0.9445073414958353,1.),.UNSPECIFIED.);
#1529=CARTESIAN_POINT('',(0.010293310366178818,0.021149734368990224,0.));
#1530=VERTEX_POINT('',#1529);
#1531=TRIMMED_CURVE('',#1528,(PARAMETER_VALUE(0.)),(PARAMETER_VALUE(1.)),.T.,.PARAMETER.);
#1532=EDGE_CURVE('',#1505,#1530,#1531,.T.);
#1533=ORIENTED_EDGE('',*,*,#1532,.T.);
#1534=CARTESIAN_POINT('',(0.010815844940720945,0.020829961795887236,0.));
#1535=CARTESIAN_POINT('',(0.010815447259499731,0.020842871992927104,0.));
#1536=CARTESIAN_POINT('',(0.010814671090517878,0.02086806929658987,0.));
#1537=CARTESIAN_POINT('',(0.010808396565449014,0.020904591709318767,0.));
#1538=CARTESIAN_POINT('',(0.010798418473279763,0.020938704192474806,0.));
#1539=CARTESIAN_POINT('',(0.010783792747932463,0.020970126066834155,0.));
#1540=CARTESIAN_POINT('',(0.010765236236839943,0.02099908559196803,0.));
#1541=CARTESIAN_POINT('',(0.010742744851746014,0.021025772026159087,0.));
#1542=CARTESIAN_POINT('',(0.010715684593893469,0.021049440655461216,0.));
#1543=CARTESIAN_POINT('',(0.010684955763126796,0.02107092495658005,0.));
#1544=CARTESIAN_POINT('',(0.010649923552167827,0.021089395543490274,0.));
#1545=CARTESIAN_POINT('',(0.010611080080332345,0.02110572285769145,0.));
#1546=CARTESIAN_POINT('',(0.010568004813046584,0.0211193634655935,0.));
#1547=CARTESIAN_POINT('',(0.010520867172531576,0.021130329975856423,0.));
#1548=CARTESIAN_POINT('',(0.010469770342510397,0.021139333184833995,0.));
#1549=CARTESIAN_POINT('',(0.010414581515079612,0.02114513661065909,0.));
#1550=CARTESIAN_POINT('',(0.010355323296417352,0.02114909739189469,0.));
#1551=CARTESIAN_POINT('',(0.01031443860793608,0.021149517346410945,0.));
#1552=CARTESIAN_POINT('',(0.010293310366178816,0.02114973436899022,0.));
#1553=B_SPLINE_CURVE_WITH_KNOTS('',3,(#1534,#1535,#1536,#1537,#1538,#1539,#1540,#1541,#1542,#1543,#1544,#1545,#1546,#1547,#1548,#1549,#1550,#1551,#1552),.UNSPECIFIED.,.F.,.F.,(4,1,1,1,1,1,1,1,1,1,1,1,1,1,1,1,4),(0.,0.05600840772502456,0.10931365747226474,0.16036273758288647,0.2098597138057291,0.2591979424927096,0.30928387655575595,0.3608027936550088,0.41480516944806045,0.47168307957627376,0.5323569893762716,0.5974966026462478,0.667543911872201,0.7423037968749449,0.8225564895742005,0.908301383089863,1.),.UNSPECIFIED.);
#1554=TRIMMED_CURVE('',#1553,(PARAMETER_VALUE(0.)),(PARAMETER_VALUE(1.)),.T.,.PARAMETER.);
#1555=EDGE_CURVE('',#1530,#1478,#1554,.T.);
#1556=ORIENTED_EDGE('',*,*,#1555,.T.);
#1557=EDGE_LOOP('',(#1483,#1508,#1533,#1556));
#1558=FACE_BOUND('',#1557,.T.);
#1559=CARTESIAN_POINT('',(0.01030154757248728,0.02297459238194252,0.));
#1560=CARTESIAN_POINT('',(0.010282165349862342,0.02297416652661078,0.));
#1561=CARTESIAN_POINT('',(0.01024432586329648,0.022973335138621057,0.));
#1562=CARTESIAN_POINT('',(0.010189007865563494,0.02296624734950238,0.));
#1563=CARTESIAN_POINT('',(0.010136663211666506,0.022954461095582156,0.));
#1564=CARTESIAN_POINT('',(0.010087153962332809,0.022937983570587177,0.));
#1565=CARTESIAN_POINT('',(0.010040600733131665,0.022916689911414753,0.));
#1566=CARTESIAN_POINT('',(0.009996804841722202,0.022890947827373956,0.));
#1567=CARTESIAN_POINT('',(0.009956290523986989,0.02285992575240926,0.));
#1568=CARTESIAN_POINT('',(0.009918717974008997,0.022824806453257948,0.));
#1569=CARTESIAN_POINT('',(0.009885073112264895,0.022785548798474053,0.));
#1570=CARTESIAN_POINT('',(0.00985541318809188,0.022743031878734467,0.));
#1571=CARTESIAN_POINT('',(0.009830470762725361,0.022697257313945656,0.));
#1572=CARTESIAN_POINT('',(0.009810100625531351,0.022648254497169014,0.));
#1573=CARTESIAN_POINT('',(0.00979423130673706,0.02259611868272327,0.));
#1574=CARTESIAN_POINT('',(0.009783210151716883,0.0225407190973928,0.));
#1575=CARTESIAN_POINT('',(0.009776293430512357,0.022482224663568178,0.));
#1576=CARTESIAN_POINT('',(0.009775437838682354,0.022442150811931957,0.));
#1577=CARTESIAN_POINT('',(0.009775,0.02242164350718452,0.));
#1578=B_SPLINE_CURVE_WITH_KNOTS('',3,(#1559,#1560,#1561,#1562,#1563,#1564,#1565,#1566,#1567,#1568,#1569,#1570,#1571,#1572,#1573,#1574,#1575,#1576,#1577),.UNSPECIFIED.,.F.,.F.,(4,1,1,1,1,1,1,1,1,1,1,1,1,1,1,1,4),(0.,0.06750282374180694,0.13178427683776284,0.1939031391780451,0.2541679041379423,0.3132165610022494,0.371937795810622,0.4307542269168751,0.49061837742870384,0.5507947362046423,0.6105321367345059,0.6709001277357934,0.7320286404408684,0.795106575406085,0.860428213708593,0.9285758408848623,1.),.UNSPECIFIED.);
#1579=CARTESIAN_POINT('',(0.009775,0.02242164350718452,0.));
#1580=VERTEX_POINT('',#1579);
#1581=CARTESIAN_POINT('',(0.01030154757248728,0.02297459238194252,0.));
#1582=VERTEX_POINT('',#1581);
#1583=TRIMMED_CURVE('',#1578,(PARAMETER_VALUE(0.)),(PARAMETER_VALUE(1.)),.T.,.PARAMETER.);
#1584=EDGE_CURVE('',#1580,#1582,#1583,.T.);
#1585=ORIENTED_EDGE('',*,*,#1584,.T.);
#1586=CARTESIAN_POINT('',(0.010802327473958335,0.022433048869765472,0.));
#1587=CARTESIAN_POINT('',(0.010802004400105676,0.022454888522487247,0.));
#1588=CARTESIAN_POINT('',(0.010801376781364235,0.022497315277986294,0.));
#1589=CARTESIAN_POINT('',(0.01079534940648934,0.0225587895778579,0.));
#1590=CARTESIAN_POINT('',(0.010785789649240518,0.02261616248686843,0.));
#1591=CARTESIAN_POINT('',(0.010772226325910711,0.02266932401107345,0.));
#1592=CARTESIAN_POINT('',(0.010754363599593211,0.02271813222082894,0.));
#1593=CARTESIAN_POINT('',(0.010733095317294853,0.022763002181487097,0.));
#1594=CARTESIAN_POINT('',(0.010707472956729497,0.022803484461874114,0.));
#1595=CARTESIAN_POINT('',(0.010677889240794857,0.02283971394803372,0.));
#1596=CARTESIAN_POINT('',(0.010644475238172363,0.022871735348840645,0.));
#1597=CARTESIAN_POINT('',(0.010606906256924106,0.022899314895026546,0.));
#1598=CARTESIAN_POINT('',(0.010565559120019713,0.02292288393409138,0.));
#1599=CARTESIAN_POINT('',(0.010520187118865588,0.0229418512069007,0.));
#1600=CARTESIAN_POINT('',(0.010471060364957919,0.022956656515999513,0.));
#1601=CARTESIAN_POINT('',(0.010418003266363326,0.022967058182846667,0.));
#1602=CARTESIAN_POINT('',(0.010361055433988216,0.02297347311200658,0.));
#1603=CARTESIAN_POINT('',(0.010321771000137132,0.022974212004056322,0.));
#1604=CARTESIAN_POINT('',(0.01030154757248728,0.02297459238194252,0.));
#1605=B_SPLINE_CURVE_WITH_KNOTS('',3,(#1586,#1587,#1588,#1589,#1590,#1591,#1592,#1593,#1594,#1595,#1596,#1597,#1598,#1599,#1600,#1601,#1602,#1603,#1604),.UNSPECIFIED.,.F.,.F.,(4,1,1,1,1,1,1,1,1,1,1,1,1,1,1,1,4),(0.,0.07743688179351421,0.15043259580707685,0.21882063690797054,0.2835605106528567,0.34469968056372036,0.4028841564068557,0.4593397698170555,0.514170157772052,0.5683876537052336,0.6230215459405148,0.6790470404164741,0.7367840442904243,0.797052793700442,0.8607118052383897,0.9282951425514274,0.9999999999999999),.UNSPECIFIED.);
#1606=CARTESIAN_POINT('',(0.010802327473958335,0.022433048869765472,0.));
#1607=VERTEX_POINT('',#1606);
#1608=TRIMMED_CURVE('',#1605,(PARAMETER_VALUE(0.)),(PARAMETER_VALUE(0.9999999999999999)),.T.,.PARAMETER.);
#1609=EDGE_CURVE('',#1582,#1607,#1608,.T.);
#1610=ORIENTED_EDGE('',*,*,#1609,.T.);
#1611=CARTESIAN_POINT('',(0.010802327473958335,0.02215002690942333,0.));
#1612=DIRECTION('',(0.,1.,0.));
#1613=VECTOR('',#1612,1.);
#1614=LINE('',#1611,#1613);
#1615=CARTESIAN_POINT('',(0.010802327473958335,0.02215002690942333,0.));
#1616=VERTEX_POINT('',#1615);
#1617=EDGE_CURVE('',#1607,#1616,#1614,.T.);
#1618=ORIENTED_EDGE('',*,*,#1617,.T.);
#1619=CARTESIAN_POINT('',(0.009775,0.02215002690942333,0.));
#1620=DIRECTION('',(1.,0.,0.));
#1621=VECTOR('',#1620,1.);
#1622=LINE('',#1619,#1621);
#1623=CARTESIAN_POINT('',(0.009775,0.02215002690942333,0.));
#1624=VERTEX_POINT('',#1623);
#1625=EDGE_CURVE('',#1616,#1624,#1622,.T.);
#1626=ORIENTED_EDGE('',*,*,#1625,.T.);
#1627=CARTESIAN_POINT('',(0.009775,0.02242164350718452,0.));
#1628=DIRECTION('',(0.,-1.,0.));
#1629=VECTOR('',#1628,1.);
#1630=LINE('',#1627,#1629);
#1631=EDGE_CURVE('',#1624,#1580,#1630,.T.);
#1632=ORIENTED_EDGE('',*,*,#1631,.T.);
#1633=EDGE_LOOP('',(#1585,#1610,#1618,#1626,#1632));
#1634=FACE_BOUND('',#1633,.T.);
#1635=CARTESIAN_POINT('',(0.010473261642456055,0.023109767049568616,0.));
#1636=CARTESIAN_POINT('',(0.010485668978274762,0.023110018027685284,0.));
#1637=CARTESIAN_POINT('',(0.010510011360466002,0.02311051043035149,0.));
#1638=CARTESIAN_POINT('',(0.01054562801909187,0.023115354605723712,0.));
#1639=CARTESIAN_POINT('',(0.010579689690497126,0.02312284933945392,0.));
#1640=CARTESIAN_POINT('',(0.010611968608755424,0.02313369818478451,0.));
#1641=CARTESIAN_POINT('',(0.010642432479924161,0.02314711790613045,0.));
#1642=CARTESIAN_POINT('',(0.010670586953720123,0.023163345127497015,0.));
#1643=CARTESIAN_POINT('',(0.010696823463063058,0.023181529947366605,0.));
#1644=CARTESIAN_POINT('',(0.010720756193544791,0.023202218408091297,0.));
#1645=CARTESIAN_POINT('',(0.010742037251392613,0.023225425483614844,0.));
#1646=CARTESIAN_POINT('',(0.010761288607137052,0.02325033885719776,0.));
#1647=CARTESIAN_POINT('',(0.010777512217146392,0.02327768838270658,0.));
#1648=CARTESIAN_POINT('',(0.010791490181743617,0.0233067328130163,0.));
#1649=CARTESIAN_POINT('',(0.010802605951172484,0.02333762817096921,0.));
#1650=CARTESIAN_POINT('',(0.010809920792145699,0.023370144140497377,0.));
#1651=CARTESIAN_POINT('',(0.010815166065195567,0.02340381420143005,0.));
#1652=CARTESIAN_POINT('',(0.010815616577709616,0.023426772824842054,0.));
#1653=CARTESIAN_POINT('',(0.010815844940720944,0.023438410460234566,0.));
#1654=B_SPLINE_CURVE_WITH_KNOTS('',3,(#1635,#1636,#1637,#1638,#1639,#1640,#1641,#1642,#1643,#1644,#1645,#1646,#1647,#1648,#1649,#1650,#1651,#1652,#1653),.UNSPECIFIED.,.F.,.F.,(4,1,1,1,1,1,1,1,1,1,1,1,1,1,1,1,4),(0.,0.06993561740150057,0.1372091118063368,0.20232490965096034,0.2663592137683552,0.32892665119491227,0.38974754490515195,0.449337755189955,0.5087265660467999,0.5677278850932014,0.6266516675363855,0.6859607903563667,0.7466973861831213,0.8082333517713115,0.8706405876355136,0.9344282255660015,1.),.UNSPECIFIED.);
#1655=CARTESIAN_POINT('',(0.010815844940720944,0.023438410460234566,0.));
#1656=VERTEX_POINT('',#1655);
#1657=CARTESIAN_POINT('',(0.010473261642456055,0.023109767049568616,0.));
#1658=VERTEX_POINT('',#1657);
#1659=TRIMMED_CURVE('',#1654,(PARAMETER_VALUE(0.)),(PARAMETER_VALUE(1.)),.T.,.PARAMETER.);
#1660=EDGE_CURVE('',#1656,#1658,#1659,.T.);
#1661=ORIENTED_EDGE('',*,*,#1660,.T.);
#1662=CARTESIAN_POINT('',(0.01015348906935307,0.02340905221210952,0.));
#1663=CARTESIAN_POINT('',(0.010153788581347824,0.023398338800656625,0.));
#1664=CARTESIAN_POINT('',(0.010154378161796509,0.02337724976902536,0.));
#1665=CARTESIAN_POINT('',(0.010158581656855764,0.023346208343988997,0.));
#1666=CARTESIAN_POINT('',(0.010166063612742455,0.023316599247365,0.));
#1667=CARTESIAN_POINT('',(0.010176142863102835,0.023288382815282147,0.));
#1668=CARTESIAN_POINT('',(0.010189106746162298,0.02326197885498197,0.));
#1669=CARTESIAN_POINT('',(0.01020439436452398,0.023237234238714568,0.));
#1670=CARTESIAN_POINT('',(0.010222199218901407,0.023214394022554402,0.));
#1671=CARTESIAN_POINT('',(0.010242296827704299,0.023193438691102825,0.));
#1672=CARTESIAN_POINT('',(0.010264609451416258,0.023174571507864557,0.));
#1673=CARTESIAN_POINT('',(0.010288966772089235,0.023157768380778244,0.));
#1674=CARTESIAN_POINT('',(0.01031554884276549,0.023143514942858066,0.));
#1675=CARTESIAN_POINT('',(0.010343833744942407,0.02313106442569643,0.));
#1676=CARTESIAN_POINT('',(0.01037407673159822,0.023121793172729752,0.));
#1677=CARTESIAN_POINT('',(0.010405744692225674,0.02311462471077975,0.));
#1678=CARTESIAN_POINT('',(0.010439017929085163,0.02311070516944922,0.));
#1679=CARTESIAN_POINT('',(0.01046170618973952,0.023110083615701656,0.));
#1680=CARTESIAN_POINT('',(0.010473261642456055,0.023109767049568616,0.));
#1681=B_SPLINE_CURVE_WITH_KNOTS('',3,(#1662,#1663,#1664,#1665,#1666,#1667,#1668,#1669,#1670,#1671,#1672,#1673,#1674,#1675,#1676,#1677,#1678,#1679,#1680),.UNSPECIFIED.,.F.,.F.,(4,1,1,1,1,1,1,1,1,1,1,1,1,1,1,1,4),(0.,0.06544074740788576,0.12881816386188089,0.19088178626213684,0.2516929896812779,0.311512135415472,0.3702296371050722,0.42907300710994106,0.48808273909349564,0.5472802411697071,0.6072846241734563,0.6684839171893087,0.731280818637706,0.7957548465934902,0.8613889201165339,0.9294034124526873,1.),.UNSPECIFIED.);
#1682=CARTESIAN_POINT('',(0.01015348906935307,0.02340905221210952,0.));
#1683=VERTEX_POINT('',#1682);
#1684=TRIMMED_CURVE('',#1681,(PARAMETER_VALUE(0.)),(PARAMETER_VALUE(1.)),.T.,.PARAMETER.);
#1685=EDGE_CURVE('',#1658,#1683,#1684,.T.);
#1686=ORIENTED_EDGE('',*,*,#1685,.T.);
#1687=CARTESIAN_POINT('',(0.010286974053633841,0.023636948253310395,0.));
#1688=CARTESIAN_POINT('',(0.010276380896414689,0.023631245889827634,0.));
#1689=CARTESIAN_POINT('',(0.010255694983041162,0.02362011053191795,0.));
#1690=CARTESIAN_POINT('',(0.010228222040680628,0.023599014741102344,0.));
#1691=CARTESIAN_POINT('',(0.010205015318008482,0.023574788438084127,0.));
#1692=CARTESIAN_POINT('',(0.010186021088167109,0.023547507289641414,0.));
#1693=CARTESIAN_POINT('',(0.010171405744262023,0.023517089090390332,0.));
#1694=CARTESIAN_POINT('',(0.010160722208678143,0.023483793169930985,0.));
#1695=CARTESIAN_POINT('',(0.010154677392040675,0.023447359701443553,0.));
#1696=CARTESIAN_POINT('',(0.010153893789951624,0.0234220990302626,0.));
#1697=CARTESIAN_POINT('',(0.01015348906935307,0.02340905221210952,0.));
#1698=B_SPLINE_CURVE_WITH_KNOTS('',3,(#1687,#1688,#1689,#1690,#1691,#1692,#1693,#1694,#1695,#1696,#1697),.UNSPECIFIED.,.F.,.F.,(4,1,1,1,1,1,1,1,4),(0.,0.12872191285944015,0.25136324172275837,0.36925354763835416,0.4868346452193727,0.6059059960645433,0.7294576571877988,0.8602682912067919,1.),.UNSPECIFIED.);
#1699=CARTESIAN_POINT('',(0.010286974053633841,0.023636948253310395,0.));
#1700=VERTEX_POINT('',#1699);
#1701=TRIMMED_CURVE('',#1698,(PARAMETER_VALUE(0.)),(PARAMETER_VALUE(1.)),.T.,.PARAMETER.);
#1702=EDGE_CURVE('',#1683,#1700,#1701,.T.);
#1703=ORIENTED_EDGE('',*,*,#1702,.T.);
#1704=CARTESIAN_POINT('',(0.010286974053633841,0.02363969398874655,0.));
#1705=DIRECTION('',(0.,-1.,0.));
#1706=VECTOR('',#1705,1.);
#1707=LINE('',#1704,#1706);
#1708=CARTESIAN_POINT('',(0.010286974053633841,0.023639693988746553,0.));
#1709=VERTEX_POINT('',#1708);
#1710=EDGE_CURVE('',#1700,#1709,#1707,.T.);
#1711=ORIENTED_EDGE('',*,*,#1710,.T.);
#1712=CARTESIAN_POINT('',(0.009856104800575659,0.023346322717914286,0.));
#1713=CARTESIAN_POINT('',(0.009856373821504413,0.023357543457691664,0.));
#1714=CARTESIAN_POINT('',(0.00985690175982281,0.023379563523255632,0.));
#1715=CARTESIAN_POINT('',(0.009862690169580099,0.023411567790967428,0.));
#1716=CARTESIAN_POINT('',(0.009871360092955226,0.023441918487844264,0.));
#1717=CARTESIAN_POINT('',(0.009884309159817478,0.02347008044948772,0.));
#1718=CARTESIAN_POINT('',(0.009900122216525099,0.023496530308478897,0.));
#1719=CARTESIAN_POINT('',(0.00991963382324411,0.023520770323998637,0.));
#1720=CARTESIAN_POINT('',(0.009942272453566813,0.02354301682877179,0.));
#1721=CARTESIAN_POINT('',(0.009968320339883202,0.02356293031605501,0.));
#1722=CARTESIAN_POINT('',(0.009997445099380503,0.023580686752425663,0.));
#1723=CARTESIAN_POINT('',(0.010029733181342497,0.023596393794418063,0.));
#1724=CARTESIAN_POINT('',(0.01006528673041997,0.02360955344396068,0.));
#1725=CARTESIAN_POINT('',(0.010103851940782855,0.02362051190161447,0.));
#1726=CARTESIAN_POINT('',(0.010145434603030065,0.023629101525920248,0.));
#1727=CARTESIAN_POINT('',(0.010189932909117273,0.023635445103654392,0.));
#1728=CARTESIAN_POINT('',(0.010237494118973305,0.02363894967983515,0.));
#1729=CARTESIAN_POINT('',(0.010270142069567703,0.02363944079124694,0.));
#1730=CARTESIAN_POINT('',(0.010286974053633843,0.023639693988746553,0.));
#1731=B_SPLINE_CURVE_WITH_KNOTS('',3,(#1712,#1713,#1714,#1715,#1716,#1717,#1718,#1719,#1720,#1721,#1722,#1723,#1724,#1725,#1726,#1727,#1728,#1729,#1730),.UNSPECIFIED.,.F.,.F.,(4,1,1,1,1,1,1,1,1,1,1,1,1,1,1,1,4),(0.,0.05733526778829536,0.11251721195520609,0.16584765710232266,0.21839531071740395,0.2705863187389324,0.32311916046225386,0.37710947849777654,0.432576269379592,0.49045191684263956,0.551336426074953,0.615954859092408,0.6841238680468281,0.7562398693233353,0.8329944040179919,0.9138985608791125,1.),.UNSPECIFIED.);
#1732=CARTESIAN_POINT('',(0.009856104800575659,0.023346322717914286,0.));
#1733=VERTEX_POINT('',#1732);
#1734=TRIMMED_CURVE('',#1731,(PARAMETER_VALUE(0.)),(PARAMETER_VALUE(1.)),.T.,.PARAMETER.);
#1735=EDGE_CURVE('',#1709,#1733,#1734,.T.);
#1736=ORIENTED_EDGE('',*,*,#1735,.T.);
#1737=CARTESIAN_POINT('',(0.009910174667626098,0.023165315389546217,0.));
#1738=CARTESIAN_POINT('',(0.009905843929394066,0.023172365949942462,0.));
#1739=CARTESIAN_POINT('',(0.009897259708939475,0.023186341295836643,0.));
#1740=CARTESIAN_POINT('',(0.00988637717292478,0.02320814746054317,0.));
#1741=CARTESIAN_POINT('',(0.009876921867062854,0.02323024906597568,0.));
#1742=CARTESIAN_POINT('',(0.00986939345922959,0.023252803563264854,0.));
#1743=CARTESIAN_POINT('',(0.009863437478914584,0.023275664327697548,0.));
#1744=CARTESIAN_POINT('',(0.009859187288858593,0.0232988844060384,0.));
#1745=CARTESIAN_POINT('',(0.009856594490291158,0.023322466867061135,0.));
#1746=CARTESIAN_POINT('',(0.009856268237540796,0.0233383606804429,0.));
#1747=CARTESIAN_POINT('',(0.009856104800575659,0.023346322717914286,0.));
#1748=B_SPLINE_CURVE_WITH_KNOTS('',3,(#1737,#1738,#1739,#1740,#1741,#1742,#1743,#1744,#1745,#1746,#1747),.UNSPECIFIED.,.F.,.F.,(4,1,1,1,1,1,1,1,4),(0.,0.1295547204182191,0.2567983150718868,0.381332079299565,0.5058316584576918,0.6288720638369756,0.7510843389919906,0.8753052038201276,1.),.UNSPECIFIED.);
#1749=CARTESIAN_POINT('',(0.009910174667626098,0.023165315389546217,0.));
#1750=VERTEX_POINT('',#1749);
#1751=TRIMMED_CURVE('',#1748,(PARAMETER_VALUE(0.)),(PARAMETER_VALUE(1.)),.T.,.PARAMETER.);
#1752=EDGE_CURVE('',#1733,#1750,#1751,.T.);
#1753=ORIENTED_EDGE('',*,*,#1752,.T.);
#1754=CARTESIAN_POINT('',(0.009797388304325572,0.023165315389546217,0.));
#1755=DIRECTION('',(1.,0.,0.));
#1756=VECTOR('',#1755,1.);
#1757=LINE('',#1754,#1756);
#1758=CARTESIAN_POINT('',(0.009797388304325572,0.023165315389546217,0.));
#1759=VERTEX_POINT('',#1758);
#1760=EDGE_CURVE('',#1750,#1759,#1757,.T.);
#1761=ORIENTED_EDGE('',*,*,#1760,.T.);
#1762=CARTESIAN_POINT('',(0.009761482533237392,0.02334357698247813,0.));
#1763=CARTESIAN_POINT('',(0.009761944600281411,0.023327221352965728,0.));
#1764=CARTESIAN_POINT('',(0.009762844726817965,0.02329535988105014,0.));
#1765=CARTESIAN_POINT('',(0.009769379538014858,0.023249005778425473,0.));
#1766=CARTESIAN_POINT('',(0.00978062589544839,0.02320557613026471,0.));
#1767=CARTESIAN_POINT('',(0.009791865159070146,0.023178581139159445,0.));
#1768=CARTESIAN_POINT('',(0.009797388304325572,0.023165315389546217,0.));
#1769=B_SPLINE_CURVE_WITH_KNOTS('',3,(#1762,#1763,#1764,#1765,#1766,#1767,#1768),.UNSPECIFIED.,.F.,.F.,(4,1,1,1,4),(0.,0.26777210291056286,0.5216316088716406,0.7649224897001334,1.),.UNSPECIFIED.);
#1770=CARTESIAN_POINT('',(0.009761482533237392,0.02334357698247813,0.));
#1771=VERTEX_POINT('',#1770);
#1772=TRIMMED_CURVE('',#1769,(PARAMETER_VALUE(0.)),(PARAMETER_VALUE(1.)),.T.,.PARAMETER.);
#1773=EDGE_CURVE('',#1759,#1771,#1772,.T.);
#1774=ORIENTED_EDGE('',*,*,#1773,.T.);
#1775=CARTESIAN_POINT('',(0.01035012596866541,0.023758605454173885,0.));
#1776=CARTESIAN_POINT('',(0.010327444126444072,0.023758322420787806,0.));
#1777=CARTESIAN_POINT('',(0.010283282711244943,0.023757771356427346,0.));
#1778=CARTESIAN_POINT('',(0.010218973710120764,0.02375231189571518,0.));
#1779=CARTESIAN_POINT('',(0.010158455300315696,0.023743930600021255,0.));
#1780=CARTESIAN_POINT('',(0.010101902332811746,0.023731546451293706,0.));
#1781=CARTESIAN_POINT('',(0.010049236908364411,0.02371642406862892,0.));
#1782=CARTESIAN_POINT('',(0.010000802490414455,0.023697488307120044,0.));
#1783=CARTESIAN_POINT('',(0.009956429518360347,0.023675624890816985,0.));
#1784=CARTESIAN_POINT('',(0.009916345381556963,0.023650371538731042,0.));
#1785=CARTESIAN_POINT('',(0.009880295047018704,0.02362235341737899,0.));
#1786=CARTESIAN_POINT('',(0.009849153375767843,0.02359081006069044,0.));
#1787=CARTESIAN_POINT('',(0.009822113323761076,0.023556624323447375,0.));
#1788=CARTESIAN_POINT('',(0.009800223225672105,0.023519214551922848,0.));
#1789=CARTESIAN_POINT('',(0.009782599535739268,0.023479247331897695,0.));
#1790=CARTESIAN_POINT('',(0.009770486484307318,0.023436378359611924,0.));
#1791=CARTESIAN_POINT('',(0.00976288445340034,0.023390877006481334,0.));
#1792=CARTESIAN_POINT('',(0.00976195712900646,0.02335958958566482,0.));
#1793=CARTESIAN_POINT('',(0.009761482533237392,0.02334357698247813,0.));
#1794=B_SPLINE_CURVE_WITH_KNOTS('',3,(#1775,#1776,#1777,#1778,#1779,#1780,#1781,#1782,#1783,#1784,#1785,#1786,#1787,#1788,#1789,#1790,#1791,#1792,#1793),.UNSPECIFIED.,.F.,.F.,(4,1,1,1,1,1,1,1,1,1,1,1,1,1,1,1,4),(0.,0.08385173747593228,0.1632588463365373,0.2384740465321996,0.3096029038379366,0.37715308320086216,0.4408698507920911,0.5016425459636639,0.5597851030970105,0.6157709262310797,0.6700749127281271,0.7232973495226177,0.7765166028333291,0.8299113005165629,0.8843723073133104,0.9408228510991105,0.9999999999999999),.UNSPECIFIED.);
#1795=CARTESIAN_POINT('',(0.01035012596866541,0.023758605454173885,0.));
#1796=VERTEX_POINT('',#1795);
#1797=TRIMMED_CURVE('',#1794,(PARAMETER_VALUE(0.)),(PARAMETER_VALUE(0.9999999999999999)),.T.,.PARAMETER.);
#1798=EDGE_CURVE('',#1771,#1796,#1797,.T.);
#1799=ORIENTED_EDGE('',*,*,#1798,.T.);
#1800=CARTESIAN_POINT('',(0.010815844940720944,0.023438410460234566,0.));
#1801=CARTESIAN_POINT('',(0.010815525540870962,0.023450899540795843,0.));
#1802=CARTESIAN_POINT('',(0.010814900974204603,0.023475321165954605,0.));
#1803=CARTESIAN_POINT('',(0.010808678721701043,0.02351078494716358,0.));
#1804=CARTESIAN_POINT('',(0.010799390044471316,0.023544232722666498,0.));
#1805=CARTESIAN_POINT('',(0.010785718445410469,0.023575327181178947,0.));
#1806=CARTESIAN_POINT('',(0.010768174600294163,0.02360403996439834,0.));
#1807=CARTESIAN_POINT('',(0.010747300630454204,0.023630555211788383,0.));
#1808=CARTESIAN_POINT('',(0.010722557827443576,0.02365439231242296,0.));
#1809=CARTESIAN_POINT('',(0.01069460330327662,0.02367607609756953,0.));
#1810=CARTESIAN_POINT('',(0.010662902779062887,0.023694942428468622,0.));
#1811=CARTESIAN_POINT('',(0.010628006736737913,0.023711738673989832,0.));
#1812=CARTESIAN_POINT('',(0.010589685712965228,0.023726051031488518,0.));
#1813=CARTESIAN_POINT('',(0.010547894354935701,0.023737738712777675,0.));
#1814=CARTESIAN_POINT('',(0.010502904841513071,0.0237472861790298,0.));
#1815=CARTESIAN_POINT('',(0.010454695059373072,0.023753887032359637,0.));
#1816=CARTESIAN_POINT('',(0.010403422727744043,0.02375798308498334,0.));
#1817=CARTESIAN_POINT('',(0.010368227798392332,0.023758394071318543,0.));
#1818=CARTESIAN_POINT('',(0.010350125968665408,0.02375860545417388,0.));
#1819=B_SPLINE_CURVE_WITH_KNOTS('',3,(#1800,#1801,#1802,#1803,#1804,#1805,#1806,#1807,#1808,#1809,#1810,#1811,#1812,#1813,#1814,#1815,#1816,#1817,#1818),.UNSPECIFIED.,.F.,.F.,(4,1,1,1,1,1,1,1,1,1,1,1,1,1,1,1,4),(0.,0.0587616389158392,0.11490475317830465,0.1690554444879821,0.22190962642128836,0.27428010027553706,0.3271488394389013,0.380372987026273,0.4356826394514642,0.4933976012673736,0.5537530559298451,0.6178605239592787,0.6857652546775677,0.7579460418642585,0.834282260173224,0.9147662926355892,1.),.UNSPECIFIED.);
#1820=TRIMMED_CURVE('',#1819,(PARAMETER_VALUE(0.)),(PARAMETER_VALUE(1.)),.T.,.PARAMETER.);
#1821=EDGE_CURVE('',#1796,#1656,#1820,.T.);
#1822=ORIENTED_EDGE('',*,*,#1821,.T.);
#1823=EDGE_LOOP('',(#1661,#1686,#1703,#1711,#1736,#1753,#1761,#1774,#1799,#1822));
#1824=FACE_BOUND('',#1823,.T.);
#1825=CARTESIAN_POINT('',(0.006825105419493563,0.010889977096169502,0.));
#1826=CARTESIAN_POINT('',(0.0068357431965264765,0.01089010904601669,0.));
#1827=CARTESIAN_POINT('',(0.006856423022703828,0.010890365556366133,0.));
#1828=CARTESIAN_POINT('',(0.006886471982396215,0.010893214530657164,0.));
#1829=CARTESIAN_POINT('',(0.006914572493139541,0.010897551893904426,0.));
#1830=CARTESIAN_POINT('',(0.006940957802790957,0.010903686859907636,0.));
#1831=CARTESIAN_POINT('',(0.006966047547484887,0.010911966367442832,0.));
#1832=CARTESIAN_POINT('',(0.0069901067979653625,0.010922904144367062,0.));
#1833=CARTESIAN_POINT('',(0.007013697477839457,0.010935781111464206,0.));
#1834=CARTESIAN_POINT('',(0.00703666525898921,0.010951205300309156,0.));
#1835=CARTESIAN_POINT('',(0.0070593264580684194,0.010968999517072874,0.));
#1836=CARTESIAN_POINT('',(0.007081651718988448,0.010989508264458795,0.));
#1837=CARTESIAN_POINT('',(0.007104421071192561,0.011012072162542968,0.));
#1838=CARTESIAN_POINT('',(0.007126979008375581,0.011037702457392667,0.));
#1839=CARTESIAN_POINT('',(0.007150286292966,0.011065993531936694,0.));
#1840=CARTESIAN_POINT('',(0.007174811761880295,0.01109721241334537,0.));
#1841=CARTESIAN_POINT('',(0.007200917689855844,0.011131250094469306,0.));
#1842=CARTESIAN_POINT('',(0.007218559236347006,0.011155157525472852,0.));
#1843=CARTESIAN_POINT('',(0.00722767247651753,0.011167507585639329,0.));
#1844=B_SPLINE_CURVE_WITH_KNOTS('',3,(#1825,#1826,#1827,#1828,#1829,#1830,#1831,#1832,#1833,#1834,#1835,#1836,#1837,#1838,#1839,#1840,#1841,#1842,#1843),.UNSPECIFIED.,.F.,.F.,(4,1,1,1,1,1,1,1,1,1,1,1,1,1,1,1,4),(0.,0.062101792796614944,0.12072581295531154,0.17608296879907503,0.22803796587715527,0.2787416450302945,0.33008631926457094,0.38215830297405606,0.43552238506561247,0.4914491130346924,0.5502444330735188,0.6124563584204199,0.6785556401048755,0.7495138791035744,0.8264998849395151,0.9103736047771197,1.),.UNSPECIFIED.);
#1845=CARTESIAN_POINT('',(0.00722767247651753,0.011167507585639329,0.));
#1846=VERTEX_POINT('',#1845);
#1847=CARTESIAN_POINT('',(0.006825105419493563,0.010889977096169502,0.));
#1848=VERTEX_POINT('',#1847);
#1849=TRIMMED_CURVE('',#1844,(PARAMETER_VALUE(0.)),(PARAMETER_VALUE(1.)),.T.,.PARAMETER.);
#1850=EDGE_CURVE('',#1846,#1848,#1849,.T.);
#1851=ORIENTED_EDGE('',*,*,#1850,.T.);
#1852=CARTESIAN_POINT('',(0.0067744149191337755,0.0108899770961695,0.));
#1853=DIRECTION('',(1.,0.,0.));
#1854=VECTOR('',#1853,1.);
#1855=LINE('',#1852,#1854);
#1856=CARTESIAN_POINT('',(0.0067744149191337755,0.0108899770961695,0.));
#1857=VERTEX_POINT('',#1856);
#1858=EDGE_CURVE('',#1848,#1857,#1855,.T.);
#1859=ORIENTED_EDGE('',*,*,#1858,.T.);
#1860=CARTESIAN_POINT('',(0.0067744149191337755,0.011524030771503158,0.));
#1861=DIRECTION('',(0.,-1.,0.));
#1862=VECTOR('',#1861,1.);
#1863=LINE('',#1860,#1862);
#1864=CARTESIAN_POINT('',(0.0067744149191337755,0.011524030771503158,0.));
#1865=VERTEX_POINT('',#1864);
#1866=EDGE_CURVE('',#1857,#1865,#1863,.T.);
#1867=ORIENTED_EDGE('',*,*,#1866,.T.);
#1868=CARTESIAN_POINT('',(0.006882554653234653,0.011524030771503158,0.));
#1869=DIRECTION('',(-1.,0.,0.));
#1870=VECTOR('',#1869,1.);
#1871=LINE('',#1868,#1870);
#1872=CARTESIAN_POINT('',(0.006882554653234653,0.011524030771503158,0.));
#1873=VERTEX_POINT('',#1872);
#1874=EDGE_CURVE('',#1865,#1873,#1871,.T.);
#1875=ORIENTED_EDGE('',*,*,#1874,.T.);
#1876=CARTESIAN_POINT('',(0.006882554653234653,0.011011634297032986,0.));
#1877=DIRECTION('',(0.,1.,0.));
#1878=VECTOR('',#1877,1.);
#1879=LINE('',#1876,#1878);
#1880=CARTESIAN_POINT('',(0.006882554653234653,0.011011634297032986,0.));
#1881=VERTEX_POINT('',#1880);
#1882=EDGE_CURVE('',#1873,#1881,#1879,.T.);
#1883=ORIENTED_EDGE('',*,*,#1882,.T.);
#1884=CARTESIAN_POINT('',(0.007174236240721589,0.011255793540432622,0.));
#1885=CARTESIAN_POINT('',(0.007166003044060454,0.011244244641369834,0.));
#1886=CARTESIAN_POINT('',(0.007150215967585442,0.011222099737001508,0.));
#1887=CARTESIAN_POINT('',(0.007127556766538879,0.011190447030353672,0.));
#1888=CARTESIAN_POINT('',(0.007106546174437838,0.011162147080300522,0.));
#1889=CARTESIAN_POINT('',(0.007087562891444182,0.011136699717323987,0.));
#1890=CARTESIAN_POINT('',(0.007069434396095951,0.011114313830319656,0.));
#1891=CARTESIAN_POINT('',(0.007052129390153382,0.01109442425366832,0.));
#1892=CARTESIAN_POINT('',(0.007035537098167931,0.011076827566432836,0.));
#1893=CARTESIAN_POINT('',(0.007019312480744838,0.011061669972921517,0.));
#1894=CARTESIAN_POINT('',(0.0070035373740209225,0.011048564009957183,0.));
#1895=CARTESIAN_POINT('',(0.0069874421129177446,0.011038052331633574,0.));
#1896=CARTESIAN_POINT('',(0.006971751448133176,0.011028943483466455,0.));
#1897=CARTESIAN_POINT('',(0.006955501094279681,0.011022346149744759,0.));
#1898=CARTESIAN_POINT('',(0.006938797669103759,0.011017411806279466,0.));
#1899=CARTESIAN_POINT('',(0.006921098197866866,0.01101412555639418,0.));
#1900=CARTESIAN_POINT('',(0.0069022537940244275,0.011011906852436385,0.));
#1901=CARTESIAN_POINT('',(0.0068892498774946855,0.011011726931507178,0.));
#1902=CARTESIAN_POINT('',(0.006882554653234653,0.011011634297032986,0.));
#1903=B_SPLINE_CURVE_WITH_KNOTS('',3,(#1884,#1885,#1886,#1887,#1888,#1889,#1890,#1891,#1892,#1893,#1894,#1895,#1896,#1897,#1898,#1899,#1900,#1901,#1902),.UNSPECIFIED.,.F.,.F.,(4,1,1,1,1,1,1,1,1,1,1,1,1,1,1,1,4),(0.,0.10687929048071573,0.20494002534631475,0.2933287870497831,0.37248465616867743,0.4441554510795223,0.5103337475008557,0.5711252881572239,0.6263030654262407,0.6775919997301718,0.7254134201616914,0.77101749190255,0.8140722992328177,0.8572152701530366,0.9020600507410855,0.9495744283805064,0.9999999999999999),.UNSPECIFIED.);
#1904=CARTESIAN_POINT('',(0.007174236240721589,0.011255793540432622,0.));
#1905=VERTEX_POINT('',#1904);
#1906=TRIMMED_CURVE('',#1903,(PARAMETER_VALUE(0.)),(PARAMETER_VALUE(0.9999999999999999)),.T.,.PARAMETER.);
#1907=EDGE_CURVE('',#1881,#1905,#1906,.T.);
#1908=ORIENTED_EDGE('',*,*,#1907,.T.);
#1909=CARTESIAN_POINT('',(0.00754068631623921,0.011484745633724324,0.));
#1910=CARTESIAN_POINT('',(0.007530822253489046,0.011484613037287083,0.));
#1911=CARTESIAN_POINT('',(0.007511546513845593,0.011484353925553234,0.));
#1912=CARTESIAN_POINT('',(0.007483332474724839,0.011481462892346785,0.));
#1913=CARTESIAN_POINT('',(0.007456563185085205,0.011477157072368505,0.));
#1914=CARTESIAN_POINT('',(0.0074311638697196905,0.011470937539544281,0.));
#1915=CARTESIAN_POINT('',(0.007406844046306165,0.011463111174717738,0.));
#1916=CARTESIAN_POINT('',(0.007383399773642708,0.011453285584766961,0.));
#1917=CARTESIAN_POINT('',(0.007360492184176223,0.011441974943965604,0.));
#1918=CARTESIAN_POINT('',(0.007338478142314146,0.01142844772737053,0.));
#1919=CARTESIAN_POINT('',(0.00731683221990875,0.011413442249644593,0.));
#1920=CARTESIAN_POINT('',(0.007295698621237285,0.0113965428491253,0.));
#1921=CARTESIAN_POINT('',(0.007275167807229267,0.011377562088919093,0.));
#1922=CARTESIAN_POINT('',(0.007254936264048401,0.011356844781923194,0.));
#1923=CARTESIAN_POINT('',(0.007234738709160173,0.011334271732323096,0.));
#1924=CARTESIAN_POINT('',(0.007214599735256258,0.011309831522209744,0.));
#1925=CARTESIAN_POINT('',(0.007194233949969976,0.011283564325531169,0.));
#1926=CARTESIAN_POINT('',(0.007181009066661153,0.011265198952389626,0.));
#1927=CARTESIAN_POINT('',(0.007174236240721589,0.011255793540432622,0.));
#1928=B_SPLINE_CURVE_WITH_KNOTS('',3,(#1909,#1910,#1911,#1912,#1913,#1914,#1915,#1916,#1917,#1918,#1919,#1920,#1921,#1922,#1923,#1924,#1925,#1926,#1927),.UNSPECIFIED.,.F.,.F.,(4,1,1,1,1,1,1,1,1,1,1,1,1,1,1,1,4),(0.,0.06536284065744523,0.12772800931829334,0.1878020640779455,0.24496312390011543,0.3008974624926951,0.3569718024298611,0.4133231691732012,0.47006931324001605,0.5280681987273902,0.5878332939645929,0.6492695827606733,0.713292506235326,0.7797212638555773,0.849991369802558,0.9231764607645334,1.),.UNSPECIFIED.);
#1929=CARTESIAN_POINT('',(0.00754068631623921,0.011484745633724324,0.));
#1930=VERTEX_POINT('',#1929);
#1931=TRIMMED_CURVE('',#1928,(PARAMETER_VALUE(0.)),(PARAMETER_VALUE(1.)),.T.,.PARAMETER.);
#1932=EDGE_CURVE('',#1905,#1930,#1931,.T.);
#1933=ORIENTED_EDGE('',*,*,#1932,.T.);
#1934=CARTESIAN_POINT('',(0.007815259859854718,0.011190107100383068,0.));
#1935=CARTESIAN_POINT('',(0.007815111818355803,0.011200470188676865,0.));
#1936=CARTESIAN_POINT('',(0.007814820832172508,0.011220839581933957,0.));
#1937=CARTESIAN_POINT('',(0.0078109030557763056,0.011250659763179878,0.));
#1938=CARTESIAN_POINT('',(0.007805665496698417,0.011279427620552233,0.));
#1939=CARTESIAN_POINT('',(0.007797525212103026,0.01130680135340206,0.));
#1940=CARTESIAN_POINT('',(0.007787473683398579,0.011332865201471788,0.));
#1941=CARTESIAN_POINT('',(0.00777516917018149,0.011357155163023748,0.));
#1942=CARTESIAN_POINT('',(0.007761054860139342,0.011379841603988134,0.));
#1943=CARTESIAN_POINT('',(0.007744343033544632,0.011400279112162232,0.));
#1944=CARTESIAN_POINT('',(0.007726109505493075,0.011419288953792643,0.));
#1945=CARTESIAN_POINT('',(0.007705297480468589,0.011435781175659148,0.));
#1946=CARTESIAN_POINT('',(0.007682734310404145,0.011450432314707383,0.));
#1947=CARTESIAN_POINT('',(0.00765799646264242,0.011462704192731698,0.));
#1948=CARTESIAN_POINT('',(0.007631384018562014,0.011472758285105493,0.));
#1949=CARTESIAN_POINT('',(0.0076027024865903325,0.011479557502834694,0.));
#1950=CARTESIAN_POINT('',(0.007572290221566283,0.011483919747488809,0.));
#1951=CARTESIAN_POINT('',(0.007551403353565278,0.011484465571702827,0.));
#1952=CARTESIAN_POINT('',(0.00754068631623921,0.011484745633724324,0.));
#1953=B_SPLINE_CURVE_WITH_KNOTS('',3,(#1934,#1935,#1936,#1937,#1938,#1939,#1940,#1941,#1942,#1943,#1944,#1945,#1946,#1947,#1948,#1949,#1950,#1951,#1952),.UNSPECIFIED.,.F.,.F.,(4,1,1,1,1,1,1,1,1,1,1,1,1,1,1,1,4),(0.,0.06845372137377559,0.13455069869556943,0.19853464777811167,0.26156876441528243,0.323017749627854,0.38296078816099455,0.4413219564581356,0.49925100701401626,0.5571744487283146,0.6151034992841964,0.6743578382505923,0.7347167840321539,0.7973043275934747,0.861983546071307,0.9291838542621924,1.),.UNSPECIFIED.);
#1954=CARTESIAN_POINT('',(0.007815259859854718,0.011190107100383068,0.));
#1955=VERTEX_POINT('',#1954);
#1956=TRIMMED_CURVE('',#1953,(PARAMETER_VALUE(0.)),(PARAMETER_VALUE(1.)),.T.,.PARAMETER.);
#1957=EDGE_CURVE('',#1930,#1955,#1956,.T.);
#1958=ORIENTED_EDGE('',*,*,#1957,.T.);
#1959=CARTESIAN_POINT('',(0.00772021517168012,0.010929895865202831,0.));
#1960=CARTESIAN_POINT('',(0.007727647006508253,0.010938270629502582,0.));
#1961=CARTESIAN_POINT('',(0.0077423319285243606,0.010954818731484012,0.));
#1962=CARTESIAN_POINT('',(0.0077611487282576224,0.010982109284977627,0.));
#1963=CARTESIAN_POINT('',(0.007777707921607818,0.011010460112317924,0.));
#1964=CARTESIAN_POINT('',(0.007791446559951451,0.011040783015487755,0.));
#1965=CARTESIAN_POINT('',(0.007802475910173083,0.011073546283453226,0.));
#1966=CARTESIAN_POINT('',(0.007809744133221216,0.011109517398645331,0.));
#1967=CARTESIAN_POINT('',(0.007814583260630035,0.011148719048211159,0.));
#1968=CARTESIAN_POINT('',(0.007815028257600951,0.01117593982703664,0.));
#1969=CARTESIAN_POINT('',(0.007815259859854718,0.011190107100383068,0.));
#1970=B_SPLINE_CURVE_WITH_KNOTS('',3,(#1959,#1960,#1961,#1962,#1963,#1964,#1965,#1966,#1967,#1968,#1969),.UNSPECIFIED.,.F.,.F.,(4,1,1,1,1,1,1,1,4),(0.,0.11803603206374408,0.23323310676734357,0.3490488123272225,0.464070922841641,0.5838701693636504,0.712950068929191,0.8506025538936131,1.),.UNSPECIFIED.);
#1971=CARTESIAN_POINT('',(0.00772021517168012,0.010929895865202831,0.));
#1972=VERTEX_POINT('',#1971);
#1973=TRIMMED_CURVE('',#1970,(PARAMETER_VALUE(0.)),(PARAMETER_VALUE(1.)),.T.,.PARAMETER.);
#1974=EDGE_CURVE('',#1955,#1972,#1973,.T.);
#1975=ORIENTED_EDGE('',*,*,#1974,.T.);
#1976=CARTESIAN_POINT('',(0.007598980391652964,0.010929895865202831,0.));
#1977=DIRECTION('',(1.,0.,0.));
#1978=VECTOR('',#1977,1.);
#1979=LINE('',#1976,#1978);
#1980=CARTESIAN_POINT('',(0.007598980391652964,0.010929895865202831,0.));
#1981=VERTEX_POINT('',#1980);
#1982=EDGE_CURVE('',#1972,#1981,#1979,.T.);
#1983=ORIENTED_EDGE('',*,*,#1982,.T.);
#1984=CARTESIAN_POINT('',(0.007720637592516451,0.011174688739856966,0.));
#1985=CARTESIAN_POINT('',(0.007720176077441093,0.011163390810865353,0.));
#1986=CARTESIAN_POINT('',(0.007719250658067809,0.011140736464506836,0.));
#1987=CARTESIAN_POINT('',(0.007712193651316566,0.011107325334304302,0.));
#1988=CARTESIAN_POINT('',(0.007701239773349051,0.011074875345352694,0.));
#1989=CARTESIAN_POINT('',(0.007687090337206336,0.01104327626854805,0.));
#1990=CARTESIAN_POINT('',(0.007669330224991142,0.011012784755507606,0.));
#1991=CARTESIAN_POINT('',(0.007648770141742789,0.010983280131831922,0.));
#1992=CARTESIAN_POINT('',(0.00762514818728347,0.010955476567908346,0.));
#1993=CARTESIAN_POINT('',(0.007607705171264447,0.010938424898238855,0.));
#1994=CARTESIAN_POINT('',(0.007598980391652964,0.010929895865202831,0.));
#1995=B_SPLINE_CURVE_WITH_KNOTS('',3,(#1984,#1985,#1986,#1987,#1988,#1989,#1990,#1991,#1992,#1993,#1994),.UNSPECIFIED.,.F.,.F.,(4,1,1,1,1,1,1,1,4),(0.,0.1206130799371948,0.2418505630804409,0.3631393518337261,0.48600338565713974,0.6110009717789563,0.7395212487425158,0.8697117691276981,1.),.UNSPECIFIED.);
#1996=CARTESIAN_POINT('',(0.007720637592516451,0.011174688739856966,0.));
#1997=VERTEX_POINT('',#1996);
#1998=TRIMMED_CURVE('',#1995,(PARAMETER_VALUE(0.)),(PARAMETER_VALUE(1.)),.T.,.PARAMETER.);
#1999=EDGE_CURVE('',#1981,#1997,#1998,.T.);
#2000=ORIENTED_EDGE('',*,*,#1999,.T.);
#2001=CARTESIAN_POINT('',(0.007530759426585419,0.011363088432860838,0.));
#2002=CARTESIAN_POINT('',(0.007538513294904506,0.011362957432458635,0.));
#2003=CARTESIAN_POINT('',(0.007553510487107839,0.011362704057223245,0.));
#2004=CARTESIAN_POINT('',(0.007575289810294589,0.011359861193976202,0.));
#2005=CARTESIAN_POINT('',(0.007595575821920908,0.011355355375976189,0.));
#2006=CARTESIAN_POINT('',(0.00761427045430038,0.01134869142300613,0.));
#2007=CARTESIAN_POINT('',(0.007631428388486501,0.011340644699843267,0.));
#2008=CARTESIAN_POINT('',(0.007647139161425659,0.011331405508226054,0.));
#2009=CARTESIAN_POINT('',(0.007661277861087831,0.011320666921458179,0.));
#2010=CARTESIAN_POINT('',(0.007673911804982453,0.011308713528937442,0.));
#2011=CARTESIAN_POINT('',(0.007684999082743041,0.011295388052476396,0.));
#2012=CARTESIAN_POINT('',(0.007694757833700891,0.011281098027162354,0.));
#2013=CARTESIAN_POINT('',(0.007702835323258012,0.011265470844282676,0.));
#2014=CARTESIAN_POINT('',(0.007709308345099132,0.011248807155532958,0.));
#2015=CARTESIAN_POINT('',(0.007714390558781289,0.011231270668433074,0.));
#2016=CARTESIAN_POINT('',(0.007717871855854644,0.0112130199621971,0.));
#2017=CARTESIAN_POINT('',(0.007720413635750876,0.01119412059387747,0.));
#2018=CARTESIAN_POINT('',(0.00772056202768099,0.011181245205556823,0.));
#2019=CARTESIAN_POINT('',(0.007720637592516451,0.011174688739856966,0.));
#2020=B_SPLINE_CURVE_WITH_KNOTS('',3,(#2001,#2002,#2003,#2004,#2005,#2006,#2007,#2008,#2009,#2010,#2011,#2012,#2013,#2014,#2015,#2016,#2017,#2018,#2019),.UNSPECIFIED.,.F.,.F.,(4,1,1,1,1,1,1,1,1,1,1,1,1,1,1,1,4),(0.,0.07682455400343081,0.14859068466358327,0.21733017099849614,0.2824487332283078,0.34489422404601805,0.4049822754746261,0.46277269135480875,0.5205335975922498,0.5770110048034757,0.6343104429683488,0.6917499829582966,0.7509806977730205,0.8112831983345546,0.8724678301927192,0.9350574696353532,1.),.UNSPECIFIED.);
#2021=CARTESIAN_POINT('',(0.007530759426585419,0.011363088432860838,0.));
#2022=VERTEX_POINT('',#2021);
#2023=TRIMMED_CURVE('',#2020,(PARAMETER_VALUE(0.)),(PARAMETER_VALUE(1.)),.T.,.PARAMETER.);
#2024=EDGE_CURVE('',#1997,#2022,#2023,.T.);
#2025=ORIENTED_EDGE('',*,*,#2024,.T.);
#2026=CARTESIAN_POINT('',(0.007227672476517531,0.01116750758563933,0.));
#2027=CARTESIAN_POINT('',(0.007234127176061083,0.011176519706243974,0.));
#2028=CARTESIAN_POINT('',(0.007246620842813079,0.011193963497516286,0.));
#2029=CARTESIAN_POINT('',(0.007266273316600075,0.01121813121351915,0.));
#2030=CARTESIAN_POINT('',(0.0072848994280934965,0.01124053415116765,0.));
#2031=CARTESIAN_POINT('',(0.0073036723251262625,0.011260325217565753,0.));
#2032=CARTESIAN_POINT('',(0.007321802117008706,0.011278574760360241,0.));
#2033=CARTESIAN_POINT('',(0.007340207044960671,0.011294495890388214,0.));
#2034=CARTESIAN_POINT('',(0.007358386127956041,0.011308891838624562,0.));
#2035=CARTESIAN_POINT('',(0.0073768143568736545,0.01132101385211726,0.));
#2036=CARTESIAN_POINT('',(0.007395050225387456,0.011331796341397384,0.));
#2037=CARTESIAN_POINT('',(0.007413547770862256,0.011340604895974032,0.));
#2038=CARTESIAN_POINT('',(0.007432081486774516,0.011348197909348236,0.));
#2039=CARTESIAN_POINT('',(0.007457440298462413,0.0113553018477558,0.));
#2040=CARTESIAN_POINT('',(0.007490225262906991,0.011361993903875696,0.));
#2041=CARTESIAN_POINT('',(0.007517060159826059,0.011362718516642452,0.));
#2042=CARTESIAN_POINT('',(0.0075307594265854195,0.01136308843286084,0.));
#2043=B_SPLINE_CURVE_WITH_KNOTS('',3,(#2026,#2027,#2028,#2029,#2030,#2031,#2032,#2033,#2034,#2035,#2036,#2037,#2038,#2039,#2040,#2041,#2042),.UNSPECIFIED.,.F.,.F.,(4,1,1,1,1,1,1,1,1,1,1,1,1,1,4),(0.,0.08817285447746122,0.1706666984234648,0.24776779287246709,0.319894156910136,0.3876255978419852,0.45233405803984894,0.5134003246456875,0.5719698157363564,0.6276924474854995,0.6818067928859884,0.7348553759626423,0.7867921821814988,0.8911569967909576,1.),.UNSPECIFIED.);
#2044=TRIMMED_CURVE('',#2043,(PARAMETER_VALUE(0.)),(PARAMETER_VALUE(1.)),.T.,.PARAMETER.);
#2045=EDGE_CURVE('',#2022,#1846,#2044,.T.);
#2046=ORIENTED_EDGE('',*,*,#2045,.T.);
#2047=EDGE_LOOP('',(#1851,#1859,#1867,#1875,#1883,#1908,#1933,#1958,#1975,#1983,#2000,#2025,#2046));
#2048=FACE_BOUND('',#2047,.T.);
#2049=CARTESIAN_POINT('',(0.0073926278131050014,0.011849717236314783,0.));
#2050=CARTESIAN_POINT('',(0.00739305068328011,0.011857461621421279,0.));
#2051=CARTESIAN_POINT('',(0.00739391942261929,0.01187337159189396,0.));
#2052=CARTESIAN_POINT('',(0.007395213660099504,0.01189723026591567,0.));
#2053=CARTESIAN_POINT('',(0.0073961162966805875,0.011920395519038823,0.));
#2054=CARTESIAN_POINT('',(0.007396185779256441,0.011935397553777167,0.));
#2055=CARTESIAN_POINT('',(0.007396218390213819,0.011942438609889559,0.));
#2056=B_SPLINE_CURVE_WITH_KNOTS('',3,(#2049,#2050,#2051,#2052,#2053,#2054,#2055),.UNSPECIFIED.,.F.,.F.,(4,1,1,1,4),(0.,0.2507167260653795,0.5150693894807873,0.7724026307874184,1.),.UNSPECIFIED.);
#2057=CARTESIAN_POINT('',(0.007396218390213819,0.011942438609889559,0.));
#2058=VERTEX_POINT('',#2057);
#2059=CARTESIAN_POINT('',(0.0073926278131050014,0.011849717236314783,0.));
#2060=VERTEX_POINT('',#2059);
#2061=TRIMMED_CURVE('',#2056,(PARAMETER_VALUE(0.)),(PARAMETER_VALUE(1.)),.T.,.PARAMETER.);
#2062=EDGE_CURVE('',#2058,#2060,#2061,.T.);
#2063=ORIENTED_EDGE('',*,*,#2062,.T.);
#2064=CARTESIAN_POINT('',(0.007693602658991231,0.011869993436458698,0.));
#2065=DIRECTION('',(-0.9977384430816542,-0.0672160635339237,0.));
#2066=VECTOR('',#2065,1.);
#2067=LINE('',#2064,#2066);
#2068=CARTESIAN_POINT('',(0.007693602658991231,0.011869993436458698,0.));
#2069=VERTEX_POINT('',#2068);
#2070=EDGE_CURVE('',#2060,#2069,#2067,.T.);
#2071=ORIENTED_EDGE('',*,*,#2070,.T.);
#2072=CARTESIAN_POINT('',(0.007693602658991231,0.012235176249467324,0.));
#2073=DIRECTION('',(0.,-1.,0.));
#2074=VECTOR('',#2073,1.);
#2075=LINE('',#2072,#2074);
#2076=CARTESIAN_POINT('',(0.007693602658991231,0.012235176249467324,0.));
#2077=VERTEX_POINT('',#2076);
#2078=EDGE_CURVE('',#2069,#2077,#2075,.T.);
#2079=ORIENTED_EDGE('',*,*,#2078,.T.);
#2080=CARTESIAN_POINT('',(0.007801742393092109,0.012235176249467324,0.));
#2081=DIRECTION('',(-1.,0.,0.));
#2082=VECTOR('',#2081,1.);
#2083=LINE('',#2080,#2082);
#2084=CARTESIAN_POINT('',(0.007801742393092109,0.012235176249467324,0.));
#2085=VERTEX_POINT('',#2084);
#2086=EDGE_CURVE('',#2077,#2085,#2083,.T.);
#2087=ORIENTED_EDGE('',*,*,#2086,.T.);
#2088=CARTESIAN_POINT('',(0.007801742393092109,0.01176290975444865,0.));
#2089=DIRECTION('',(0.,1.,0.));
#2090=VECTOR('',#2089,1.);
#2091=LINE('',#2088,#2090);
#2092=CARTESIAN_POINT('',(0.007801742393092109,0.01176290975444865,0.));
#2093=VERTEX_POINT('',#2092);
#2094=EDGE_CURVE('',#2085,#2093,#2091,.T.);
#2095=ORIENTED_EDGE('',*,*,#2094,.T.);
#2096=CARTESIAN_POINT('',(0.007292936495730755,0.011728060035451297,0.));
#2097=DIRECTION('',(0.9976625651734405,0.0683330524091397,0.));
#2098=VECTOR('',#2097,1.);
#2099=LINE('',#2096,#2098);
#2100=CARTESIAN_POINT('',(0.007292936495730755,0.011728060035451297,0.));
#2101=VERTEX_POINT('',#2100);
#2102=EDGE_CURVE('',#2093,#2101,#2099,.T.);
#2103=ORIENTED_EDGE('',*,*,#2102,.T.);
#2104=CARTESIAN_POINT('',(0.007301596122875553,0.01190040773667457,0.));
#2105=CARTESIAN_POINT('',(0.007301534182826077,0.011893367372962803,0.));
#2106=CARTESIAN_POINT('',(0.007301407197179815,0.011878933656112048,0.));
#2107=CARTESIAN_POINT('',(0.007301051442309412,0.011856962180546311,0.));
#2108=CARTESIAN_POINT('',(0.007300124271966033,0.01183443635487709,0.));
#2109=CARTESIAN_POINT('',(0.007299135647946197,0.011811832627251993,0.));
#2110=CARTESIAN_POINT('',(0.007297758593239647,0.011789454088247416,0.));
#2111=CARTESIAN_POINT('',(0.007296682959909565,0.011767817919609378,0.));
#2112=CARTESIAN_POINT('',(0.007294952838261072,0.011747403218462453,0.));
#2113=CARTESIAN_POINT('',(0.007293589448131012,0.011734323940311635,0.));
#2114=CARTESIAN_POINT('',(0.007292936495730755,0.011728060035451297,0.));
#2115=B_SPLINE_CURVE_WITH_KNOTS('',3,(#2104,#2105,#2106,#2107,#2108,#2109,#2110,#2111,#2112,#2113,#2114),.UNSPECIFIED.,.F.,.F.,(4,1,1,1,1,1,1,1,4),(0.,0.1223541756691451,0.2508429392879424,0.3818468050434329,0.5141242388884226,0.644020775516939,0.7714743366179393,0.8905548917099163,1.),.UNSPECIFIED.);
#2116=CARTESIAN_POINT('',(0.007301596122875553,0.01190040773667457,0.));
#2117=VERTEX_POINT('',#2116);
#2118=TRIMMED_CURVE('',#2115,(PARAMETER_VALUE(0.)),(PARAMETER_VALUE(1.)),.T.,.PARAMETER.);
#2119=EDGE_CURVE('',#2101,#2117,#2118,.T.);
#2120=ORIENTED_EDGE('',*,*,#2119,.T.);
#2121=CARTESIAN_POINT('',(0.007083626971328472,0.012160618971854805,0.));
#2122=CARTESIAN_POINT('',(0.007091876770325522,0.012160433743090884,0.));
#2123=CARTESIAN_POINT('',(0.007108017240329361,0.01216007134889086,0.));
#2124=CARTESIAN_POINT('',(0.007131532805148512,0.012156722927444696,0.));
#2125=CARTESIAN_POINT('',(0.0071538533923002435,0.01215188583337365,0.));
#2126=CARTESIAN_POINT('',(0.007174594362001116,0.012144324251751257,0.));
#2127=CARTESIAN_POINT('',(0.00719413192793599,0.012135068633359196,0.));
#2128=CARTESIAN_POINT('',(0.0072120558883316385,0.01212327585810607,0.));
#2129=CARTESIAN_POINT('',(0.007228902095081568,0.012109768759475397,0.));
#2130=CARTESIAN_POINT('',(0.007244114583845354,0.01209406429244309,0.));
#2131=CARTESIAN_POINT('',(0.0072576919571479,0.012076408384344369,0.));
#2132=CARTESIAN_POINT('',(0.007269579674936201,0.01205689177916696,0.));
#2133=CARTESIAN_POINT('',(0.007279520308080037,0.01203541158366679,0.));
#2134=CARTESIAN_POINT('',(0.0072874859113749475,0.012012017935330974,0.));
#2135=CARTESIAN_POINT('',(0.0072937927285360036,0.011986790943434317,0.));
#2136=CARTESIAN_POINT('',(0.00729842363847311,0.011959687815154267,0.));
#2137=CARTESIAN_POINT('',(0.007301191850590169,0.011930668881987697,0.));
#2138=CARTESIAN_POINT('',(0.007301458718943022,0.011910692884876058,0.));
#2139=CARTESIAN_POINT('',(0.007301596122875552,0.011900407736674569,0.));
#2140=B_SPLINE_CURVE_WITH_KNOTS('',3,(#2121,#2122,#2123,#2124,#2125,#2126,#2127,#2128,#2129,#2130,#2131,#2132,#2133,#2134,#2135,#2136,#2137,#2138,#2139),.UNSPECIFIED.,.F.,.F.,(4,1,1,1,1,1,1,1,1,1,1,1,1,1,1,1,4),(0.,0.06417908423077892,0.1255643421459295,0.1845924900367022,0.24162278531259163,0.2970181135409943,0.3525028306362034,0.4082225219074272,0.46480605294235977,0.5222456618096839,0.5812712655482265,0.6423229054609939,0.7061029643439393,0.773360096888523,0.8445376803860365,0.9199562861347348,0.9999999999999999),.UNSPECIFIED.);
#2141=CARTESIAN_POINT('',(0.007083626971328472,0.012160618971854805,0.));
#2142=VERTEX_POINT('',#2141);
#2143=TRIMMED_CURVE('',#2140,(PARAMETER_VALUE(0.)),(PARAMETER_VALUE(0.9999999999999999)),.T.,.PARAMETER.);
#2144=EDGE_CURVE('',#2117,#2142,#2143,.T.);
#2145=ORIENTED_EDGE('',*,*,#2144,.T.);
#2146=CARTESIAN_POINT('',(0.0068555197197094336,0.011923852093090971,0.));
#2147=CARTESIAN_POINT('',(0.00685571388539171,0.011932732838933086,0.));
#2148=CARTESIAN_POINT('',(0.0068560942632999965,0.011950130555604023,0.));
#2149=CARTESIAN_POINT('',(0.006859321711903997,0.011975511401010611,0.));
#2150=CARTESIAN_POINT('',(0.006864553535068224,0.011999576337705702,0.));
#2151=CARTESIAN_POINT('',(0.006872037829092835,0.01202213639201138,0.));
#2152=CARTESIAN_POINT('',(0.0068809907327453505,0.01204339772431843,0.));
#2153=CARTESIAN_POINT('',(0.00689208950104119,0.01206282576385986,0.));
#2154=CARTESIAN_POINT('',(0.006904607181790704,0.012080780141901226,0.));
#2155=CARTESIAN_POINT('',(0.006918799596171411,0.012097026785186227,0.));
#2156=CARTESIAN_POINT('',(0.006934449175103184,0.012111786744043928,0.));
#2157=CARTESIAN_POINT('',(0.006951946851609005,0.012124420262555146,0.));
#2158=CARTESIAN_POINT('',(0.006970780868617643,0.012135499584417644,0.));
#2159=CARTESIAN_POINT('',(0.0069911387220902305,0.01214455234052632,0.));
#2160=CARTESIAN_POINT('',(0.007012729669181697,0.01215168508962388,0.));
#2161=CARTESIAN_POINT('',(0.0070353865568164396,0.012157080248965115,0.));
#2162=CARTESIAN_POINT('',(0.007059192453151067,0.01215996454817695,0.));
#2163=CARTESIAN_POINT('',(0.007075382747503898,0.012160398168840103,0.));
#2164=CARTESIAN_POINT('',(0.007083626971328472,0.012160618971854805,0.));
#2165=B_SPLINE_CURVE_WITH_KNOTS('',3,(#2146,#2147,#2148,#2149,#2150,#2151,#2152,#2153,#2154,#2155,#2156,#2157,#2158,#2159,#2160,#2161,#2162,#2163,#2164),.UNSPECIFIED.,.F.,.F.,(4,1,1,1,1,1,1,1,1,1,1,1,1,1,1,1,4),(0.,0.07193231070122784,0.1409181146848183,0.20693681039480558,0.2711565653505123,0.3332509950118017,0.39353463885228995,0.4520904879245299,0.5103147468061561,0.5680310019135516,0.6259919913559082,0.6847918472962871,0.7447968558272501,0.8061293617907831,0.8688105727927471,0.9331973231774306,1.),.UNSPECIFIED.);
#2166=CARTESIAN_POINT('',(0.0068555197197094336,0.011923852093090971,0.));
#2167=VERTEX_POINT('',#2166);
#2168=TRIMMED_CURVE('',#2165,(PARAMETER_VALUE(0.)),(PARAMETER_VALUE(1.)),.T.,.PARAMETER.);
#2169=EDGE_CURVE('',#2142,#2167,#2168,.T.);
#2170=ORIENTED_EDGE('',*,*,#2169,.T.);
#2171=CARTESIAN_POINT('',(0.006923107053522482,0.011714542568688686,0.));
#2172=CARTESIAN_POINT('',(0.0069177078225148925,0.011722990591370991,0.));
#2173=CARTESIAN_POINT('',(0.0069070657482944945,0.01173964194121587,0.));
#2174=CARTESIAN_POINT('',(0.006893365934463719,0.011765510364639162,0.));
#2175=CARTESIAN_POINT('',(0.006881670975439532,0.01179152885045017,0.));
#2176=CARTESIAN_POINT('',(0.0068721736404417045,0.011817729641113736,0.));
#2177=CARTESIAN_POINT('',(0.006864692501608044,0.011844047358234425,0.));
#2178=CARTESIAN_POINT('',(0.006859426806595264,0.011870530918043402,0.));
#2179=CARTESIAN_POINT('',(0.0068561353941167585,0.011897156248637327,0.));
#2180=CARTESIAN_POINT('',(0.006855724516536965,0.011914972035405697,0.));
#2181=CARTESIAN_POINT('',(0.0068555197197094336,0.011923852093090971,0.));
#2182=B_SPLINE_CURVE_WITH_KNOTS('',3,(#2171,#2172,#2173,#2174,#2175,#2176,#2177,#2178,#2179,#2180,#2181),.UNSPECIFIED.,.F.,.F.,(4,1,1,1,1,1,1,1,4),(0.,0.1347388330900747,0.2655749791217999,0.3930998604940869,0.5179519646982979,0.6399003031554202,0.7605525587092047,0.8806503962526058,0.9999999999999999),.UNSPECIFIED.);
#2183=CARTESIAN_POINT('',(0.006923107053522482,0.011714542568688686,0.));
#2184=VERTEX_POINT('',#2183);
#2185=TRIMMED_CURVE('',#2182,(PARAMETER_VALUE(0.)),(PARAMETER_VALUE(0.9999999999999999)),.T.,.PARAMETER.);
#2186=EDGE_CURVE('',#2167,#2184,#2185,.T.);
#2187=ORIENTED_EDGE('',*,*,#2186,.T.);
#2188=CARTESIAN_POINT('',(0.006802505904749824,0.011714542568688686,0.));
#2189=DIRECTION('',(1.,0.,0.));
#2190=VECTOR('',#2189,1.);
#2191=LINE('',#2188,#2190);
#2192=CARTESIAN_POINT('',(0.006802505904749825,0.011714542568688686,0.));
#2193=VERTEX_POINT('',#2192);
#2194=EDGE_CURVE('',#2184,#2193,#2191,.T.);
#2195=ORIENTED_EDGE('',*,*,#2194,.T.);
#2196=CARTESIAN_POINT('',(0.006760897452371166,0.011924063303509137,0.));
#2197=CARTESIAN_POINT('',(0.006761015536978455,0.011912655802661138,0.));
#2198=CARTESIAN_POINT('',(0.006761243137039199,0.011890668619526031,0.));
#2199=CARTESIAN_POINT('',(0.0067630836468302105,0.011858725338210108,0.));
#2200=CARTESIAN_POINT('',(0.006766517643104305,0.011829141909728216,0.));
#2201=CARTESIAN_POINT('',(0.006770807561303633,0.011801663463202697,0.));
#2202=CARTESIAN_POINT('',(0.006776654383986041,0.011776589626266145,0.));
#2203=CARTESIAN_POINT('',(0.006783954316442135,0.011753756909885456,0.));
#2204=CARTESIAN_POINT('',(0.006792088167352808,0.011733015325088183,0.));
#2205=CARTESIAN_POINT('',(0.006799129335072646,0.011720529909963992,0.));
#2206=CARTESIAN_POINT('',(0.006802505904749825,0.011714542568688688,0.));
#2207=B_SPLINE_CURVE_WITH_KNOTS('',3,(#2196,#2197,#2198,#2199,#2200,#2201,#2202,#2203,#2204,#2205,#2206),.UNSPECIFIED.,.F.,.F.,(4,1,1,1,1,1,1,1,4),(0.,0.15841578101221418,0.305335658968468,0.4440771503482723,0.5718616957550143,0.6913861950975135,0.8011553696883962,0.9046446873736351,1.),.UNSPECIFIED.);
#2208=CARTESIAN_POINT('',(0.006760897452371166,0.011924063303509137,0.));
#2209=VERTEX_POINT('',#2208);
#2210=TRIMMED_CURVE('',#2207,(PARAMETER_VALUE(0.)),(PARAMETER_VALUE(1.)),.T.,.PARAMETER.);
#2211=EDGE_CURVE('',#2193,#2209,#2210,.T.);
#2212=ORIENTED_EDGE('',*,*,#2211,.T.);
#2213=CARTESIAN_POINT('',(0.007089540863037113,0.012282276172718293,0.));
#2214=CARTESIAN_POINT('',(0.007077412066256624,0.012282045632686492,0.));
#2215=CARTESIAN_POINT('',(0.007053615086604246,0.012281593307814939,0.));
#2216=CARTESIAN_POINT('',(0.007018920027525169,0.012276469409084563,0.));
#2217=CARTESIAN_POINT('',(0.006985848477817659,0.012268857027425964,0.));
#2218=CARTESIAN_POINT('',(0.006954813440956434,0.012257466509476888,0.));
#2219=CARTESIAN_POINT('',(0.006925461459866181,0.01224362554053039,0.));
#2220=CARTESIAN_POINT('',(0.006898402361303603,0.012226635282869349,0.));
#2221=CARTESIAN_POINT('',(0.006873439402081375,0.012206994393007637,0.));
#2222=CARTESIAN_POINT('',(0.00685059416962865,0.012184808627280273,0.));
#2223=CARTESIAN_POINT('',(0.0068300717342932235,0.01216001732183837,0.));
#2224=CARTESIAN_POINT('',(0.006811982425260222,0.01213278275088667,0.));
#2225=CARTESIAN_POINT('',(0.0067965751164238185,0.012103078092402412,0.));
#2226=CARTESIAN_POINT('',(0.006783770620283522,0.012071076689430457,0.));
#2227=CARTESIAN_POINT('',(0.006773262405742914,0.012037083445594595,0.));
#2228=CARTESIAN_POINT('',(0.006766336490122945,0.012001023219793445,0.));
#2229=CARTESIAN_POINT('',(0.006761664138641152,0.011963189192268941,0.));
#2230=CARTESIAN_POINT('',(0.006761157107075391,0.011937314122613582,0.));
#2231=CARTESIAN_POINT('',(0.006760897452371166,0.011924063303509137,0.));
#2232=B_SPLINE_CURVE_WITH_KNOTS('',3,(#2213,#2214,#2215,#2216,#2217,#2218,#2219,#2220,#2221,#2222,#2223,#2224,#2225,#2226,#2227,#2228,#2229,#2230,#2231),.UNSPECIFIED.,.F.,.F.,(4,1,1,1,1,1,1,1,1,1,1,1,1,1,1,1,4),(0.,0.06640919123872627,0.1302963683241227,0.19177241594679054,0.25205549485297907,0.3110685786007318,0.3692997285580015,0.42671886471694354,0.4848284877736791,0.5434595239183407,0.6027355631519913,0.6636461536124604,0.726472747614361,0.7913963097315814,0.8582778046457,0.9274229905952927,1.),.UNSPECIFIED.);
#2233=CARTESIAN_POINT('',(0.007089540863037113,0.012282276172718293,0.));
#2234=VERTEX_POINT('',#2233);
#2235=TRIMMED_CURVE('',#2232,(PARAMETER_VALUE(0.)),(PARAMETER_VALUE(1.)),.T.,.PARAMETER.);
#2236=EDGE_CURVE('',#2209,#2234,#2235,.T.);
#2237=ORIENTED_EDGE('',*,*,#2236,.T.);
#2238=CARTESIAN_POINT('',(0.007396218390213819,0.011942438609889559,0.));
#2239=CARTESIAN_POINT('',(0.007396006372757305,0.01195547422935368,0.));
#2240=CARTESIAN_POINT('',(0.007395593864375113,0.011980836774421346,0.));
#2241=CARTESIAN_POINT('',(0.007391484237735717,0.012017853249746281,0.));
#2242=CARTESIAN_POINT('',(0.007384795835050432,0.01205268354022173,0.));
#2243=CARTESIAN_POINT('',(0.00737551233681315,0.01208542985216265,0.));
#2244=CARTESIAN_POINT('',(0.007363689045325748,0.012115797655180772,0.));
#2245=CARTESIAN_POINT('',(0.007349736911750717,0.012143943612578952,0.));
#2246=CARTESIAN_POINT('',(0.0073333946648647666,0.012169653002548996,0.));
#2247=CARTESIAN_POINT('',(0.0073147735839815915,0.012193024178582415,0.));
#2248=CARTESIAN_POINT('',(0.007293805742695112,0.012213818498731679,0.));
#2249=CARTESIAN_POINT('',(0.007270557607875934,0.012231862710870482,0.));
#2250=CARTESIAN_POINT('',(0.007245271130945974,0.012247451512173787,0.));
#2251=CARTESIAN_POINT('',(0.007217651116953596,0.012260102380120722,0.));
#2252=CARTESIAN_POINT('',(0.00718808996861386,0.012269921610249633,0.));
#2253=CARTESIAN_POINT('',(0.0071567858255244254,0.012277195587125669,0.));
#2254=CARTESIAN_POINT('',(0.007123731229765767,0.012281407646821452,0.));
#2255=CARTESIAN_POINT('',(0.007101098954141362,0.012281982566582922,0.));
#2256=CARTESIAN_POINT('',(0.007089540863037113,0.012282276172718293,0.));
#2257=B_SPLINE_CURVE_WITH_KNOTS('',3,(#2238,#2239,#2240,#2241,#2242,#2243,#2244,#2245,#2246,#2247,#2248,#2249,#2250,#2251,#2252,#2253,#2254,#2255,#2256),.UNSPECIFIED.,.F.,.F.,(4,1,1,1,1,1,1,1,1,1,1,1,1,1,1,1,4),(0.,0.07539473573432429,0.1466905648933722,0.21515145559671062,0.28038960327059176,0.34332361384467,0.4034368271657049,0.46185636968562815,0.5192357184769056,0.575976828733253,0.6322790971055897,0.6891443435214273,0.7474644000677767,0.8076176203511245,0.8690751123368656,0.9331378865944681,1.),.UNSPECIFIED.);
#2258=TRIMMED_CURVE('',#2257,(PARAMETER_VALUE(0.)),(PARAMETER_VALUE(1.)),.T.,.PARAMETER.);
#2259=EDGE_CURVE('',#2234,#2058,#2258,.T.);
#2260=ORIENTED_EDGE('',*,*,#2259,.T.);
#2261=EDGE_LOOP('',(#2063,#2071,#2079,#2087,#2095,#2103,#2120,#2145,#2170,#2187,#2195,#2212,#2237,#2260));
#2262=FACE_BOUND('',#2261,.T.);
#2263=CARTESIAN_POINT('',(0.007267802455969028,0.01244448577386961,0.));
#2264=CARTESIAN_POINT('',(0.007289423529738291,0.012444768903776179,0.));
#2265=CARTESIAN_POINT('',(0.007331441370883729,0.012445319131186927,0.));
#2266=CARTESIAN_POINT('',(0.0073924921262476006,0.012449578935557416,0.));
#2267=CARTESIAN_POINT('',(0.0074496868030236784,0.012456451082055512,0.));
#2268=CARTESIAN_POINT('',(0.007502902068552004,0.012466046578328224,0.));
#2269=CARTESIAN_POINT('',(0.007552141516843913,0.01247841301482226,0.));
#2270=CARTESIAN_POINT('',(0.007597205275732045,0.012493684545984355,0.));
#2271=CARTESIAN_POINT('',(0.007638439710871051,0.012511019882019402,0.));
#2272=CARTESIAN_POINT('',(0.007675458646597766,0.01253131917718877,0.));
#2273=CARTESIAN_POINT('',(0.007708192656108268,0.012554424070519274,0.));
#2274=CARTESIAN_POINT('',(0.007736797576148069,0.012580021926330478,0.));
#2275=CARTESIAN_POINT('',(0.0077609484125844225,0.012608495446242709,0.));
#2276=CARTESIAN_POINT('',(0.007780961667705045,0.012639459963721405,0.));
#2277=CARTESIAN_POINT('',(0.007796506588809202,0.012673017819227835,0.));
#2278=CARTESIAN_POINT('',(0.0078071372058913764,0.012709047333437362,0.));
#2279=CARTESIAN_POINT('',(0.007814255392969094,0.012747221892344575,0.));
#2280=CARTESIAN_POINT('',(0.007814920039447823,0.012773588403887823,0.));
#2281=CARTESIAN_POINT('',(0.00781525985985472,0.012787069072134501,0.));
#2282=B_SPLINE_CURVE_WITH_KNOTS('',3,(#2263,#2264,#2265,#2266,#2267,#2268,#2269,#2270,#2271,#2272,#2273,#2274,#2275,#2276,#2277,#2278,#2279,#2280,#2281),.UNSPECIFIED.,.F.,.F.,(4,1,1,1,1,1,1,1,1,1,1,1,1,1,1,1,4),(0.,0.0892676143969119,0.17348039607976726,0.2525530411572943,0.3270195169603583,0.3966082526774564,0.4619688713790865,0.5233089957169043,0.5810783152598866,0.63592487444761,0.6884094276150148,0.739142758770781,0.7896205973074938,0.8402163231132901,0.8912543916232901,0.9444005526705785,1.),.UNSPECIFIED.);
#2283=CARTESIAN_POINT('',(0.00781525985985472,0.012787069072134501,0.));
#2284=VERTEX_POINT('',#2283);
#2285=CARTESIAN_POINT('',(0.007267802455969028,0.01244448577386961,0.));
#2286=VERTEX_POINT('',#2285);
#2287=TRIMMED_CURVE('',#2282,(PARAMETER_VALUE(0.)),(PARAMETER_VALUE(1.)),.T.,.PARAMETER.);
#2288=EDGE_CURVE('',#2284,#2286,#2287,.T.);
#2289=ORIENTED_EDGE('',*,*,#2288,.T.);
#2290=CARTESIAN_POINT('',(0.006760897452371166,0.012765736819899755,0.));
#2291=CARTESIAN_POINT('',(0.006761277026574794,0.012753246123754117,0.));
#2292=CARTESIAN_POINT('',(0.006762017776321207,0.01272887017851349,0.));
#2293=CARTESIAN_POINT('',(0.006768583904037215,0.012693379023812956,0.));
#2294=CARTESIAN_POINT('',(0.006779102244250389,0.012659968943627337,0.));
#2295=CARTESIAN_POINT('',(0.006794000844202975,0.01262871311476634,0.));
#2296=CARTESIAN_POINT('',(0.006812991119432205,0.012599808253651491,0.));
#2297=CARTESIAN_POINT('',(0.006835798533787481,0.01257314440740416,0.));
#2298=CARTESIAN_POINT('',(0.006862662189809898,0.0125490189967144,0.));
#2299=CARTESIAN_POINT('',(0.0068933153685699295,0.01252722914332182,0.));
#2300=CARTESIAN_POINT('',(0.006927598438766369,0.01250774252317703,0.));
#2301=CARTESIAN_POINT('',(0.006965818541587436,0.012491214299339266,0.));
#2302=CARTESIAN_POINT('',(0.0070073907012646215,0.01247653735261039,0.));
#2303=CARTESIAN_POINT('',(0.007052797830646507,0.01246490218584867,0.));
#2304=CARTESIAN_POINT('',(0.007101606125721471,0.012455593691335696,0.));
#2305=CARTESIAN_POINT('',(0.007153966019713366,0.012449237590694202,0.));
#2306=CARTESIAN_POINT('',(0.007209722882054093,0.01244509726389157,0.));
#2307=CARTESIAN_POINT('',(0.0072480815667622335,0.012444693404989493,0.));
#2308=CARTESIAN_POINT('',(0.007267802455969028,0.01244448577386961,0.));
#2309=B_SPLINE_CURVE_WITH_KNOTS('',3,(#2290,#2291,#2292,#2293,#2294,#2295,#2296,#2297,#2298,#2299,#2300,#2301,#2302,#2303,#2304,#2305,#2306,#2307,#2308),.UNSPECIFIED.,.F.,.F.,(4,1,1,1,1,1,1,1,1,1,1,1,1,1,1,1,4),(0.,0.05560346552068467,0.10851172864331762,0.16019065677036545,0.2112568225974421,0.2622342983467078,0.31384179474234786,0.3671353892421279,0.42266449961137004,0.4810965832295009,0.5424634412610573,0.6079316349458074,0.6773114379131153,0.751065741024695,0.8291434976952508,0.9121596014605428,1.),.UNSPECIFIED.);
#2310=CARTESIAN_POINT('',(0.006760897452371166,0.012765736819899755,0.));
#2311=VERTEX_POINT('',#2310);
#2312=TRIMMED_CURVE('',#2309,(PARAMETER_VALUE(0.)),(PARAMETER_VALUE(1.)),.T.,.PARAMETER.);
#2313=EDGE_CURVE('',#2286,#2311,#2312,.T.);
#2314=ORIENTED_EDGE('',*,*,#2313,.T.);
#2315=CARTESIAN_POINT('',(0.007292725285312589,0.013106841645237484,0.));
#2316=CARTESIAN_POINT('',(0.007272019844185605,0.013106551149552911,0.));
#2317=CARTESIAN_POINT('',(0.007231690748852354,0.013105985335567833,0.));
#2318=CARTESIAN_POINT('',(0.007173082881623976,0.013101808585432763,0.));
#2319=CARTESIAN_POINT('',(0.007118060674133196,0.01309467801463411,0.));
#2320=CARTESIAN_POINT('',(0.007066742239316894,0.013084652190652983,0.));
#2321=CARTESIAN_POINT('',(0.007019224504209629,0.013071725473131172,0.));
#2322=CARTESIAN_POINT('',(0.0069753186508912,0.013056746856695637,0.));
#2323=CARTESIAN_POINT('',(0.006935575609889735,0.013038427795851012,0.));
#2324=CARTESIAN_POINT('',(0.006899407535803022,0.013018069241498023,0.));
#2325=CARTESIAN_POINT('',(0.00686726717597099,0.012994955416813586,0.));
#2326=CARTESIAN_POINT('',(0.006839205342118453,0.012969342444199599,0.));
#2327=CARTESIAN_POINT('',(0.006815170551906291,0.012941166262968018,0.));
#2328=CARTESIAN_POINT('',(0.006795543368695062,0.012910419482635301,0.));
#2329=CARTESIAN_POINT('',(0.0067798489320181655,0.01287740221811844,0.));
#2330=CARTESIAN_POINT('',(0.00676902631364117,0.012842028237726703,0.));
#2331=CARTESIAN_POINT('',(0.006761919369624265,0.012804602323353597,0.));
#2332=CARTESIAN_POINT('',(0.006761242652387568,0.012778865448846084,0.));
#2333=CARTESIAN_POINT('',(0.006760897452371166,0.012765736819899755,0.));
#2334=B_SPLINE_CURVE_WITH_KNOTS('',3,(#2315,#2316,#2317,#2318,#2319,#2320,#2321,#2322,#2323,#2324,#2325,#2326,#2327,#2328,#2329,#2330,#2331,#2332,#2333),.UNSPECIFIED.,.F.,.F.,(4,1,1,1,1,1,1,1,1,1,1,1,1,1,1,1,4),(0.,0.08761252995940444,0.17064761148776256,0.24847022097941043,0.3222629765944549,0.391714154978782,0.4567257052156452,0.5183161138530102,0.5766265425532764,0.6321080041528228,0.6854551819102891,0.7370284564163261,0.7883481285107401,0.8393903386972623,0.891214262064294,0.9445073414958329,1.),.UNSPECIFIED.);
#2335=CARTESIAN_POINT('',(0.007292725285312589,0.013106841645237484,0.));
#2336=VERTEX_POINT('',#2335);
#2337=TRIMMED_CURVE('',#2334,(PARAMETER_VALUE(0.)),(PARAMETER_VALUE(1.)),.T.,.PARAMETER.);
#2338=EDGE_CURVE('',#2311,#2336,#2337,.T.);
#2339=ORIENTED_EDGE('',*,*,#2338,.T.);
#2340=CARTESIAN_POINT('',(0.007815259859854718,0.0127870690721345,0.));
#2341=CARTESIAN_POINT('',(0.007814862178633503,0.012799979269174368,0.));
#2342=CARTESIAN_POINT('',(0.00781408600965165,0.012825176572837133,0.));
#2343=CARTESIAN_POINT('',(0.007807811484582781,0.012861698985566022,0.));
#2344=CARTESIAN_POINT('',(0.007797833392413542,0.012895811468722079,0.));
#2345=CARTESIAN_POINT('',(0.007783207667066236,0.012927233343081422,0.));
#2346=CARTESIAN_POINT('',(0.00776465115597372,0.012956192868215302,0.));
#2347=CARTESIAN_POINT('',(0.007742159770879785,0.012982879302406347,0.));
#2348=CARTESIAN_POINT('',(0.007715099513027243,0.013006547931708478,0.));
#2349=CARTESIAN_POINT('',(0.007684370682260563,0.013028032232827306,0.));
#2350=CARTESIAN_POINT('',(0.007649338471301601,0.013046502819737535,0.));
#2351=CARTESIAN_POINT('',(0.007610494999466113,0.013062830133938705,0.));
#2352=CARTESIAN_POINT('',(0.0075674197321803595,0.013076470741840767,0.));
#2353=CARTESIAN_POINT('',(0.0075202820916653495,0.013087437252103689,0.));
#2354=CARTESIAN_POINT('',(0.007469185261644168,0.013096440461081252,0.));
#2355=CARTESIAN_POINT('',(0.007413996434213386,0.013102243886906359,0.));
#2356=CARTESIAN_POINT('',(0.007354738215551122,0.013106204668141946,0.));
#2357=CARTESIAN_POINT('',(0.007313853527069854,0.013106624622658216,0.));
#2358=CARTESIAN_POINT('',(0.007292725285312589,0.013106841645237484,0.));
#2359=B_SPLINE_CURVE_WITH_KNOTS('',3,(#2340,#2341,#2342,#2343,#2344,#2345,#2346,#2347,#2348,#2349,#2350,#2351,#2352,#2353,#2354,#2355,#2356,#2357,#2358),.UNSPECIFIED.,.F.,.F.,(4,1,1,1,1,1,1,1,1,1,1,1,1,1,1,1,4),(0.,0.056008407725024606,0.10931365747226503,0.16036273758288644,0.2098597138057296,0.2591979424927109,0.3092838765557543,0.36080279365500617,0.4148051694480614,0.4716830795762736,0.5323569893762705,0.5974966026462487,0.6675439118722007,0.7423037968749455,0.8225564895742002,0.9083013830898629,1.),.UNSPECIFIED.);
#2360=TRIMMED_CURVE('',#2359,(PARAMETER_VALUE(0.)),(PARAMETER_VALUE(1.)),.T.,.PARAMETER.);
#2361=EDGE_CURVE('',#2336,#2284,#2360,.T.);
#2362=ORIENTED_EDGE('',*,*,#2361,.T.);
#2363=EDGE_LOOP('',(#2289,#2314,#2339,#2362));
#2364=FACE_BOUND('',#2363,.T.);
#2365=CARTESIAN_POINT('',(0.007517875591077306,0.014082000145908866,0.));
#2366=CARTESIAN_POINT('',(0.007517724821462595,0.014091729527038625,0.));
#2367=CARTESIAN_POINT('',(0.007517430907181265,0.014110696240378163,0.));
#2368=CARTESIAN_POINT('',(0.007513659980365837,0.014138101518993777,0.));
#2369=CARTESIAN_POINT('',(0.007508131166758438,0.01416379496680716,0.));
#2370=CARTESIAN_POINT('',(0.007499790801947237,0.014187468303151391,0.));
#2371=CARTESIAN_POINT('',(0.007489468698545512,0.014209439176964095,0.));
#2372=CARTESIAN_POINT('',(0.0074767713230292675,0.014229454828465887,0.));
#2373=CARTESIAN_POINT('',(0.007461510005590952,0.014247362986141307,0.));
#2374=CARTESIAN_POINT('',(0.007444120474882915,0.014263526662135869,0.));
#2375=CARTESIAN_POINT('',(0.0074242946008862614,0.014277725236662075,0.));
#2376=CARTESIAN_POINT('',(0.007402173013462499,0.014290019717422225,0.));
#2377=CARTESIAN_POINT('',(0.007377685443730226,0.014300283023070218,0.));
#2378=CARTESIAN_POINT('',(0.007351028523227432,0.014309026735947925,0.));
#2379=CARTESIAN_POINT('',(0.007321934150438419,0.01431545915296247,0.));
#2380=CARTESIAN_POINT('',(0.0072906523538418715,0.014319950676312332,0.));
#2381=CARTESIAN_POINT('',(0.007257094256233403,0.014323099957213894,0.));
#2382=CARTESIAN_POINT('',(0.007233946241239997,0.014323306692199863,0.));
#2383=CARTESIAN_POINT('',(0.007221969795227054,0.014323413653872347,0.));
#2384=B_SPLINE_CURVE_WITH_KNOTS('',3,(#2365,#2366,#2367,#2368,#2369,#2370,#2371,#2372,#2373,#2374,#2375,#2376,#2377,#2378,#2379,#2380,#2381,#2382,#2383),.UNSPECIFIED.,.F.,.F.,(4,1,1,1,1,1,1,1,1,1,1,1,1,1,1,1,4),(0.,0.06677089618247166,0.1301649540116892,0.18963911955229865,0.24698379698419282,0.30213587674916625,0.3560575800700847,0.40923926419889056,0.46329953942404206,0.5187222643586941,0.5763008988740789,0.6367440581052335,0.7008131252226556,0.7687314223402258,0.8410801495140486,0.9177771826105984,0.9999999999999999),.UNSPECIFIED.);
#2385=CARTESIAN_POINT('',(0.007221969795227054,0.014323413653872347,0.));
#2386=VERTEX_POINT('',#2385);
#2387=CARTESIAN_POINT('',(0.007517875591077306,0.014082000145908866,0.));
#2388=VERTEX_POINT('',#2387);
#2389=TRIMMED_CURVE('',#2384,(PARAMETER_VALUE(0.)),(PARAMETER_VALUE(0.9999999999999999)),.T.,.PARAMETER.);
#2390=EDGE_CURVE('',#2386,#2388,#2389,.T.);
#2391=ORIENTED_EDGE('',*,*,#2390,.T.);
#2392=CARTESIAN_POINT('',(0.007370661929615761,0.01383931937543639,0.));
#2393=CARTESIAN_POINT('',(0.007382322257185049,0.013846224041283701,0.));
#2394=CARTESIAN_POINT('',(0.007405025294744133,0.013859667650576236,0.));
#2395=CARTESIAN_POINT('',(0.00743520539930207,0.013883965262606605,0.));
#2396=CARTESIAN_POINT('',(0.007460902414366416,0.013910721972122238,0.));
#2397=CARTESIAN_POINT('',(0.007481775554005802,0.013940136975970458,0.));
#2398=CARTESIAN_POINT('',(0.007498153818495445,0.013972038133658566,0.));
#2399=CARTESIAN_POINT('',(0.007509387315243717,0.014006561687147694,0.));
#2400=CARTESIAN_POINT('',(0.007516659997596438,0.014043468072770229,0.));
#2401=CARTESIAN_POINT('',(0.007517463569861573,0.014068939832679813,0.));
#2402=CARTESIAN_POINT('',(0.007517875591077306,0.014082000145908866,0.));
#2403=B_SPLINE_CURVE_WITH_KNOTS('',3,(#2392,#2393,#2394,#2395,#2396,#2397,#2398,#2399,#2400,#2401,#2402),.UNSPECIFIED.,.F.,.F.,(4,1,1,1,1,1,1,1,4),(0.,0.13568697838911267,0.26418696630444893,0.386971898338814,0.5064100241338634,0.6244411085677869,0.7449418129884097,0.8692222356904441,1.),.UNSPECIFIED.);
#2404=CARTESIAN_POINT('',(0.007370661929615761,0.01383931937543639,0.));
#2405=VERTEX_POINT('',#2404);
#2406=TRIMMED_CURVE('',#2403,(PARAMETER_VALUE(0.)),(PARAMETER_VALUE(1.)),.T.,.PARAMETER.);
#2407=EDGE_CURVE('',#2388,#2405,#2406,.T.);
#2408=ORIENTED_EDGE('',*,*,#2407,.T.);
#2409=CARTESIAN_POINT('',(0.007517875591077306,0.013633178007306592,0.));
#2410=CARTESIAN_POINT('',(0.007517419885517788,0.013645260318294754,0.));
#2411=CARTESIAN_POINT('',(0.007516530794377657,0.013668833161389475,0.));
#2412=CARTESIAN_POINT('',(0.007508651530660807,0.013702931331320984,0.));
#2413=CARTESIAN_POINT('',(0.007495888766444847,0.013734626731055261,0.));
#2414=CARTESIAN_POINT('',(0.007478090429276502,0.013763535200527668,0.));
#2415=CARTESIAN_POINT('',(0.007456145812682696,0.013789083322462157,0.));
#2416=CARTESIAN_POINT('',(0.0074307841989987794,0.01381059746198407,0.));
#2417=CARTESIAN_POINT('',(0.0074022895601865485,0.013828068222371119,0.));
#2418=CARTESIAN_POINT('',(0.007381316381794722,0.013835529180909368,0.));
#2419=CARTESIAN_POINT('',(0.007370661929615761,0.01383931937543639,0.));
#2420=B_SPLINE_CURVE_WITH_KNOTS('',3,(#2409,#2410,#2411,#2412,#2413,#2414,#2415,#2416,#2417,#2418,#2419),.UNSPECIFIED.,.F.,.F.,(4,1,1,1,1,1,1,1,4),(0.,0.13330320949944738,0.26007736803261894,0.3842660186499801,0.50923376085399,0.6333079282888254,0.7546843214578902,0.8753787281571662,1.),.UNSPECIFIED.);
#2421=CARTESIAN_POINT('',(0.007517875591077306,0.013633178007306592,0.));
#2422=VERTEX_POINT('',#2421);
#2423=TRIMMED_CURVE('',#2420,(PARAMETER_VALUE(0.)),(PARAMETER_VALUE(1.)),.T.,.PARAMETER.);
#2424=EDGE_CURVE('',#2405,#2422,#2423,.T.);
#2425=ORIENTED_EDGE('',*,*,#2424,.T.);
#2426=CARTESIAN_POINT('',(0.007389037235996183,0.013406971649451047,0.));
#2427=CARTESIAN_POINT('',(0.007399290370193608,0.013413546948791632,0.));
#2428=CARTESIAN_POINT('',(0.0074193008037242774,0.013426379570296972,0.));
#2429=CARTESIAN_POINT('',(0.0074455722759904155,0.013449481775859588,0.));
#2430=CARTESIAN_POINT('',(0.007468069981487907,0.013474446021727404,0.));
#2431=CARTESIAN_POINT('',(0.007486215018932633,0.013501911041804026,0.));
#2432=CARTESIAN_POINT('',(0.007500522042013407,0.013531504184838665,0.));
#2433=CARTESIAN_POINT('',(0.0075106738516547466,0.01356342106482279,0.));
#2434=CARTESIAN_POINT('',(0.0075166368455055945,0.013597613301173503,0.));
#2435=CARTESIAN_POINT('',(0.007517455431190378,0.013621115108153777,0.));
#2436=CARTESIAN_POINT('',(0.007517875591077306,0.013633178007306592,0.));
#2437=B_SPLINE_CURVE_WITH_KNOTS('',3,(#2426,#2427,#2428,#2429,#2430,#2431,#2432,#2433,#2434,#2435,#2436),.UNSPECIFIED.,.F.,.F.,(4,1,1,1,1,1,1,1,4),(0.,0.1334982338021742,0.2605405803262448,0.3825720199182651,0.501281105386883,0.6204944467720239,0.7421707550304987,0.8676625936327459,1.),.UNSPECIFIED.);
#2438=CARTESIAN_POINT('',(0.007389037235996183,0.013406971649451047,0.));
#2439=VERTEX_POINT('',#2438);
#2440=TRIMMED_CURVE('',#2437,(PARAMETER_VALUE(0.)),(PARAMETER_VALUE(1.)),.T.,.PARAMETER.);
#2441=EDGE_CURVE('',#2422,#2439,#2440,.T.);
#2442=ORIENTED_EDGE('',*,*,#2441,.T.);
#2443=CARTESIAN_POINT('',(0.007389037235996183,0.013404225914014892,0.));
#2444=DIRECTION('',(0.,1.,0.));
#2445=VECTOR('',#2444,1.);
#2446=LINE('',#2443,#2445);
#2447=CARTESIAN_POINT('',(0.007389037235996183,0.013404225914014892,0.));
#2448=VERTEX_POINT('',#2447);
#2449=EDGE_CURVE('',#2439,#2448,#2446,.T.);
#2450=ORIENTED_EDGE('',*,*,#2449,.T.);
#2451=CARTESIAN_POINT('',(0.007504358124314697,0.013404225914014892,0.));
#2452=DIRECTION('',(-1.,0.,0.));
#2453=VECTOR('',#2452,1.);
#2454=LINE('',#2451,#2453);
#2455=CARTESIAN_POINT('',(0.007504358124314697,0.013404225914014892,0.));
#2456=VERTEX_POINT('',#2455);
#2457=EDGE_CURVE('',#2448,#2456,#2454,.T.);
#2458=ORIENTED_EDGE('',*,*,#2457,.T.);
#2459=CARTESIAN_POINT('',(0.007504358124314697,0.013282568713151404,0.));
#2460=DIRECTION('',(0.,1.,0.));
#2461=VECTOR('',#2460,1.);
#2462=LINE('',#2459,#2461);
#2463=CARTESIAN_POINT('',(0.007504358124314697,0.013282568713151404,0.));
#2464=VERTEX_POINT('',#2463);
#2465=EDGE_CURVE('',#2456,#2464,#2462,.T.);
#2466=ORIENTED_EDGE('',*,*,#2465,.T.);
#2467=CARTESIAN_POINT('',(0.0067744149191337755,0.013282568713151404,0.));
#2468=DIRECTION('',(1.,0.,0.));
#2469=VECTOR('',#2468,1.);
#2470=LINE('',#2467,#2469);
#2471=CARTESIAN_POINT('',(0.0067744149191337755,0.013282568713151404,0.));
#2472=VERTEX_POINT('',#2471);
#2473=EDGE_CURVE('',#2464,#2472,#2470,.T.);
#2474=ORIENTED_EDGE('',*,*,#2473,.T.);
#2475=CARTESIAN_POINT('',(0.0067744149191337755,0.013404225914014892,0.));
#2476=DIRECTION('',(0.,-1.,0.));
#2477=VECTOR('',#2476,1.);
#2478=LINE('',#2475,#2477);
#2479=CARTESIAN_POINT('',(0.0067744149191337755,0.013404225914014892,0.));
#2480=VERTEX_POINT('',#2479);
#2481=EDGE_CURVE('',#2472,#2480,#2478,.T.);
#2482=ORIENTED_EDGE('',*,*,#2481,.T.);
#2483=CARTESIAN_POINT('',(0.00719071065333852,0.013404225914014892,0.));
#2484=DIRECTION('',(-1.,0.,0.));
#2485=VECTOR('',#2484,1.);
#2486=LINE('',#2483,#2485);
#2487=CARTESIAN_POINT('',(0.00719071065333852,0.013404225914014892,0.));
#2488=VERTEX_POINT('',#2487);
#2489=EDGE_CURVE('',#2480,#2488,#2486,.T.);
#2490=ORIENTED_EDGE('',*,*,#2489,.T.);
#2491=CARTESIAN_POINT('',(0.0074232533237390385,0.013578474509001657,0.));
#2492=CARTESIAN_POINT('',(0.007423038709510663,0.013572267782496181,0.));
#2493=CARTESIAN_POINT('',(0.007422616744896286,0.013560064402616494,0.));
#2494=CARTESIAN_POINT('',(0.007419629919750763,0.013542172437311116,0.));
#2495=CARTESIAN_POINT('',(0.007414555059332096,0.013525224837165912,0.));
#2496=CARTESIAN_POINT('',(0.0074074018974775654,0.013509088346915154,0.));
#2497=CARTESIAN_POINT('',(0.007398413099561095,0.013493661947018995,0.));
#2498=CARTESIAN_POINT('',(0.007387021614819364,0.013479268396431055,0.));
#2499=CARTESIAN_POINT('',(0.007373857297342402,0.013465681968363072,0.));
#2500=CARTESIAN_POINT('',(0.007358820645034466,0.013453077689414025,0.));
#2501=CARTESIAN_POINT('',(0.007342265796777061,0.013441395418309085,0.));
#2502=CARTESIAN_POINT('',(0.00732405500043277,0.013431666878210735,0.));
#2503=CARTESIAN_POINT('',(0.0073048430069058675,0.01342302602036043,0.));
#2504=CARTESIAN_POINT('',(0.0072844023969116135,0.013416117331289104,0.));
#2505=CARTESIAN_POINT('',(0.007262624939355103,0.013410829422941003,0.));
#2506=CARTESIAN_POINT('',(0.007239741177371982,0.01340712963055893,0.));
#2507=CARTESIAN_POINT('',(0.007215614015058291,0.013404713474451517,0.));
#2508=CARTESIAN_POINT('',(0.007199165102059936,0.013404391436033827,0.));
#2509=CARTESIAN_POINT('',(0.00719071065333852,0.013404225914014892,0.));
#2510=B_SPLINE_CURVE_WITH_KNOTS('',3,(#2491,#2492,#2493,#2494,#2495,#2496,#2497,#2498,#2499,#2500,#2501,#2502,#2503,#2504,#2505,#2506,#2507,#2508,#2509),.UNSPECIFIED.,.F.,.F.,(4,1,1,1,1,1,1,1,1,1,1,1,1,1,1,1,4),(0.,0.057381334798063684,0.11282053847970452,0.16719454335127723,0.22053770518684881,0.27569333051940953,0.33182011372511844,0.38982950885086703,0.45034549131772467,0.5130118173331331,0.5768141813254729,0.64093129340896,0.7076336795253464,0.7760021956705411,0.8479234044030711,0.9218353346917154,1.),.UNSPECIFIED.);
#2511=CARTESIAN_POINT('',(0.0074232533237390385,0.013578474509001657,0.));
#2512=VERTEX_POINT('',#2511);
#2513=TRIMMED_CURVE('',#2510,(PARAMETER_VALUE(0.)),(PARAMETER_VALUE(1.)),.T.,.PARAMETER.);
#2514=EDGE_CURVE('',#2488,#2512,#2513,.T.);
#2515=ORIENTED_EDGE('',*,*,#2514,.T.);
#2516=CARTESIAN_POINT('',(0.007208029907628113,0.013742162583080133,0.));
#2517=CARTESIAN_POINT('',(0.007216692764465063,0.013742045514189243,0.));
#2518=CARTESIAN_POINT('',(0.007233547586550206,0.013741817739984402,0.));
#2519=CARTESIAN_POINT('',(0.0072579565841017855,0.013739935486234698,0.));
#2520=CARTESIAN_POINT('',(0.0072807343378429555,0.013736745460334187,0.));
#2521=CARTESIAN_POINT('',(0.007301846902920911,0.013732506355329526,0.));
#2522=CARTESIAN_POINT('',(0.00732119099256538,0.013726419947861678,0.));
#2523=CARTESIAN_POINT('',(0.00733899407569712,0.013719555425536904,0.));
#2524=CARTESIAN_POINT('',(0.007355217400781308,0.013711423441440595,0.));
#2525=CARTESIAN_POINT('',(0.007369391501662482,0.013701476609964049,0.));
#2526=CARTESIAN_POINT('',(0.007382308885633548,0.013690759605602008,0.));
#2527=CARTESIAN_POINT('',(0.007393262329054506,0.013678471127836366,0.));
#2528=CARTESIAN_POINT('',(0.007402508070256343,0.013664884034087684,0.));
#2529=CARTESIAN_POINT('',(0.007410123008440987,0.01365006799091324,0.));
#2530=CARTESIAN_POINT('',(0.007416003450532279,0.0136339487412381,0.));
#2531=CARTESIAN_POINT('',(0.007420257432776479,0.013616604050471692,0.));
#2532=CARTESIAN_POINT('',(0.007422799903540421,0.013597981481390669,0.));
#2533=CARTESIAN_POINT('',(0.007423099307674533,0.013585100563877336,0.));
#2534=CARTESIAN_POINT('',(0.0074232533237390385,0.013578474509001657,0.));
#2535=B_SPLINE_CURVE_WITH_KNOTS('',3,(#2516,#2517,#2518,#2519,#2520,#2521,#2522,#2523,#2524,#2525,#2526,#2527,#2528,#2529,#2530,#2531,#2532,#2533,#2534),.UNSPECIFIED.,.F.,.F.,(4,1,1,1,1,1,1,1,1,1,1,1,1,1,1,1,4),(0.,0.08422971875032476,0.1638809171777181,0.2378484178921031,0.30780074197419705,0.37298083925571046,0.43476492782749365,0.49324437699297363,0.5488818646667982,0.6027909503086972,0.6561187771523356,0.7083365035731068,0.7622238508030457,0.8176714848847542,0.8747886858946841,0.9355902219341906,1.),.UNSPECIFIED.);
#2536=CARTESIAN_POINT('',(0.007208029907628113,0.013742162583080133,0.));
#2537=VERTEX_POINT('',#2536);
#2538=TRIMMED_CURVE('',#2535,(PARAMETER_VALUE(0.)),(PARAMETER_VALUE(1.)),.T.,.PARAMETER.);
#2539=EDGE_CURVE('',#2512,#2537,#2538,.T.);
#2540=ORIENTED_EDGE('',*,*,#2539,.T.);
#2541=CARTESIAN_POINT('',(0.0067744149191337755,0.013742162583080133,0.));
#2542=DIRECTION('',(1.,0.,0.));
#2543=VECTOR('',#2542,1.);
#2544=LINE('',#2541,#2543);
#2545=CARTESIAN_POINT('',(0.0067744149191337755,0.013742162583080133,0.));
#2546=VERTEX_POINT('',#2545);
#2547=EDGE_CURVE('',#2537,#2546,#2544,.T.);
#2548=ORIENTED_EDGE('',*,*,#2547,.T.);
#2549=CARTESIAN_POINT('',(0.0067744149191337755,0.01386381978394362,0.));
#2550=DIRECTION('',(0.,-1.,0.));
#2551=VECTOR('',#2550,1.);
#2552=LINE('',#2549,#2551);
#2553=CARTESIAN_POINT('',(0.0067744149191337755,0.01386381978394362,0.));
#2554=VERTEX_POINT('',#2553);
#2555=EDGE_CURVE('',#2546,#2554,#2552,.T.);
#2556=ORIENTED_EDGE('',*,*,#2555,.T.);
#2557=CARTESIAN_POINT('',(0.00719071065333852,0.01386381978394362,0.));
#2558=DIRECTION('',(-1.,0.,0.));
#2559=VECTOR('',#2558,1.);
#2560=LINE('',#2557,#2559);
#2561=CARTESIAN_POINT('',(0.00719071065333852,0.01386381978394362,0.));
#2562=VERTEX_POINT('',#2561);
#2563=EDGE_CURVE('',#2554,#2562,#2560,.T.);
#2564=ORIENTED_EDGE('',*,*,#2563,.T.);
#2565=CARTESIAN_POINT('',(0.007423253323739039,0.014040814114366541,0.));
#2566=CARTESIAN_POINT('',(0.007423053223844893,0.01403474685408411,0.));
#2567=CARTESIAN_POINT('',(0.0074226594920989136,0.014022808452044852,0.));
#2568=CARTESIAN_POINT('',(0.007419442230790567,0.014005229937843713,0.));
#2569=CARTESIAN_POINT('',(0.0074137941160508395,0.01398850819168276,0.));
#2570=CARTESIAN_POINT('',(0.007406444730245205,0.013972221739403249,0.));
#2571=CARTESIAN_POINT('',(0.0073965957779218595,0.01395688349589728,0.));
#2572=CARTESIAN_POINT('',(0.007384866670249611,0.013942071251426012,0.));
#2573=CARTESIAN_POINT('',(0.007370782824686884,0.013928192677883016,0.));
#2574=CARTESIAN_POINT('',(0.007354912164936733,0.013915003750138644,0.));
#2575=CARTESIAN_POINT('',(0.007337448057415897,0.013903109722758948,0.));
#2576=CARTESIAN_POINT('',(0.007319075432996979,0.013892470263626056,0.));
#2577=CARTESIAN_POINT('',(0.007299772467674099,0.013883562196873067,0.));
#2578=CARTESIAN_POINT('',(0.007279591015502577,0.013876427298397718,0.));
#2579=CARTESIAN_POINT('',(0.007258582491778422,0.013870622390908501,0.));
#2580=CARTESIAN_POINT('',(0.007236664652968717,0.013866694020435033,0.));
#2581=CARTESIAN_POINT('',(0.007213925073140738,0.01386433789986033,0.));
#2582=CARTESIAN_POINT('',(0.007198531127568579,0.01386399432684451,0.));
#2583=CARTESIAN_POINT('',(0.00719071065333852,0.01386381978394362,0.));
#2584=B_SPLINE_CURVE_WITH_KNOTS('',3,(#2565,#2566,#2567,#2568,#2569,#2570,#2571,#2572,#2573,#2574,#2575,#2576,#2577,#2578,#2579,#2580,#2581,#2582,#2583),.UNSPECIFIED.,.F.,.F.,(4,1,1,1,1,1,1,1,1,1,1,1,1,1,1,1,4),(0.,0.056228554315786,0.1106395730956458,0.16492516651053168,0.21953938715936377,0.27585879149424425,0.3334535420221083,0.39437701255510077,0.4588112396635159,0.5245318889239023,0.590028506467518,0.6554470200967788,0.721306897887065,0.7882860872994987,0.857292321413016,0.9275012557638334,1.),.UNSPECIFIED.);
#2585=CARTESIAN_POINT('',(0.007423253323739039,0.014040814114366541,0.));
#2586=VERTEX_POINT('',#2585);
#2587=TRIMMED_CURVE('',#2584,(PARAMETER_VALUE(0.)),(PARAMETER_VALUE(1.)),.T.,.PARAMETER.);
#2588=EDGE_CURVE('',#2562,#2586,#2587,.T.);
#2589=ORIENTED_EDGE('',*,*,#2588,.T.);
#2590=CARTESIAN_POINT('',(0.00719366759919284,0.01420175645300886,0.));
#2591=CARTESIAN_POINT('',(0.007203455828750759,0.014201624184268886,0.));
#2592=CARTESIAN_POINT('',(0.007222273164643851,0.0142013699048516,0.));
#2593=CARTESIAN_POINT('',(0.007249491706350996,0.014199734005198111,0.));
#2594=CARTESIAN_POINT('',(0.007274586444058645,0.014196783055441465,0.));
#2595=CARTESIAN_POINT('',(0.007297656129843443,0.014192814856360642,0.));
#2596=CARTESIAN_POINT('',(0.007318669428290019,0.014187842711218356,0.));
#2597=CARTESIAN_POINT('',(0.007337580469405676,0.014181553013449137,0.));
#2598=CARTESIAN_POINT('',(0.007354342229128628,0.014173941651861985,0.));
#2599=CARTESIAN_POINT('',(0.007369140851497928,0.014165248702842276,0.));
#2600=CARTESIAN_POINT('',(0.0073821153752683605,0.01415520766111027,0.));
#2601=CARTESIAN_POINT('',(0.007393132242807537,0.014143459465975158,0.));
#2602=CARTESIAN_POINT('',(0.007402579671608489,0.014130205688868483,0.));
#2603=CARTESIAN_POINT('',(0.00741014667654949,0.014115299028673216,0.));
#2604=CARTESIAN_POINT('',(0.007416071734503982,0.014098907603427581,0.));
#2605=CARTESIAN_POINT('',(0.00742026573675083,0.014080977967848825,0.));
#2606=CARTESIAN_POINT('',(0.007422816322754187,0.01406144549148694,0.));
#2607=CARTESIAN_POINT('',(0.007423104026417244,0.014047862632460982,0.));
#2608=CARTESIAN_POINT('',(0.0074232533237390385,0.01404081411436654,0.));
#2609=B_SPLINE_CURVE_WITH_KNOTS('',3,(#2590,#2591,#2592,#2593,#2594,#2595,#2596,#2597,#2598,#2599,#2600,#2601,#2602,#2603,#2604,#2605,#2606,#2607,#2608),.UNSPECIFIED.,.F.,.F.,(4,1,1,1,1,1,1,1,1,1,1,1,1,1,1,1,4),(0.,0.09096593703653154,0.17487703796868634,0.2532731853516113,0.32566493246637407,0.392314721468747,0.4537647065166448,0.5105665104142205,0.5630802844097719,0.6129473207985096,0.6624697889808477,0.7122121951876281,0.7637135406509403,0.8173205024541425,0.8738162578867543,0.9345197952942538,1.),.UNSPECIFIED.);
#2610=CARTESIAN_POINT('',(0.00719366759919284,0.01420175645300886,0.));
#2611=VERTEX_POINT('',#2610);
#2612=TRIMMED_CURVE('',#2609,(PARAMETER_VALUE(0.)),(PARAMETER_VALUE(1.)),.T.,.PARAMETER.);
#2613=EDGE_CURVE('',#2586,#2611,#2612,.T.);
#2614=ORIENTED_EDGE('',*,*,#2613,.T.);
#2615=CARTESIAN_POINT('',(0.0067744149191337755,0.01420175645300886,0.));
#2616=DIRECTION('',(1.,0.,0.));
#2617=VECTOR('',#2616,1.);
#2618=LINE('',#2615,#2617);
#2619=CARTESIAN_POINT('',(0.0067744149191337755,0.01420175645300886,0.));
#2620=VERTEX_POINT('',#2619);
#2621=EDGE_CURVE('',#2611,#2620,#2618,.T.);
#2622=ORIENTED_EDGE('',*,*,#2621,.T.);
#2623=CARTESIAN_POINT('',(0.0067744149191337755,0.014323413653872347,0.));
#2624=DIRECTION('',(0.,-1.,0.));
#2625=VECTOR('',#2624,1.);
#2626=LINE('',#2623,#2625);
#2627=CARTESIAN_POINT('',(0.0067744149191337755,0.014323413653872347,0.));
#2628=VERTEX_POINT('',#2627);
#2629=EDGE_CURVE('',#2620,#2628,#2626,.T.);
#2630=ORIENTED_EDGE('',*,*,#2629,.T.);
#2631=CARTESIAN_POINT('',(0.007221969795227054,0.014323413653872347,0.));
#2632=DIRECTION('',(-1.,0.,0.));
#2633=VECTOR('',#2632,1.);
#2634=LINE('',#2631,#2633);
#2635=EDGE_CURVE('',#2628,#2386,#2634,.T.);
#2636=ORIENTED_EDGE('',*,*,#2635,.T.);
#2637=EDGE_LOOP('',(#2391,#2408,#2425,#2442,#2450,#2458,#2466,#2474,#2482,#2490,#2515,#2540,#2548,#2556,#2564,#2589,#2614,#2622,#2630,#2636));
#2638=FACE_BOUND('',#2637,.T.);
#2639=CARTESIAN_POINT('',(0.007801742393092109,0.01482778413245222,0.));
#2640=DIRECTION('',(0.,1.,0.));
#2641=VECTOR('',#2640,1.);
#2642=LINE('',#2639,#2641);
#2643=CARTESIAN_POINT('',(0.007801742393092109,0.014953031910424524,0.));
#2644=VERTEX_POINT('',#2643);
#2645=CARTESIAN_POINT('',(0.007801742393092109,0.01482778413245222,0.));
#2646=VERTEX_POINT('',#2645);
#2647=EDGE_CURVE('',#2644,#2646,#2642,.T.);
#2648=ORIENTED_EDGE('',*,*,#2647,.T.);
#2649=CARTESIAN_POINT('',(0.0067744149191337755,0.014431553387973223,0.));
#2650=DIRECTION('',(0.9330090187956128,0.35985298504534863,0.));
#2651=VECTOR('',#2650,1.);
#2652=LINE('',#2649,#2651);
#2653=CARTESIAN_POINT('',(0.0067744149191337755,0.014431553387973223,0.));
#2654=VERTEX_POINT('',#2653);
#2655=EDGE_CURVE('',#2646,#2654,#2652,.T.);
#2656=ORIENTED_EDGE('',*,*,#2655,.T.);
#2657=CARTESIAN_POINT('',(0.0067744149191337755,0.014566305634762989,0.));
#2658=DIRECTION('',(0.,-1.,0.));
#2659=VECTOR('',#2658,1.);
#2660=LINE('',#2657,#2659);
#2661=CARTESIAN_POINT('',(0.0067744149191337755,0.014566305634762989,0.));
#2662=VERTEX_POINT('',#2661);
#2663=EDGE_CURVE('',#2654,#2662,#2660,.T.);
#2664=ORIENTED_EDGE('',*,*,#2663,.T.);
#2665=CARTESIAN_POINT('',(0.007058281721148578,0.014667264214646229,0.));
#2666=DIRECTION('',(-0.9421851824858796,-0.33509264674720873,0.));
#2667=VECTOR('',#2666,1.);
#2668=LINE('',#2665,#2667);
#2669=CARTESIAN_POINT('',(0.007058281721148578,0.014667264214646229,0.));
#2670=VERTEX_POINT('',#2669);
#2671=EDGE_CURVE('',#2662,#2670,#2668,.T.);
#2672=ORIENTED_EDGE('',*,*,#2671,.T.);
#2673=CARTESIAN_POINT('',(0.007058281721148578,0.015108693988612702,0.));
#2674=DIRECTION('',(0.,-1.,0.));
#2675=VECTOR('',#2674,1.);
#2676=LINE('',#2673,#2675);
#2677=CARTESIAN_POINT('',(0.007058281721148578,0.015108693988612702,0.));
#2678=VERTEX_POINT('',#2677);
#2679=EDGE_CURVE('',#2670,#2678,#2676,.T.);
#2680=ORIENTED_EDGE('',*,*,#2679,.T.);
#2681=CARTESIAN_POINT('',(0.0067744149191337755,0.015216833722713577,0.));
#2682=DIRECTION('',(0.9344877349289696,-0.3559953275919838,0.));
#2683=VECTOR('',#2682,1.);
#2684=LINE('',#2681,#2683);
#2685=CARTESIAN_POINT('',(0.0067744149191337755,0.015216833722713577,0.));
#2686=VERTEX_POINT('',#2685);
#2687=EDGE_CURVE('',#2678,#2686,#2684,.T.);
#2688=ORIENTED_EDGE('',*,*,#2687,.T.);
#2689=CARTESIAN_POINT('',(0.0067744149191337755,0.01535074112783068,0.));
#2690=DIRECTION('',(0.,-1.,0.));
#2691=VECTOR('',#2690,1.);
#2692=LINE('',#2689,#2691);
#2693=CARTESIAN_POINT('',(0.0067744149191337755,0.01535074112783068,0.));
#2694=VERTEX_POINT('',#2693);
#2695=EDGE_CURVE('',#2686,#2694,#2692,.T.);
#2696=ORIENTED_EDGE('',*,*,#2695,.T.);
#2697=CARTESIAN_POINT('',(0.007801742393092109,0.014953031910424524,0.));
#2698=DIRECTION('',(-0.9325576873977117,0.36102099616979616,0.));
#2699=VECTOR('',#2698,1.);
#2700=LINE('',#2697,#2699);
#2701=EDGE_CURVE('',#2694,#2644,#2700,.T.);
#2702=ORIENTED_EDGE('',*,*,#2701,.T.);
#2703=EDGE_LOOP('',(#2648,#2656,#2664,#2672,#2680,#2688,#2696,#2702));
#2704=FACE_BOUND('',#2703,.T.);
#2705=CARTESIAN_POINT('',(0.007517875591077306,0.01584877529386558,0.));
#2706=CARTESIAN_POINT('',(0.007517734222629198,0.015858717042480132,0.));
#2707=CARTESIAN_POINT('',(0.007517460493739843,0.015877967050829913,0.));
#2708=CARTESIAN_POINT('',(0.0075135991581131364,0.015905846394157586,0.));
#2709=CARTESIAN_POINT('',(0.0075082127591549076,0.015931925495000755,0.));
#2710=CARTESIAN_POINT('',(0.0074997279186599635,0.015955970355519385,0.));
#2711=CARTESIAN_POINT('',(0.0074895412056468465,0.015978285119720104,0.));
#2712=CARTESIAN_POINT('',(0.0074767094724748195,0.0159985661635497,0.));
#2713=CARTESIAN_POINT('',(0.007461525341605961,0.016016868993142978,0.));
#2714=CARTESIAN_POINT('',(0.007444195504182578,0.016033465969726636,0.));
#2715=CARTESIAN_POINT('',(0.007424300107256258,0.01604787635650771,0.));
#2716=CARTESIAN_POINT('',(0.007402175791618661,0.016060355355383197,0.));
#2717=CARTESIAN_POINT('',(0.007377777685112654,0.016070974388641572,0.));
#2718=CARTESIAN_POINT('',(0.007350949367341552,0.01607926514201263,0.));
#2719=CARTESIAN_POINT('',(0.007321954178965247,0.016086050687683772,0.));
#2720=CARTESIAN_POINT('',(0.007290679542140416,0.016090869864089696,0.));
#2721=CARTESIAN_POINT('',(0.007257077172982658,0.016093533289429727,0.));
#2722=CARTESIAN_POINT('',(0.007233943052404649,0.016093973806492114,0.));
#2723=CARTESIAN_POINT('',(0.007221969795227054,0.01609420179977421,0.));
#2724=B_SPLINE_CURVE_WITH_KNOTS('',3,(#2705,#2706,#2707,#2708,#2709,#2710,#2711,#2712,#2713,#2714,#2715,#2716,#2717,#2718,#2719,#2720,#2721,#2722,#2723),.UNSPECIFIED.,.F.,.F.,(4,1,1,1,1,1,1,1,1,1,1,1,1,1,1,1,4),(0.,0.06773246468912839,0.1311490122480645,0.191603575242785,0.24899156257755867,0.3046176098861574,0.3585588060426397,0.41209687423726216,0.4664276040491391,0.5217357915638343,0.5791378330178526,0.639338348003909,0.7028021223971173,0.7703420656995041,0.8422453217905552,0.9183527497057347,1.),.UNSPECIFIED.);
#2725=CARTESIAN_POINT('',(0.007221969795227054,0.01609420179977421,0.));
#2726=VERTEX_POINT('',#2725);
#2727=CARTESIAN_POINT('',(0.007517875591077306,0.01584877529386558,0.));
#2728=VERTEX_POINT('',#2727);
#2729=TRIMMED_CURVE('',#2724,(PARAMETER_VALUE(0.)),(PARAMETER_VALUE(1.)),.T.,.PARAMETER.);
#2730=EDGE_CURVE('',#2726,#2728,#2729,.T.);
#2731=ORIENTED_EDGE('',*,*,#2730,.T.);
#2732=CARTESIAN_POINT('',(0.007383334554705707,0.015610318731756419,0.));
#2733=CARTESIAN_POINT('',(0.00739400251319485,0.0156173981842396,0.));
#2734=CARTESIAN_POINT('',(0.007414860515232661,0.015631239936105348,0.));
#2735=CARTESIAN_POINT('',(0.007442503859076013,0.015655658204316757,0.));
#2736=CARTESIAN_POINT('',(0.007465692442230261,0.015682557322022003,0.));
#2737=CARTESIAN_POINT('',(0.007484996017714844,0.015711382127510522,0.));
#2738=CARTESIAN_POINT('',(0.007499654821946106,0.0157426967675261,0.));
#2739=CARTESIAN_POINT('',(0.007510231497993981,0.015776053599820455,0.));
#2740=CARTESIAN_POINT('',(0.007516746739690641,0.01581170194304704,0.));
#2741=CARTESIAN_POINT('',(0.007517493152519694,0.015836215377670784,0.));
#2742=CARTESIAN_POINT('',(0.007517875591077306,0.01584877529386558,0.));
#2743=B_SPLINE_CURVE_WITH_KNOTS('',3,(#2732,#2733,#2734,#2735,#2736,#2737,#2738,#2739,#2740,#2741,#2742),.UNSPECIFIED.,.F.,.F.,(4,1,1,1,1,1,1,1,4),(0.,0.13368922751706794,0.2613892979451075,0.3839676763332818,0.5039551118070286,0.6227660492285119,0.7439944923459543,0.868830795402795,1.),.UNSPECIFIED.);
#2744=CARTESIAN_POINT('',(0.007383334554705707,0.015610318731756419,0.));
#2745=VERTEX_POINT('',#2744);
#2746=TRIMMED_CURVE('',#2743,(PARAMETER_VALUE(0.)),(PARAMETER_VALUE(1.)),.T.,.PARAMETER.);
#2747=EDGE_CURVE('',#2728,#2745,#2746,.T.);
#2748=ORIENTED_EDGE('',*,*,#2747,.T.);
#2749=CARTESIAN_POINT('',(0.007383334554705707,0.015607572996320264,0.));
#2750=DIRECTION('',(0.,1.,0.));
#2751=VECTOR('',#2750,1.);
#2752=LINE('',#2749,#2751);
#2753=CARTESIAN_POINT('',(0.007383334554705707,0.015607572996320264,0.));
#2754=VERTEX_POINT('',#2753);
#2755=EDGE_CURVE('',#2745,#2754,#2752,.T.);
#2756=ORIENTED_EDGE('',*,*,#2755,.T.);
#2757=CARTESIAN_POINT('',(0.007855812260142547,0.015607572996320264,0.));
#2758=DIRECTION('',(-1.,0.,0.));
#2759=VECTOR('',#2758,1.);
#2760=LINE('',#2757,#2759);
#2761=CARTESIAN_POINT('',(0.007855812260142547,0.015607572996320264,0.));
#2762=VERTEX_POINT('',#2761);
#2763=EDGE_CURVE('',#2754,#2762,#2760,.T.);
#2764=ORIENTED_EDGE('',*,*,#2763,.T.);
#2765=CARTESIAN_POINT('',(0.007855812260142547,0.015485915795456776,0.));
#2766=DIRECTION('',(0.,1.,0.));
#2767=VECTOR('',#2766,1.);
#2768=LINE('',#2765,#2767);
#2769=CARTESIAN_POINT('',(0.007855812260142547,0.015485915795456776,0.));
#2770=VERTEX_POINT('',#2769);
#2771=EDGE_CURVE('',#2762,#2770,#2768,.T.);
#2772=ORIENTED_EDGE('',*,*,#2771,.T.);
#2773=CARTESIAN_POINT('',(0.0067744149191337755,0.015485915795456776,0.));
#2774=DIRECTION('',(1.,0.,0.));
#2775=VECTOR('',#2774,1.);
#2776=LINE('',#2773,#2775);
#2777=CARTESIAN_POINT('',(0.0067744149191337755,0.015485915795456776,0.));
#2778=VERTEX_POINT('',#2777);
#2779=EDGE_CURVE('',#2770,#2778,#2776,.T.);
#2780=ORIENTED_EDGE('',*,*,#2779,.T.);
#2781=CARTESIAN_POINT('',(0.0067744149191337755,0.015607572996320264,0.));
#2782=DIRECTION('',(0.,-1.,0.));
#2783=VECTOR('',#2782,1.);
#2784=LINE('',#2781,#2783);
#2785=CARTESIAN_POINT('',(0.0067744149191337755,0.015607572996320264,0.));
#2786=VERTEX_POINT('',#2785);
#2787=EDGE_CURVE('',#2778,#2786,#2784,.T.);
#2788=ORIENTED_EDGE('',*,*,#2787,.T.);
#2789=CARTESIAN_POINT('',(0.007187964917902364,0.015607572996320264,0.));
#2790=DIRECTION('',(-1.,0.,0.));
#2791=VECTOR('',#2790,1.);
#2792=LINE('',#2789,#2791);
#2793=CARTESIAN_POINT('',(0.007187964917902364,0.015607572996320264,0.));
#2794=VERTEX_POINT('',#2793);
#2795=EDGE_CURVE('',#2786,#2794,#2792,.T.);
#2796=ORIENTED_EDGE('',*,*,#2795,.T.);
#2797=CARTESIAN_POINT('',(0.0074232533237390385,0.015806110789396092,0.));
#2798=CARTESIAN_POINT('',(0.007423057209551767,0.015799268688463784,0.));
#2799=CARTESIAN_POINT('',(0.0074226688972416355,0.015785721111635433,0.));
#2800=CARTESIAN_POINT('',(0.0074193819099981,0.015765905663618306,0.));
#2801=CARTESIAN_POINT('',(0.00741430836731766,0.015746840079034624,0.));
#2802=CARTESIAN_POINT('',(0.0074071614675092524,0.01572865037888088,0.));
#2803=CARTESIAN_POINT('',(0.007397682618937095,0.01571135208288115,0.));
#2804=CARTESIAN_POINT('',(0.007386241130348904,0.015694896364658956,0.));
#2805=CARTESIAN_POINT('',(0.007372849143228162,0.015679140766625795,0.));
#2806=CARTESIAN_POINT('',(0.007357456164446004,0.015664471502238125,0.));
#2807=CARTESIAN_POINT('',(0.007340496777610875,0.01565098198740493,0.));
#2808=CARTESIAN_POINT('',(0.007322053848259306,0.015639359666285366,0.));
#2809=CARTESIAN_POINT('',(0.007302486005754023,0.01562962775105629,0.));
#2810=CARTESIAN_POINT('',(0.007281854324785037,0.015621556114582394,0.));
#2811=CARTESIAN_POINT('',(0.007260032038840967,0.01561515715199631,0.));
#2812=CARTESIAN_POINT('',(0.007236956837895412,0.015610872562414408,0.));
#2813=CARTESIAN_POINT('',(0.007212820782781284,0.015607971150903982,0.));
#2814=CARTESIAN_POINT('',(0.00719635183426358,0.015607707342447779,0.));
#2815=CARTESIAN_POINT('',(0.007187964917902364,0.015607572996320264,0.));
#2816=B_SPLINE_CURVE_WITH_KNOTS('',3,(#2797,#2798,#2799,#2800,#2801,#2802,#2803,#2804,#2805,#2806,#2807,#2808,#2809,#2810,#2811,#2812,#2813,#2814,#2815),.UNSPECIFIED.,.F.,.F.,(4,1,1,1,1,1,1,1,1,1,1,1,1,1,1,1,4),(0.,0.05967486580857946,0.11815812675981947,0.17479200780176374,0.23160888514688027,0.2882427661888126,0.34652883569244647,0.406238481673203,0.4683768871103989,0.5318019633613318,0.5950392896500687,0.658234817975316,0.7222404833434579,0.7881521525363804,0.8563521121302056,0.9268464031122619,1.),.UNSPECIFIED.);
#2817=CARTESIAN_POINT('',(0.0074232533237390385,0.015806110789396092,0.));
#2818=VERTEX_POINT('',#2817);
#2819=TRIMMED_CURVE('',#2816,(PARAMETER_VALUE(0.)),(PARAMETER_VALUE(1.)),.T.,.PARAMETER.);
#2820=EDGE_CURVE('',#2794,#2818,#2819,.T.);
#2821=ORIENTED_EDGE('',*,*,#2820,.T.);
#2822=CARTESIAN_POINT('',(0.00719514607212,0.015972544598910725,0.));
#2823=CARTESIAN_POINT('',(0.007204371436214671,0.015972424697141895,0.));
#2824=CARTESIAN_POINT('',(0.007222209448912957,0.015972192857048328,0.));
#2825=CARTESIAN_POINT('',(0.007248111271052971,0.015970366220518513,0.));
#2826=CARTESIAN_POINT('',(0.007272132043209514,0.015966906914620563,0.));
#2827=CARTESIAN_POINT('',(0.007294555055417675,0.015962590088414372,0.));
#2828=CARTESIAN_POINT('',(0.007315128740653411,0.015956746877251626,0.));
#2829=CARTESIAN_POINT('',(0.007333928938494549,0.015949519144353396,0.));
#2830=CARTESIAN_POINT('',(0.007350929363549989,0.01594106825999209,0.));
#2831=CARTESIAN_POINT('',(0.007366218035918293,0.015931383536642068,0.));
#2832=CARTESIAN_POINT('',(0.007379763225845778,0.01592029567260339,0.));
#2833=CARTESIAN_POINT('',(0.007391292263651813,0.01590773436648606,0.));
#2834=CARTESIAN_POINT('',(0.007401545621780808,0.015894209940459335,0.));
#2835=CARTESIAN_POINT('',(0.007409181363579342,0.015878904267965146,0.));
#2836=CARTESIAN_POINT('',(0.007415694924530109,0.015862646904613045,0.));
#2837=CARTESIAN_POINT('',(0.007420006427190634,0.015844868864127285,0.));
#2838=CARTESIAN_POINT('',(0.007422855272802636,0.015825916785333988,0.));
#2839=CARTESIAN_POINT('',(0.007423118681182653,0.015812810258436193,0.));
#2840=CARTESIAN_POINT('',(0.007423253323739039,0.015806110789396095,0.));
#2841=B_SPLINE_CURVE_WITH_KNOTS('',3,(#2822,#2823,#2824,#2825,#2826,#2827,#2828,#2829,#2830,#2831,#2832,#2833,#2834,#2835,#2836,#2837,#2838,#2839,#2840),.UNSPECIFIED.,.F.,.F.,(4,1,1,1,1,1,1,1,1,1,1,1,1,1,1,1,4),(0.,0.08604870232080214,0.16638235942974694,0.24197854653385387,0.31229632575292365,0.3792269920009935,0.441178827907634,0.49991480139711003,0.5560222612919585,0.6096660866636422,0.6626344077019046,0.7147780931273452,0.767354171895462,0.821621411873669,0.877844042864527,0.9375593504461446,0.9999999999999999),.UNSPECIFIED.);
#2842=CARTESIAN_POINT('',(0.00719514607212,0.015972544598910725,0.));
#2843=VERTEX_POINT('',#2842);
#2844=TRIMMED_CURVE('',#2841,(PARAMETER_VALUE(0.)),(PARAMETER_VALUE(0.9999999999999999)),.T.,.PARAMETER.);
#2845=EDGE_CURVE('',#2818,#2843,#2844,.T.);
#2846=ORIENTED_EDGE('',*,*,#2845,.T.);
#2847=CARTESIAN_POINT('',(0.0067744149191337755,0.015972544598910725,0.));
#2848=DIRECTION('',(1.,0.,0.));
#2849=VECTOR('',#2848,1.);
#2850=LINE('',#2847,#2849);
#2851=CARTESIAN_POINT('',(0.0067744149191337755,0.015972544598910725,0.));
#2852=VERTEX_POINT('',#2851);
#2853=EDGE_CURVE('',#2843,#2852,#2850,.T.);
#2854=ORIENTED_EDGE('',*,*,#2853,.T.);
#2855=CARTESIAN_POINT('',(0.0067744149191337755,0.01609420179977421,0.));
#2856=DIRECTION('',(0.,-1.,0.));
#2857=VECTOR('',#2856,1.);
#2858=LINE('',#2855,#2857);
#2859=CARTESIAN_POINT('',(0.0067744149191337755,0.01609420179977421,0.));
#2860=VERTEX_POINT('',#2859);
#2861=EDGE_CURVE('',#2852,#2860,#2858,.T.);
#2862=ORIENTED_EDGE('',*,*,#2861,.T.);
#2863=CARTESIAN_POINT('',(0.007221969795227054,0.01609420179977421,0.));
#2864=DIRECTION('',(-1.,0.,0.));
#2865=VECTOR('',#2864,1.);
#2866=LINE('',#2863,#2865);
#2867=EDGE_CURVE('',#2860,#2726,#2866,.T.);
#2868=ORIENTED_EDGE('',*,*,#2867,.T.);
#2869=EDGE_LOOP('',(#2731,#2748,#2756,#2764,#2772,#2780,#2788,#2796,#2821,#2846,#2854,#2862,#2868));
#2870=FACE_BOUND('',#2869,.T.);
#2871=CARTESIAN_POINT('',(0.007315536010474493,0.017431374957181736,0.));
#2872=DIRECTION('',(-1.,0.,0.));
#2873=VECTOR('',#2872,1.);
#2874=LINE('',#2871,#2873);
#2875=CARTESIAN_POINT('',(0.007312579064620172,0.017431374957181736,0.));
#2876=VERTEX_POINT('',#2875);
#2877=CARTESIAN_POINT('',(0.007315536010474493,0.017431374957181736,0.));
#2878=VERTEX_POINT('',#2877);
#2879=EDGE_CURVE('',#2876,#2878,#2874,.T.);
#2880=ORIENTED_EDGE('',*,*,#2879,.T.);
#2881=CARTESIAN_POINT('',(0.00757321272063674,0.01763519301071171,0.));
#2882=CARTESIAN_POINT('',(0.007565041277177737,0.01763501540940774,0.));
#2883=CARTESIAN_POINT('',(0.0075490169739631215,0.0176346671310209,0.));
#2884=CARTESIAN_POINT('',(0.007525559086161394,0.017632393071252788,0.));
#2885=CARTESIAN_POINT('',(0.007503268264319011,0.017628314304146863,0.));
#2886=CARTESIAN_POINT('',(0.007482041671212217,0.017622881751927246,0.));
#2887=CARTESIAN_POINT('',(0.0074619231790110955,0.017615747202279822,0.));
#2888=CARTESIAN_POINT('',(0.007443007617828866,0.017606701641196498,0.));
#2889=CARTESIAN_POINT('',(0.007425056513175295,0.01759644562863783,0.));
#2890=CARTESIAN_POINT('',(0.007408226879826985,0.017584568944700976,0.));
#2891=CARTESIAN_POINT('',(0.007392722000847956,0.017570911674965713,0.));
#2892=CARTESIAN_POINT('',(0.00737838480843803,0.01755564285979361,0.));
#2893=CARTESIAN_POINT('',(0.007364968114500673,0.017538874803721627,0.));
#2894=CARTESIAN_POINT('',(0.007352793706492724,0.017520435664158514,0.));
#2895=CARTESIAN_POINT('',(0.007341492476150505,0.01750053252449729,0.));
#2896=CARTESIAN_POINT('',(0.007331635741866283,0.01747894590358243,0.));
#2897=CARTESIAN_POINT('',(0.0073229600191902465,0.017455751431017873,0.));
#2898=CARTESIAN_POINT('',(0.007318053454571226,0.01743964089712167,0.));
#2899=CARTESIAN_POINT('',(0.007315536010474493,0.017431374957181736,0.));
#2900=B_SPLINE_CURVE_WITH_KNOTS('',3,(#2881,#2882,#2883,#2884,#2885,#2886,#2887,#2888,#2889,#2890,#2891,#2892,#2893,#2894,#2895,#2896,#2897,#2898,#2899),.UNSPECIFIED.,.F.,.F.,(4,1,1,1,1,1,1,1,1,1,1,1,1,1,1,1,4),(0.,0.0685576219650406,0.13444235740631819,0.19746916320375346,0.25849925039709387,0.31809769512390385,0.37622624922770875,0.43417747633979076,0.49137426764212544,0.5487172646352518,0.6072137719876403,0.6668970377470936,0.7286573356156881,0.7923969533144862,0.8587328960850965,0.927519137232093,1.),.UNSPECIFIED.);
#2901=CARTESIAN_POINT('',(0.00757321272063674,0.01763519301071171,0.));
#2902=VERTEX_POINT('',#2901);
#2903=TRIMMED_CURVE('',#2900,(PARAMETER_VALUE(0.)),(PARAMETER_VALUE(1.)),.T.,.PARAMETER.);
#2904=EDGE_CURVE('',#2878,#2902,#2903,.T.);
#2905=ORIENTED_EDGE('',*,*,#2904,.T.);
#2906=CARTESIAN_POINT('',(0.00781525985985472,0.01735238226078774,0.));
#2907=CARTESIAN_POINT('',(0.007815083014642947,0.01736281209112427,0.));
#2908=CARTESIAN_POINT('',(0.007814735517282616,0.01738330650244753,0.));
#2909=CARTESIAN_POINT('',(0.007811252088403502,0.017413173879035748,0.));
#2910=CARTESIAN_POINT('',(0.0078058406458883555,0.017441612603483682,0.));
#2911=CARTESIAN_POINT('',(0.007797950018850902,0.017468341970761983,0.));
#2912=CARTESIAN_POINT('',(0.00778840976276387,0.017493530383044312,0.));
#2913=CARTESIAN_POINT('',(0.00777655850902996,0.017516622125684157,0.));
#2914=CARTESIAN_POINT('',(0.007763590839258134,0.017538179462256324,0.));
#2915=CARTESIAN_POINT('',(0.007748465398099172,0.017557635819910593,0.));
#2916=CARTESIAN_POINT('',(0.007731787856064206,0.01757529415178915,0.));
#2917=CARTESIAN_POINT('',(0.0077133051438693576,0.017590730540859776,0.));
#2918=CARTESIAN_POINT('',(0.007693307824154411,0.01760418508713516,0.));
#2919=CARTESIAN_POINT('',(0.00767175202698603,0.017615328545089057,0.));
#2920=CARTESIAN_POINT('',(0.00764884265976562,0.017624300574242174,0.));
#2921=CARTESIAN_POINT('',(0.007624664923611399,0.01763056726545929,0.));
#2922=CARTESIAN_POINT('',(0.007599320951200967,0.017634508775245902,0.));
#2923=CARTESIAN_POINT('',(0.007582027940789361,0.017634961984474506,0.));
#2924=CARTESIAN_POINT('',(0.00757321272063674,0.01763519301071171,0.));
#2925=B_SPLINE_CURVE_WITH_KNOTS('',3,(#2906,#2907,#2908,#2909,#2910,#2911,#2912,#2913,#2914,#2915,#2916,#2917,#2918,#2919,#2920,#2921,#2922,#2923,#2924),.UNSPECIFIED.,.F.,.F.,(4,1,1,1,1,1,1,1,1,1,1,1,1,1,1,1,4),(0.,0.07483943340739357,0.14705801359779572,0.21554633836705145,0.2823984736285905,0.34687598383221036,0.4085783239786119,0.4684721351271138,0.5272032670923276,0.585113250454817,0.6425093345738112,0.6996981193952638,0.7577908505313303,0.8163543126825229,0.8759295772714973,0.9367543264736254,1.),.UNSPECIFIED.);
#2926=CARTESIAN_POINT('',(0.00781525985985472,0.01735238226078774,0.));
#2927=VERTEX_POINT('',#2926);
#2928=TRIMMED_CURVE('',#2925,(PARAMETER_VALUE(0.)),(PARAMETER_VALUE(1.)),.T.,.PARAMETER.);
#2929=EDGE_CURVE('',#2902,#2927,#2928,.T.);
#2930=ORIENTED_EDGE('',*,*,#2929,.T.);
#2931=CARTESIAN_POINT('',(0.0077601339407134505,0.01712026201122355,0.));
#2932=CARTESIAN_POINT('',(0.007764559768310107,0.017128505455248272,0.));
#2933=CARTESIAN_POINT('',(0.007773478636204813,0.017145117532119364,0.));
#2934=CARTESIAN_POINT('',(0.007784535084826989,0.01717138890631294,0.));
#2935=CARTESIAN_POINT('',(0.007794099556728393,0.01719874582411915,0.));
#2936=CARTESIAN_POINT('',(0.00780195166664526,0.01722724039695287,0.));
#2937=CARTESIAN_POINT('',(0.007807708302610256,0.017256926761496996,0.));
#2938=CARTESIAN_POINT('',(0.007812286334200562,0.017287632453083415,0.));
#2939=CARTESIAN_POINT('',(0.007814774689706757,0.017319602994959923,0.));
#2940=CARTESIAN_POINT('',(0.007815096199980344,0.01734132500479212,0.));
#2941=CARTESIAN_POINT('',(0.007815259859854718,0.017352382260787738,0.));
#2942=B_SPLINE_CURVE_WITH_KNOTS('',3,(#2931,#2932,#2933,#2934,#2935,#2936,#2937,#2938,#2939,#2940,#2941),.UNSPECIFIED.,.F.,.F.,(4,1,1,1,1,1,1,1,4),(0.,0.11630714953892876,0.23438059420365454,0.3540053905828852,0.4765677555859449,0.6015764691938253,0.7298600704803045,0.8624894115042244,1.),.UNSPECIFIED.);
#2943=CARTESIAN_POINT('',(0.0077601339407134505,0.01712026201122355,0.));
#2944=VERTEX_POINT('',#2943);
#2945=TRIMMED_CURVE('',#2942,(PARAMETER_VALUE(0.)),(PARAMETER_VALUE(1.)),.T.,.PARAMETER.);
#2946=EDGE_CURVE('',#2927,#2944,#2945,.T.);
#2947=ORIENTED_EDGE('',*,*,#2946,.T.);
#2948=CARTESIAN_POINT('',(0.007653050258703402,0.01712026201122355,0.));
#2949=DIRECTION('',(1.,0.,0.));
#2950=VECTOR('',#2949,1.);
#2951=LINE('',#2948,#2950);
#2952=CARTESIAN_POINT('',(0.007653050258703402,0.01712026201122355,0.));
#2953=VERTEX_POINT('',#2952);
#2954=EDGE_CURVE('',#2944,#2953,#2951,.T.);
#2955=ORIENTED_EDGE('',*,*,#2954,.T.);
#2956=CARTESIAN_POINT('',(0.007720637592516451,0.01732217917099003,0.));
#2957=CARTESIAN_POINT('',(0.007720432816831959,0.017313299409328433,0.));
#2958=CARTESIAN_POINT('',(0.007720023594119899,0.017295554137673506,0.));
#2959=CARTESIAN_POINT('',(0.007716776277793725,0.017269198997124455,0.));
#2960=CARTESIAN_POINT('',(0.007711441852627204,0.017243220311275,0.));
#2961=CARTESIAN_POINT('',(0.007704100116410664,0.017217695346631406,0.));
#2962=CARTESIAN_POINT('',(0.007694447161502702,0.017192598433517534,0.));
#2963=CARTESIAN_POINT('',(0.007682884482795005,0.017167917749427927,0.));
#2964=CARTESIAN_POINT('',(0.007669048789668294,0.017143659237644215,0.));
#2965=CARTESIAN_POINT('',(0.007658441345179647,0.01712814626454749,0.));
#2966=CARTESIAN_POINT('',(0.007653050258703402,0.01712026201122355,0.));
#2967=B_SPLINE_CURVE_WITH_KNOTS('',3,(#2956,#2957,#2958,#2959,#2960,#2961,#2962,#2963,#2964,#2965,#2966),.UNSPECIFIED.,.F.,.F.,(4,1,1,1,1,1,1,1,4),(0.,0.1230335798413801,0.24586969562550529,0.36737726680539134,0.4902753662522283,0.6134945055477671,0.7396341611030872,0.8676726751240166,1.),.UNSPECIFIED.);
#2968=CARTESIAN_POINT('',(0.007720637592516451,0.01732217917099003,0.));
#2969=VERTEX_POINT('',#2968);
#2970=TRIMMED_CURVE('',#2967,(PARAMETER_VALUE(0.)),(PARAMETER_VALUE(1.)),.T.,.PARAMETER.);
#2971=EDGE_CURVE('',#2953,#2969,#2970,.T.);
#2972=ORIENTED_EDGE('',*,*,#2971,.T.);
#2973=CARTESIAN_POINT('',(0.007545332945438857,0.017513535809848223,0.));
#2974=CARTESIAN_POINT('',(0.007552447708749788,0.017513343219135783,0.));
#2975=CARTESIAN_POINT('',(0.007566216281215177,0.017512970515355688,0.));
#2976=CARTESIAN_POINT('',(0.007586172748495314,0.017510974080686335,0.));
#2977=CARTESIAN_POINT('',(0.007604694393313967,0.017507137097094987,0.));
#2978=CARTESIAN_POINT('',(0.007621835956826915,0.017501800580715984,0.));
#2979=CARTESIAN_POINT('',(0.0076378402461517204,0.01749539670340176,0.));
#2980=CARTESIAN_POINT('',(0.007652277665578439,0.01748706907023934,0.));
#2981=CARTESIAN_POINT('',(0.007665293287921521,0.017477240117507703,0.));
#2982=CARTESIAN_POINT('',(0.007677060165001226,0.017465948753617493,0.));
#2983=CARTESIAN_POINT('',(0.007687356167417513,0.017453055349608244,0.));
#2984=CARTESIAN_POINT('',(0.007696284938422197,0.017438709798644415,0.));
#2985=CARTESIAN_POINT('',(0.0077040066875157,0.017422975932434453,0.));
#2986=CARTESIAN_POINT('',(0.007709941769844156,0.01740561137246925,0.));
#2987=CARTESIAN_POINT('',(0.007714948371606619,0.01738686569755099,0.));
#2988=CARTESIAN_POINT('',(0.007718119193795526,0.017366617567709165,0.));
#2989=CARTESIAN_POINT('',(0.007720380312390012,0.017344900243758867,0.));
#2990=CARTESIAN_POINT('',(0.007720549824700214,0.01732993017363096,0.));
#2991=CARTESIAN_POINT('',(0.007720637592516451,0.01732217917099003,0.));
#2992=B_SPLINE_CURVE_WITH_KNOTS('',3,(#2973,#2974,#2975,#2976,#2977,#2978,#2979,#2980,#2981,#2982,#2983,#2984,#2985,#2986,#2987,#2988,#2989,#2990,#2991),.UNSPECIFIED.,.F.,.F.,(4,1,1,1,1,1,1,1,1,1,1,1,1,1,1,1,4),(0.,0.07174098734874769,0.13883399065887847,0.2018900322753254,0.2620557718001716,0.3196549803445342,0.3752923508343893,0.4295174680407167,0.48372864861355885,0.5392617994801021,0.5953859611647141,0.653792857290975,0.7155248247991316,0.7800809068506044,0.8491567981547368,0.9218984249319214,1.),.UNSPECIFIED.);
#2993=CARTESIAN_POINT('',(0.007545332945438857,0.017513535809848223,0.));
#2994=VERTEX_POINT('',#2993);
#2995=TRIMMED_CURVE('',#2992,(PARAMETER_VALUE(0.)),(PARAMETER_VALUE(1.)),.T.,.PARAMETER.);
#2996=EDGE_CURVE('',#2969,#2994,#2995,.T.);
#2997=ORIENTED_EDGE('',*,*,#2996,.T.);
#2998=CARTESIAN_POINT('',(0.007355665989925991,0.01726282904348545,0.));
#2999=CARTESIAN_POINT('',(0.007355860504158748,0.017272969370091117,0.));
#3000=CARTESIAN_POINT('',(0.007356236458032606,0.01729256842469783,0.));
#3001=CARTESIAN_POINT('',(0.007358201807900469,0.01732102094112291,0.));
#3002=CARTESIAN_POINT('',(0.007362132875985143,0.01734743478376469,0.));
#3003=CARTESIAN_POINT('',(0.007366980739322031,0.0173720837066611,0.));
#3004=CARTESIAN_POINT('',(0.007373835698829959,0.017394628176349222,0.));
#3005=CARTESIAN_POINT('',(0.007381731856447099,0.01741540343478955,0.));
#3006=CARTESIAN_POINT('',(0.007391570867402468,0.017433984059512835,0.));
#3007=CARTESIAN_POINT('',(0.007402519115732683,0.017450931317460776,0.));
#3008=CARTESIAN_POINT('',(0.007415228640188859,0.017465786399390174,0.));
#3009=CARTESIAN_POINT('',(0.007429529009173978,0.01747850563319777,0.));
#3010=CARTESIAN_POINT('',(0.007445124428936481,0.017489484160473117,0.));
#3011=CARTESIAN_POINT('',(0.007462311031990034,0.01749837245828767,0.));
#3012=CARTESIAN_POINT('',(0.00748108848453574,0.017505104652732684,0.));
#3013=CARTESIAN_POINT('',(0.007501206903946538,0.017509903428447392,0.));
#3014=CARTESIAN_POINT('',(0.007522782791965707,0.017512944092579075,0.));
#3015=CARTESIAN_POINT('',(0.007537648403118453,0.01751333416703449,0.));
#3016=CARTESIAN_POINT('',(0.007545332945438857,0.017513535809848223,0.));
#3017=B_SPLINE_CURVE_WITH_KNOTS('',3,(#2998,#2999,#3000,#3001,#3002,#3003,#3004,#3005,#3006,#3007,#3008,#3009,#3010,#3011,#3012,#3013,#3014,#3015,#3016),.UNSPECIFIED.,.F.,.F.,(4,1,1,1,1,1,1,1,1,1,1,1,1,1,1,1,4),(0.,0.08484841563922227,0.16399360652522083,0.2383777706128513,0.3081485454194586,0.3739293557379926,0.4352898231742259,0.4937758629551454,0.5494821137802857,0.6037850384590602,0.6567588443149566,0.7092094311398529,0.7629504479089124,0.8181027987074772,0.8756741437901088,0.9357317170650791,1.),.UNSPECIFIED.);
#3018=CARTESIAN_POINT('',(0.007355665989925991,0.01726282904348545,0.));
#3019=VERTEX_POINT('',#3018);
#3020=TRIMMED_CURVE('',#3017,(PARAMETER_VALUE(0.)),(PARAMETER_VALUE(1.)),.T.,.PARAMETER.);
#3021=EDGE_CURVE('',#2994,#3019,#3020,.T.);
#3022=ORIENTED_EDGE('',*,*,#3021,.T.);
#3023=CARTESIAN_POINT('',(0.00735566598992599,0.01718278029500062,0.));
#3024=DIRECTION('',(0.,1.,0.));
#3025=VECTOR('',#3024,1.);
#3026=LINE('',#3023,#3025);
#3027=CARTESIAN_POINT('',(0.00735566598992599,0.01718278029500062,0.));
#3028=VERTEX_POINT('',#3027);
#3029=EDGE_CURVE('',#3019,#3028,#3026,.T.);
#3030=ORIENTED_EDGE('',*,*,#3029,.T.);
#3031=CARTESIAN_POINT('',(0.007261043722587723,0.01718278029500062,0.));
#3032=DIRECTION('',(1.,0.,0.));
#3033=VECTOR('',#3032,1.);
#3034=LINE('',#3031,#3033);
#3035=CARTESIAN_POINT('',(0.007261043722587723,0.01718278029500062,0.));
#3036=VERTEX_POINT('',#3035);
#3037=EDGE_CURVE('',#3028,#3036,#3034,.T.);
#3038=ORIENTED_EDGE('',*,*,#3037,.T.);
#3039=CARTESIAN_POINT('',(0.007261043722587723,0.017267898093521427,0.));
#3040=DIRECTION('',(0.,-1.,0.));
#3041=VECTOR('',#3040,1.);
#3042=LINE('',#3039,#3041);
#3043=CARTESIAN_POINT('',(0.007261043722587723,0.017267898093521427,0.));
#3044=VERTEX_POINT('',#3043);
#3045=EDGE_CURVE('',#3036,#3044,#3042,.T.);
#3046=ORIENTED_EDGE('',*,*,#3045,.T.);
#3047=CARTESIAN_POINT('',(0.007056380827385086,0.017554088210136053,0.));
#3048=CARTESIAN_POINT('',(0.0070646296360414255,0.017553910223499523,0.));
#3049=CARTESIAN_POINT('',(0.007080708198508594,0.01755356329227915,0.));
#3050=CARTESIAN_POINT('',(0.007104025550650004,0.01755015546119016,0.));
#3051=CARTESIAN_POINT('',(0.0071257573765528565,0.01754441582515551,0.));
#3052=CARTESIAN_POINT('',(0.007145902637479572,0.01753660492768222,0.));
#3053=CARTESIAN_POINT('',(0.007164608061147145,0.017526705752800596,0.));
#3054=CARTESIAN_POINT('',(0.007181236368772776,0.017513980805922535,0.));
#3055=CARTESIAN_POINT('',(0.007196773363478645,0.017499532569247377,0.));
#3056=CARTESIAN_POINT('',(0.007210415301797913,0.017482527573021,0.));
#3057=CARTESIAN_POINT('',(0.007222500785472137,0.017463387194942684,0.));
#3058=CARTESIAN_POINT('',(0.007232906437587314,0.017442070968378853,0.));
#3059=CARTESIAN_POINT('',(0.007241482046741141,0.017418456430696047,0.));
#3060=CARTESIAN_POINT('',(0.007248624856305942,0.01739260063625443,0.));
#3061=CARTESIAN_POINT('',(0.00725427888508175,0.017364584463210136,0.));
#3062=CARTESIAN_POINT('',(0.007258277856683277,0.017334315860291848,0.));
#3063=CARTESIAN_POINT('',(0.007260532140877722,0.017301867243150547,0.));
#3064=CARTESIAN_POINT('',(0.007260869782467368,0.017279447759702374,0.));
#3065=CARTESIAN_POINT('',(0.007261043722587723,0.017267898093521427,0.));
#3066=B_SPLINE_CURVE_WITH_KNOTS('',3,(#3047,#3048,#3049,#3050,#3051,#3052,#3053,#3054,#3055,#3056,#3057,#3058,#3059,#3060,#3061,#3062,#3063,#3064,#3065),.UNSPECIFIED.,.F.,.F.,(4,1,1,1,1,1,1,1,1,1,1,1,1,1,1,1,4),(0.,0.06177771293888437,0.12041700298178437,0.17607862506070493,0.22986114043081424,0.28202560694681283,0.3340404823045114,0.3862849107495878,0.4406617829635671,0.49686077829594216,0.5556067521300431,0.6180297742280033,0.6848413839818377,0.7564344543404382,0.8320117480716612,0.9134588342956875,1.),.UNSPECIFIED.);
#3067=CARTESIAN_POINT('',(0.007056380827385086,0.017554088210136053,0.));
#3068=VERTEX_POINT('',#3067);
#3069=TRIMMED_CURVE('',#3066,(PARAMETER_VALUE(0.)),(PARAMETER_VALUE(1.)),.T.,.PARAMETER.);
#3070=EDGE_CURVE('',#3044,#3068,#3069,.T.);
#3071=ORIENTED_EDGE('',*,*,#3070,.T.);
#3072=CARTESIAN_POINT('',(0.0068555197197094336,0.01731816617304488,0.));
#3073=CARTESIAN_POINT('',(0.006855680923953164,0.017326901541931,0.));
#3074=CARTESIAN_POINT('',(0.006855996243272248,0.017343988130381793,0.));
#3075=CARTESIAN_POINT('',(0.006858483803502164,0.017368939059376448,0.));
#3076=CARTESIAN_POINT('',(0.006862984868589278,0.017392583257888502,0.));
#3077=CARTESIAN_POINT('',(0.006869082805417576,0.017414892594415546,0.));
#3078=CARTESIAN_POINT('',(0.006876628571016523,0.017435944317554027,0.));
#3079=CARTESIAN_POINT('',(0.006885922556271678,0.01745539189607089,0.));
#3080=CARTESIAN_POINT('',(0.006896778363443786,0.01747327039368692,0.));
#3081=CARTESIAN_POINT('',(0.006909013122536964,0.0174896160941222,0.));
#3082=CARTESIAN_POINT('',(0.006922830071974253,0.017504278776764567,0.));
#3083=CARTESIAN_POINT('',(0.006938044644059428,0.017517200587122157,0.));
#3084=CARTESIAN_POINT('',(0.00695472422430305,0.017528282837896852,0.));
#3085=CARTESIAN_POINT('',(0.0069727020071323614,0.017537582941579404,0.));
#3086=CARTESIAN_POINT('',(0.006991955185619741,0.017545001957626972,0.));
#3087=CARTESIAN_POINT('',(0.0070124302720492825,0.017550281971821544,0.));
#3088=CARTESIAN_POINT('',(0.007034030423869832,0.017553509199385878,0.));
#3089=CARTESIAN_POINT('',(0.0070488363198928415,0.017553892761721,0.));
#3090=CARTESIAN_POINT('',(0.007056380827385086,0.017554088210136053,0.));
#3091=B_SPLINE_CURVE_WITH_KNOTS('',3,(#3072,#3073,#3074,#3075,#3076,#3077,#3078,#3079,#3080,#3081,#3082,#3083,#3084,#3085,#3086,#3087,#3088,#3089,#3090),.UNSPECIFIED.,.F.,.F.,(4,1,1,1,1,1,1,1,1,1,1,1,1,1,1,1,4),(0.,0.07505128043992014,0.14680208223603844,0.21514129142149402,0.2816211538233118,0.34534667143984055,0.4070384439413047,0.4664856837113134,0.5248017938222556,0.582146559949049,0.6392322875232924,0.6959417594062569,0.7538422202381195,0.8128228606369441,0.8728337681802772,0.9352010450949199,0.9999999999999999),.UNSPECIFIED.);
#3092=CARTESIAN_POINT('',(0.0068555197197094336,0.01731816617304488,0.));
#3093=VERTEX_POINT('',#3092);
#3094=TRIMMED_CURVE('',#3091,(PARAMETER_VALUE(0.)),(PARAMETER_VALUE(0.9999999999999999)),.T.,.PARAMETER.);
#3095=EDGE_CURVE('',#3068,#3093,#3094,.T.);
#3096=ORIENTED_EDGE('',*,*,#3095,.T.);
#3097=CARTESIAN_POINT('',(0.006936624520285092,0.017080976873444714,0.));
#3098=CARTESIAN_POINT('',(0.00693013880873955,0.017089674321850983,0.));
#3099=CARTESIAN_POINT('',(0.0069173055423089385,0.017106883948255196,0.));
#3100=CARTESIAN_POINT('',(0.006900797499187895,0.017134330540420538,0.));
#3101=CARTESIAN_POINT('',(0.006886832650626057,0.017162671149534396,0.));
#3102=CARTESIAN_POINT('',(0.006875336062258896,0.01719197935838017,0.));
#3103=CARTESIAN_POINT('',(0.0068664737153099585,0.017222239128393203,0.));
#3104=CARTESIAN_POINT('',(0.006860156982230312,0.01725339599469063,0.));
#3105=CARTESIAN_POINT('',(0.0068562210182189255,0.01728546830151056,0.));
#3106=CARTESIAN_POINT('',(0.00685575552310432,0.01730717189741338,0.));
#3107=CARTESIAN_POINT('',(0.0068555197197094336,0.01731816617304488,0.));
#3108=B_SPLINE_CURVE_WITH_KNOTS('',3,(#3097,#3098,#3099,#3100,#3101,#3102,#3103,#3104,#3105,#3106,#3107),.UNSPECIFIED.,.F.,.F.,(4,1,1,1,1,1,1,1,4),(0.,0.1273396958009037,0.2519668400192205,0.37545631611372865,0.49796781839930926,0.6211830239304438,0.745216466586342,0.870935654844446,1.),.UNSPECIFIED.);
#3109=CARTESIAN_POINT('',(0.006936624520285092,0.017080976873444714,0.));
#3110=VERTEX_POINT('',#3109);
#3111=TRIMMED_CURVE('',#3108,(PARAMETER_VALUE(0.)),(PARAMETER_VALUE(1.)),.T.,.PARAMETER.);
#3112=EDGE_CURVE('',#3093,#3110,#3111,.T.);
#3113=ORIENTED_EDGE('',*,*,#3112,.T.);
#3114=CARTESIAN_POINT('',(0.006814756109003439,0.017080976873444714,0.));
#3115=DIRECTION('',(1.,0.,0.));
#3116=VECTOR('',#3115,1.);
#3117=LINE('',#3114,#3116);
#3118=CARTESIAN_POINT('',(0.00681475610900344,0.017080976873444714,0.));
#3119=VERTEX_POINT('',#3118);
#3120=EDGE_CURVE('',#3110,#3119,#3117,.T.);
#3121=ORIENTED_EDGE('',*,*,#3120,.T.);
#3122=CARTESIAN_POINT('',(0.006760897452371166,0.017314575595936063,0.));
#3123=CARTESIAN_POINT('',(0.006761053620706568,0.017302672933577828,0.));
#3124=CARTESIAN_POINT('',(0.006761358935700669,0.01727940277911058,0.));
#3125=CARTESIAN_POINT('',(0.006763906332459433,0.017245482795562313,0.));
#3126=CARTESIAN_POINT('',(0.006768113460270634,0.017213393580639388,0.));
#3127=CARTESIAN_POINT('',(0.006773948125562024,0.01718317528557893,0.));
#3128=CARTESIAN_POINT('',(0.006781600315326895,0.017154834115792605,0.));
#3129=CARTESIAN_POINT('',(0.006790578525528689,0.01712826386317066,0.));
#3130=CARTESIAN_POINT('',(0.006801505352665763,0.017103623658821832,0.));
#3131=CARTESIAN_POINT('',(0.006810391932059477,0.0170884356611606,0.));
#3132=CARTESIAN_POINT('',(0.00681475610900344,0.017080976873444717,0.));
#3133=B_SPLINE_CURVE_WITH_KNOTS('',3,(#3122,#3123,#3124,#3125,#3126,#3127,#3128,#3129,#3130,#3131,#3132),.UNSPECIFIED.,.F.,.F.,(4,1,1,1,1,1,1,1,4),(0.,0.14709164783188053,0.28756972708053236,0.42010547948608,0.546895588648376,0.6676262618751475,0.7826469235366431,0.8932584470385365,1.),.UNSPECIFIED.);
#3134=CARTESIAN_POINT('',(0.006760897452371166,0.017314575595936063,0.));
#3135=VERTEX_POINT('',#3134);
#3136=TRIMMED_CURVE('',#3133,(PARAMETER_VALUE(0.)),(PARAMETER_VALUE(1.)),.T.,.PARAMETER.);
#3137=EDGE_CURVE('',#3119,#3135,#3136,.T.);
#3138=ORIENTED_EDGE('',*,*,#3137,.T.);
#3139=CARTESIAN_POINT('',(0.007068631031638701,0.01767574541099954,0.));
#3140=CARTESIAN_POINT('',(0.007057349250182044,0.01767541369884597,0.));
#3141=CARTESIAN_POINT('',(0.007035171660753367,0.017674761623109658,0.));
#3142=CARTESIAN_POINT('',(0.0070026473096197785,0.017669824745202505,0.));
#3143=CARTESIAN_POINT('',(0.006971692644812856,0.01766160005843378,0.));
#3144=CARTESIAN_POINT('',(0.006942409694713836,0.01765009315112553,0.));
#3145=CARTESIAN_POINT('',(0.006914927957460256,0.017635826347129152,0.));
#3146=CARTESIAN_POINT('',(0.006889581083010582,0.01761847713366211,0.));
#3147=CARTESIAN_POINT('',(0.006866205297731324,0.017598582266452185,0.));
#3148=CARTESIAN_POINT('',(0.006845120343048252,0.017575845260722547,0.));
#3149=CARTESIAN_POINT('',(0.006825985199129051,0.017550762479427964,0.));
#3150=CARTESIAN_POINT('',(0.006809029889874384,0.017523292921911668,0.));
#3151=CARTESIAN_POINT('',(0.0067947559698289675,0.017493241395857315,0.));
#3152=CARTESIAN_POINT('',(0.006782436851055709,0.017461155830261803,0.));
#3153=CARTESIAN_POINT('',(0.006772828223427394,0.017427001717763294,0.));
#3154=CARTESIAN_POINT('',(0.006765768154362223,0.017391066075922435,0.));
#3155=CARTESIAN_POINT('',(0.0067618284894627664,0.0173533856102344,0.));
#3156=CARTESIAN_POINT('',(0.006761211806628097,0.017327679363032224,0.));
#3157=CARTESIAN_POINT('',(0.006760897452371166,0.017314575595936063,0.));
#3158=B_SPLINE_CURVE_WITH_KNOTS('',3,(#3139,#3140,#3141,#3142,#3143,#3144,#3145,#3146,#3147,#3148,#3149,#3150,#3151,#3152,#3153,#3154,#3155,#3156,#3157),.UNSPECIFIED.,.F.,.F.,(4,1,1,1,1,1,1,1,1,1,1,1,1,1,1,1,4),(0.,0.06351959410944681,0.12486604923588544,0.18478511962789165,0.24354240310581543,0.3017134704770975,0.35879050167611926,0.41616149849495215,0.47423112939438944,0.5330739713937542,0.5935973970726424,0.6556661320906797,0.720173022050978,0.7869456784864374,0.8552200781110828,0.926198392098562,1.),.UNSPECIFIED.);
#3159=CARTESIAN_POINT('',(0.007068631031638701,0.01767574541099954,0.));
#3160=VERTEX_POINT('',#3159);
#3161=TRIMMED_CURVE('',#3158,(PARAMETER_VALUE(0.)),(PARAMETER_VALUE(1.)),.T.,.PARAMETER.);
#3162=EDGE_CURVE('',#3135,#3160,#3161,.T.);
#3163=ORIENTED_EDGE('',*,*,#3162,.T.);
#3164=CARTESIAN_POINT('',(0.007312579064620172,0.017431374957181736,0.));
#3165=CARTESIAN_POINT('',(0.0073114182767379035,0.0174400510280409,0.));
#3166=CARTESIAN_POINT('',(0.007309131165641138,0.01745714557067136,0.));
#3167=CARTESIAN_POINT('',(0.007303904670222764,0.01748219229803955,0.));
#3168=CARTESIAN_POINT('',(0.007296648307682902,0.017506098462776818,0.));
#3169=CARTESIAN_POINT('',(0.007287849335714725,0.017528957188081146,0.));
#3170=CARTESIAN_POINT('',(0.007277191486848783,0.017550504404520557,0.));
#3171=CARTESIAN_POINT('',(0.007265348191025882,0.017570798701357367,0.));
#3172=CARTESIAN_POINT('',(0.007251560879388587,0.01758931177665452,0.));
#3173=CARTESIAN_POINT('',(0.007236660909682902,0.017606483936115504,0.));
#3174=CARTESIAN_POINT('',(0.007220166212594695,0.01762190816713472,0.));
#3175=CARTESIAN_POINT('',(0.007202258597674702,0.017635556601681267,0.));
#3176=CARTESIAN_POINT('',(0.007182974296390636,0.017647369163462715,0.));
#3177=CARTESIAN_POINT('',(0.007162429858015087,0.01765752502313935,0.));
#3178=CARTESIAN_POINT('',(0.007140665939383225,0.017665961548489224,0.));
#3179=CARTESIAN_POINT('',(0.007117552118535868,0.01767140107672672,0.));
#3180=CARTESIAN_POINT('',(0.007093474751221301,0.017675306427063785,0.));
#3181=CARTESIAN_POINT('',(0.0070770258276608945,0.017675597076504557,0.));
#3182=CARTESIAN_POINT('',(0.007068631031638701,0.01767574541099954,0.));
#3183=B_SPLINE_CURVE_WITH_KNOTS('',3,(#3164,#3165,#3166,#3167,#3168,#3169,#3170,#3171,#3172,#3173,#3174,#3175,#3176,#3177,#3178,#3179,#3180,#3181,#3182),.UNSPECIFIED.,.F.,.F.,(4,1,1,1,1,1,1,1,1,1,1,1,1,1,1,1,4),(0.,0.06894276094684143,0.1358385593199698,0.20128407155155692,0.26555105796231565,0.3285516232782211,0.390471261568304,0.4503709606807844,0.5101086885096445,0.5693578458312485,0.6279256106151906,0.6871851497762538,0.747207962213679,0.8082898807871175,0.8705686200802127,0.9339440037332858,0.9999999999999999),.UNSPECIFIED.);
#3184=TRIMMED_CURVE('',#3183,(PARAMETER_VALUE(0.)),(PARAMETER_VALUE(0.9999999999999999)),.T.,.PARAMETER.);
#3185=EDGE_CURVE('',#3160,#2876,#3184,.T.);
#3186=ORIENTED_EDGE('',*,*,#3185,.T.);
#3187=EDGE_LOOP('',(#2880,#2905,#2930,#2947,#2955,#2972,#2997,#3022,#3030,#3038,#3046,#3071,#3096,#3113,#3121,#3138,#3163,#3186));
#3188=FACE_BOUND('',#3187,.T.);
#3189=CARTESIAN_POINT('',(0.006923107053522482,0.017945461114997233,0.));
#3190=CARTESIAN_POINT('',(0.006922873011821176,0.01795099534274832,0.));
#3191=CARTESIAN_POINT('',(0.0069224168320953915,0.01796178231995725,0.));
#3192=CARTESIAN_POINT('',(0.006917344430171042,0.01797712278086403,0.));
#3193=CARTESIAN_POINT('',(0.006910029182642172,0.017991383930512653,0.));
#3194=CARTESIAN_POINT('',(0.006899332465431275,0.018003674024727398,0.));
#3195=CARTESIAN_POINT('',(0.006886771834864257,0.01801399933762364,0.));
#3196=CARTESIAN_POINT('',(0.00687277545079272,0.01802172262292697,0.));
#3197=CARTESIAN_POINT('',(0.006857501924635934,0.01802640965857934,0.));
#3198=CARTESIAN_POINT('',(0.006846963365915727,0.018026932472001704,0.));
#3199=CARTESIAN_POINT('',(0.006841579832110492,0.018027199546827386,0.));
#3200=B_SPLINE_CURVE_WITH_KNOTS('',3,(#3189,#3190,#3191,#3192,#3193,#3194,#3195,#3196,#3197,#3198,#3199),.UNSPECIFIED.,.F.,.F.,(4,1,1,1,1,1,1,1,4),(0.,0.1290732688816212,0.25158169709146605,0.37470941720392903,0.5021731779379329,0.6298498752733152,0.7537583192723422,0.8742095150151888,1.),.UNSPECIFIED.);
#3201=CARTESIAN_POINT('',(0.006841579832110492,0.018027199546827386,0.));
#3202=VERTEX_POINT('',#3201);
#3203=CARTESIAN_POINT('',(0.006923107053522482,0.017945461114997233,0.));
#3204=VERTEX_POINT('',#3203);
#3205=TRIMMED_CURVE('',#3200,(PARAMETER_VALUE(0.)),(PARAMETER_VALUE(1.)),.T.,.PARAMETER.);
#3206=EDGE_CURVE('',#3202,#3204,#3205,.T.);
#3207=ORIENTED_EDGE('',*,*,#3206,.T.);
#3208=CARTESIAN_POINT('',(0.006841579832110492,0.01786498994567607,0.));
#3209=CARTESIAN_POINT('',(0.006846968619291398,0.017865247083970765,0.));
#3210=CARTESIAN_POINT('',(0.006857517461778733,0.01786575044609607,0.));
#3211=CARTESIAN_POINT('',(0.00687265225833948,0.01787055980609318,0.));
#3212=CARTESIAN_POINT('',(0.0068868900333511375,0.017877681739815018,0.));
#3213=CARTESIAN_POINT('',(0.00689932048401333,0.017888124408630503,0.));
#3214=CARTESIAN_POINT('',(0.006909968156843013,0.01790034091023306,0.));
#3215=CARTESIAN_POINT('',(0.0069173486074742855,0.01791442209351034,0.));
#3216=CARTESIAN_POINT('',(0.006922393164547019,0.017929491169026236,0.));
#3217=CARTESIAN_POINT('',(0.006922865988911462,0.01794006841536769,0.));
#3218=CARTESIAN_POINT('',(0.006923107053522482,0.017945461114997233,0.));
#3219=B_SPLINE_CURVE_WITH_KNOTS('',3,(#3208,#3209,#3210,#3211,#3212,#3213,#3214,#3215,#3216,#3217,#3218),.UNSPECIFIED.,.F.,.F.,(4,1,1,1,1,1,1,1,4),(0.,0.12678626212756977,0.2481909683648934,0.37152383839135844,0.5002112444213173,0.6286840282104541,0.7513213011367124,0.8732137378724105,1.),.UNSPECIFIED.);
#3220=CARTESIAN_POINT('',(0.006841579832110492,0.01786498994567607,0.));
#3221=VERTEX_POINT('',#3220);
#3222=TRIMMED_CURVE('',#3219,(PARAMETER_VALUE(0.)),(PARAMETER_VALUE(1.)),.T.,.PARAMETER.);
#3223=EDGE_CURVE('',#3204,#3221,#3222,.T.);
#3224=ORIENTED_EDGE('',*,*,#3223,.T.);
#3225=CARTESIAN_POINT('',(0.006760897452371166,0.017945461114997233,0.));
#3226=CARTESIAN_POINT('',(0.006761166966408864,0.01794007883034593,0.));
#3227=CARTESIAN_POINT('',(0.006761694554720733,0.01792954271691214,0.));
#3228=CARTESIAN_POINT('',(0.006766328463409619,0.017914310949107132,0.));
#3229=CARTESIAN_POINT('',(0.006774112415783272,0.017900477818106816,0.));
#3230=CARTESIAN_POINT('',(0.006784422792095548,0.01788810500159993,0.));
#3231=CARTESIAN_POINT('',(0.0067966611971759005,0.01787777131107609,0.));
#3232=CARTESIAN_POINT('',(0.0068105953027392885,0.01787045991631617,0.));
#3233=CARTESIAN_POINT('',(0.006825650654736528,0.01786576674909504,0.));
#3234=CARTESIAN_POINT('',(0.006836193902795906,0.0178652525962956,0.));
#3235=CARTESIAN_POINT('',(0.006841579832110492,0.01786498994567607,0.));
#3236=B_SPLINE_CURVE_WITH_KNOTS('',3,(#3225,#3226,#3227,#3228,#3229,#3230,#3231,#3232,#3233,#3234,#3235),.UNSPECIFIED.,.F.,.F.,(4,1,1,1,1,1,1,1,4),(0.,0.12742151516581404,0.2494345105599845,0.37348648291104714,0.5015299160897823,0.6295733492685333,0.7505654894400132,0.8725784848342053,1.),.UNSPECIFIED.);
#3237=CARTESIAN_POINT('',(0.006760897452371166,0.017945461114997233,0.));
#3238=VERTEX_POINT('',#3237);
#3239=TRIMMED_CURVE('',#3236,(PARAMETER_VALUE(0.)),(PARAMETER_VALUE(1.)),.T.,.PARAMETER.);
#3240=EDGE_CURVE('',#3221,#3238,#3239,.T.);
#3241=ORIENTED_EDGE('',*,*,#3240,.T.);
#3242=CARTESIAN_POINT('',(0.006841579832110492,0.018027199546827386,0.));
#3243=CARTESIAN_POINT('',(0.006836199415118654,0.018026926797094743,0.));
#3244=CARTESIAN_POINT('',(0.0068256669577293205,0.018026392874734943,0.));
#3245=CARTESIAN_POINT('',(0.006810468073464895,0.01802182308632026,0.));
#3246=CARTESIAN_POINT('',(0.006796782441847446,0.01801391130024352,0.));
#3247=CARTESIAN_POINT('',(0.0067844103967252935,0.01800369331135749,0.));
#3248=CARTESIAN_POINT('',(0.006774051944657768,0.01799124749482762,0.));
#3249=CARTESIAN_POINT('',(0.006766331372509849,0.017977233107004557,0.));
#3250=CARTESIAN_POINT('',(0.006761672627264435,0.017961730804665003,0.));
#3251=CARTESIAN_POINT('',(0.0067611606305148265,0.01795098480618212,0.));
#3252=CARTESIAN_POINT('',(0.006760897452371166,0.017945461114997233,0.));
#3253=B_SPLINE_CURVE_WITH_KNOTS('',3,(#3242,#3243,#3244,#3245,#3246,#3247,#3248,#3249,#3250,#3251,#3252),.UNSPECIFIED.,.F.,.F.,(4,1,1,1,1,1,1,1,4),(0.,0.12641142351316312,0.2474572014951341,0.3690795257864064,0.49610793726446933,0.6231363487425374,0.7476564409665867,0.8702895878110886,1.),.UNSPECIFIED.);
#3254=TRIMMED_CURVE('',#3253,(PARAMETER_VALUE(0.)),(PARAMETER_VALUE(1.)),.T.,.PARAMETER.);
#3255=EDGE_CURVE('',#3238,#3202,#3254,.T.);
#3256=ORIENTED_EDGE('',*,*,#3255,.T.);
#3257=EDGE_LOOP('',(#3207,#3224,#3241,#3256));
#3258=FACE_BOUND('',#3257,.T.);
#3259=CARTESIAN_POINT('',(0.007801742393092109,0.018162374214453488,0.));
#3260=DIRECTION('',(0.,1.,0.));
#3261=VECTOR('',#3260,1.);
#3262=LINE('',#3259,#3261);
#3263=CARTESIAN_POINT('',(0.007801742393092109,0.018811212619058753,0.));
#3264=VERTEX_POINT('',#3263);
#3265=CARTESIAN_POINT('',(0.007801742393092109,0.018162374214453488,0.));
#3266=VERTEX_POINT('',#3265);
#3267=EDGE_CURVE('',#3264,#3266,#3262,.T.);
#3268=ORIENTED_EDGE('',*,*,#3267,.T.);
#3269=CARTESIAN_POINT('',(0.007693602658991231,0.018162374214453488,0.));
#3270=DIRECTION('',(1.,0.,0.));
#3271=VECTOR('',#3270,1.);
#3272=LINE('',#3269,#3271);
#3273=CARTESIAN_POINT('',(0.007693602658991231,0.018162374214453488,0.));
#3274=VERTEX_POINT('',#3273);
#3275=EDGE_CURVE('',#3266,#3274,#3272,.T.);
#3276=ORIENTED_EDGE('',*,*,#3275,.T.);
#3277=CARTESIAN_POINT('',(0.007693602658991231,0.018672236163905672,0.));
#3278=DIRECTION('',(0.,-1.,0.));
#3279=VECTOR('',#3278,1.);
#3280=LINE('',#3277,#3279);
#3281=CARTESIAN_POINT('',(0.007693602658991231,0.018672236163905672,0.));
#3282=VERTEX_POINT('',#3281);
#3283=EDGE_CURVE('',#3274,#3282,#3280,.T.);
#3284=ORIENTED_EDGE('',*,*,#3283,.T.);
#3285=CARTESIAN_POINT('',(0.006774414919133776,0.0183110663488422,0.));
#3286=CARTESIAN_POINT('',(0.006789781924308669,0.01831341967891509,0.));
#3287=CARTESIAN_POINT('',(0.006820750563770351,0.018318162270573795,0.));
#3288=CARTESIAN_POINT('',(0.006867221892764177,0.018327373613920186,0.));
#3289=CARTESIAN_POINT('',(0.006914239077313504,0.01833808502174094,0.));
#3290=CARTESIAN_POINT('',(0.006977379437410294,0.018355144374301913,0.));
#3291=CARTESIAN_POINT('',(0.007055940226199744,0.01837901319129262,0.));
#3292=CARTESIAN_POINT('',(0.007148436544683696,0.01841120660804575,0.));
#3293=CARTESIAN_POINT('',(0.007238074947517446,0.01844669264967015,0.));
#3294=CARTESIAN_POINT('',(0.007310825077656502,0.018477306544208975,0.));
#3295=CARTESIAN_POINT('',(0.007366601642014566,0.018503077044144063,0.));
#3296=CARTESIAN_POINT('',(0.007406718813499073,0.01852146309029668,0.));
#3297=CARTESIAN_POINT('',(0.007445024649776637,0.018539980807583196,0.));
#3298=CARTESIAN_POINT('',(0.007481619254348297,0.018557970107397785,0.));
#3299=CARTESIAN_POINT('',(0.007516160436169215,0.01857576744717905,0.));
#3300=CARTESIAN_POINT('',(0.0075487347017143495,0.01859270727305297,0.));
#3301=CARTESIAN_POINT('',(0.007579286390084407,0.01860863427873236,0.));
#3302=CARTESIAN_POINT('',(0.007607486337106181,0.018623833082150525,0.));
#3303=CARTESIAN_POINT('',(0.0076331536166344945,0.018637844546011955,0.));
#3304=CARTESIAN_POINT('',(0.007655844084542997,0.018650802657725802,0.));
#3305=CARTESIAN_POINT('',(0.007675775187567383,0.018661930987232515,0.));
#3306=CARTESIAN_POINT('',(0.007687977732950585,0.018668984673257102,0.));
#3307=CARTESIAN_POINT('',(0.007693602658991231,0.018672236163905672,0.));
#3308=B_SPLINE_CURVE_WITH_KNOTS('',3,(#3285,#3286,#3287,#3288,#3289,#3290,#3291,#3292,#3293,#3294,#3295,#3296,#3297,#3298,#3299,#3300,#3301,#3302,#3303,#3304,#3305,#3306,#3307),.UNSPECIFIED.,.F.,.F.,(4,1,1,1,1,1,1,1,1,1,1,1,1,1,1,1,1,1,1,1,4),(0.,0.04696805063285431,0.09465322681373457,0.14310844912218398,0.19264428094640193,0.29223983565158906,0.3911354896066426,0.48847109191405,0.5834968172240601,0.6295699525317228,0.6741124705573793,0.7168327210841827,0.7581212128357708,0.7973181706027431,0.8342344839904273,0.8690598090848677,0.9014192759024737,0.9310278926894945,0.957413581138876,0.9803692222477061,1.),.UNSPECIFIED.);
#3309=CARTESIAN_POINT('',(0.006774414919133776,0.0183110663488422,0.));
#3310=VERTEX_POINT('',#3309);
#3311=TRIMMED_CURVE('',#3308,(PARAMETER_VALUE(0.)),(PARAMETER_VALUE(1.)),.T.,.PARAMETER.);
#3312=EDGE_CURVE('',#3282,#3310,#3311,.T.);
#3313=ORIENTED_EDGE('',*,*,#3312,.T.);
#3314=CARTESIAN_POINT('',(0.0067744149191337755,0.018432723549705682,0.));
#3315=DIRECTION('',(0.,-1.,0.));
#3316=VECTOR('',#3315,1.);
#3317=LINE('',#3314,#3316);
#3318=CARTESIAN_POINT('',(0.0067744149191337755,0.018432723549705682,0.));
#3319=VERTEX_POINT('',#3318);
#3320=EDGE_CURVE('',#3310,#3319,#3317,.T.);
#3321=ORIENTED_EDGE('',*,*,#3320,.T.);
#3322=CARTESIAN_POINT('',(0.007732254165515568,0.018811212619058753,0.));
#3323=CARTESIAN_POINT('',(0.007725081959876804,0.018806973106356508,0.));
#3324=CARTESIAN_POINT('',(0.007709873596200455,0.018797983396045114,0.));
#3325=CARTESIAN_POINT('',(0.007685709460121095,0.018784137800496037,0.));
#3326=CARTESIAN_POINT('',(0.00765893223095724,0.018769168158047904,0.));
#3327=CARTESIAN_POINT('',(0.007630093316072484,0.018752675708332747,0.));
#3328=CARTESIAN_POINT('',(0.007598797213235885,0.018735627397722072,0.));
#3329=CARTESIAN_POINT('',(0.007565569015824829,0.018717947202342756,0.));
#3330=CARTESIAN_POINT('',(0.007530396315588067,0.0186997894918968,0.));
#3331=CARTESIAN_POINT('',(0.007480373629901356,0.018674227671597734,0.));
#3332=CARTESIAN_POINT('',(0.007413686399626803,0.018642196875269103,0.));
#3333=CARTESIAN_POINT('',(0.007330075064653666,0.018603028756554445,0.));
#3334=CARTESIAN_POINT('',(0.007241912365771264,0.01856535516086095,0.));
#3335=CARTESIAN_POINT('',(0.007150761084070061,0.018529472451302913,0.));
#3336=CARTESIAN_POINT('',(0.007057271467228238,0.01849763018880227,0.));
#3337=CARTESIAN_POINT('',(0.006978351495225186,0.01847401746551383,0.));
#3338=CARTESIAN_POINT('',(0.006915006484018113,0.018457818304728296,0.));
#3339=CARTESIAN_POINT('',(0.006867780839293106,0.01844772993897386,0.));
#3340=CARTESIAN_POINT('',(0.0068210168206306225,0.01843920102897728,0.));
#3341=CARTESIAN_POINT('',(0.006789850105324281,0.018434868979299558,0.));
#3342=CARTESIAN_POINT('',(0.0067744149191337755,0.018432723549705682,0.));
#3343=B_SPLINE_CURVE_WITH_KNOTS('',3,(#3322,#3323,#3324,#3325,#3326,#3327,#3328,#3329,#3330,#3331,#3332,#3333,#3334,#3335,#3336,#3337,#3338,#3339,#3340,#3341,#3342),.UNSPECIFIED.,.F.,.F.,(4,1,1,1,1,1,1,1,1,1,1,1,1,1,1,1,1,1,4),(0.,0.02412179890172773,0.051149271047452205,0.08062966886146446,0.11294157682799849,0.14733213586335037,0.18380705227146923,0.2219153594553418,0.26193501073645165,0.346445175275668,0.4360932705924441,0.5292359846676681,0.6239819612976351,0.7196422617689184,0.815096025061145,0.8624082369785484,0.9089050380100406,0.9548855987706268,1.),.UNSPECIFIED.);
#3344=CARTESIAN_POINT('',(0.007732254165515568,0.018811212619058753,0.));
#3345=VERTEX_POINT('',#3344);
#3346=TRIMMED_CURVE('',#3343,(PARAMETER_VALUE(0.)),(PARAMETER_VALUE(1.)),.T.,.PARAMETER.);
#3347=EDGE_CURVE('',#3319,#3345,#3346,.T.);
#3348=ORIENTED_EDGE('',*,*,#3347,.T.);
#3349=CARTESIAN_POINT('',(0.007801742393092109,0.018811212619058753,0.));
#3350=DIRECTION('',(-1.,0.,0.));
#3351=VECTOR('',#3350,1.);
#3352=LINE('',#3349,#3351);
#3353=EDGE_CURVE('',#3345,#3264,#3352,.T.);
#3354=ORIENTED_EDGE('',*,*,#3353,.T.);
#3355=EDGE_LOOP('',(#3268,#3276,#3284,#3313,#3321,#3348,#3354));
#3356=FACE_BOUND('',#3355,.T.);
#3357=CARTESIAN_POINT('',(0.0069887934935720375,0.019354234604162957,0.));
#3358=DIRECTION('',(0.9427187180524912,0.33358869680111713,0.));
#3359=VECTOR('',#3358,1.);
#3360=LINE('',#3357,#3359);
#3361=CARTESIAN_POINT('',(0.007801742393092109,0.019641903193704745,0.));
#3362=VERTEX_POINT('',#3361);
#3363=CARTESIAN_POINT('',(0.0069887934935720375,0.019354234604162957,0.));
#3364=VERTEX_POINT('',#3363);
#3365=EDGE_CURVE('',#3362,#3364,#3360,.T.);
#3366=ORIENTED_EDGE('',*,*,#3365,.T.);
#3367=CARTESIAN_POINT('',(0.006896283330415428,0.019331001458164722,0.));
#3368=CARTESIAN_POINT('',(0.006903549945628553,0.01933211573797895,0.));
#3369=CARTESIAN_POINT('',(0.006918517602467569,0.019334410913572093,0.));
#3370=CARTESIAN_POINT('',(0.006941213030131468,0.019339550644514793,0.));
#3371=CARTESIAN_POINT('',(0.0069648190384640095,0.019346135507528388,0.));
#3372=CARTESIAN_POINT('',(0.0069806503970980096,0.019351483687616553,0.));
#3373=CARTESIAN_POINT('',(0.0069887934935720375,0.019354234604162957,0.));
#3374=B_SPLINE_CURVE_WITH_KNOTS('',3,(#3367,#3368,#3369,#3370,#3371,#3372,#3373),.UNSPECIFIED.,.F.,.F.,(4,1,1,1,4),(0.,0.2307848615952397,0.475366936418894,0.7301471245157443,1.),.UNSPECIFIED.);
#3375=CARTESIAN_POINT('',(0.006896283330415428,0.019331001458164722,0.));
#3376=VERTEX_POINT('',#3375);
#3377=TRIMMED_CURVE('',#3374,(PARAMETER_VALUE(0.)),(PARAMETER_VALUE(1.)),.T.,.PARAMETER.);
#3378=EDGE_CURVE('',#3364,#3376,#3377,.T.);
#3379=ORIENTED_EDGE('',*,*,#3378,.T.);
#3380=CARTESIAN_POINT('',(0.006896283330415428,0.0193280445123104,0.));
#3381=DIRECTION('',(0.,1.,0.));
#3382=VECTOR('',#3381,1.);
#3383=LINE('',#3380,#3382);
#3384=CARTESIAN_POINT('',(0.006896283330415428,0.0193280445123104,0.));
#3385=VERTEX_POINT('',#3384);
#3386=EDGE_CURVE('',#3376,#3385,#3383,.T.);
#3387=ORIENTED_EDGE('',*,*,#3386,.T.);
#3388=CARTESIAN_POINT('',(0.006987315020644877,0.01930755710174832,0.));
#3389=CARTESIAN_POINT('',(0.0069805087898907135,0.01930974778482021,0.));
#3390=CARTESIAN_POINT('',(0.00696651641029977,0.019314251433052616,0.));
#3391=CARTESIAN_POINT('',(0.006944423450520628,0.019319676650959162,0.));
#3392=CARTESIAN_POINT('',(0.006920859674667706,0.019324254135175578,0.));
#3393=CARTESIAN_POINT('',(0.006904600226769674,0.01932676180836346,0.));
#3394=CARTESIAN_POINT('',(0.006896283330415428,0.0193280445123104,0.));
#3395=B_SPLINE_CURVE_WITH_KNOTS('',3,(#3388,#3389,#3390,#3391,#3392,#3393,#3394),.UNSPECIFIED.,.F.,.F.,(4,1,1,1,4),(0.,0.22950857397159122,0.4718281237265394,0.7298339537885576,1.),.UNSPECIFIED.);
#3396=CARTESIAN_POINT('',(0.006987315020644877,0.01930755710174832,0.));
#3397=VERTEX_POINT('',#3396);
#3398=TRIMMED_CURVE('',#3395,(PARAMETER_VALUE(0.)),(PARAMETER_VALUE(1.)),.T.,.PARAMETER.);
#3399=EDGE_CURVE('',#3385,#3397,#3398,.T.);
#3400=ORIENTED_EDGE('',*,*,#3399,.T.);
#3401=CARTESIAN_POINT('',(0.007801742393092109,0.01902559119349701,0.));
#3402=DIRECTION('',(-0.9449685906095483,0.32716106547296214,0.));
#3403=VECTOR('',#3402,1.);
#3404=LINE('',#3401,#3403);
#3405=CARTESIAN_POINT('',(0.007801742393092109,0.01902559119349701,0.));
#3406=VERTEX_POINT('',#3405);
#3407=EDGE_CURVE('',#3397,#3406,#3404,.T.);
#3408=ORIENTED_EDGE('',*,*,#3407,.T.);
#3409=CARTESIAN_POINT('',(0.007801742393092109,0.018892317419634406,0.));
#3410=DIRECTION('',(0.,1.,0.));
#3411=VECTOR('',#3410,1.);
#3412=LINE('',#3409,#3411);
#3413=CARTESIAN_POINT('',(0.007801742393092109,0.018892317419634406,0.));
#3414=VERTEX_POINT('',#3413);
#3415=EDGE_CURVE('',#3406,#3414,#3412,.T.);
#3416=ORIENTED_EDGE('',*,*,#3415,.T.);
#3417=CARTESIAN_POINT('',(0.0067744149191337755,0.019261935651424516,0.));
#3418=DIRECTION('',(0.9409515137298048,-0.3385413546519674,0.));
#3419=VECTOR('',#3418,1.);
#3420=LINE('',#3417,#3419);
#3421=CARTESIAN_POINT('',(0.0067744149191337755,0.019261935651424516,0.));
#3422=VERTEX_POINT('',#3421);
#3423=EDGE_CURVE('',#3414,#3422,#3420,.T.);
#3424=ORIENTED_EDGE('',*,*,#3423,.T.);
#3425=CARTESIAN_POINT('',(0.0067744149191337755,0.019393519741941794,0.));
#3426=DIRECTION('',(0.,-1.,0.));
#3427=VECTOR('',#3426,1.);
#3428=LINE('',#3425,#3427);
#3429=CARTESIAN_POINT('',(0.0067744149191337755,0.019393519741941794,0.));
#3430=VERTEX_POINT('',#3429);
#3431=EDGE_CURVE('',#3422,#3430,#3428,.T.);
#3432=ORIENTED_EDGE('',*,*,#3431,.T.);
#3433=CARTESIAN_POINT('',(0.007801742393092109,0.019770952759204034,0.));
#3434=DIRECTION('',(-0.9386557366923963,-0.34485563352576226,0.));
#3435=VECTOR('',#3434,1.);
#3436=LINE('',#3433,#3435);
#3437=CARTESIAN_POINT('',(0.007801742393092109,0.019770952759204034,0.));
#3438=VERTEX_POINT('',#3437);
#3439=EDGE_CURVE('',#3430,#3438,#3436,.T.);
#3440=ORIENTED_EDGE('',*,*,#3439,.T.);
#3441=CARTESIAN_POINT('',(0.007801742393092109,0.019641903193704745,0.));
#3442=DIRECTION('',(0.,1.,0.));
#3443=VECTOR('',#3442,1.);
#3444=LINE('',#3441,#3443);
#3445=EDGE_CURVE('',#3438,#3362,#3444,.T.);
#3446=ORIENTED_EDGE('',*,*,#3445,.T.);
#3447=EDGE_LOOP('',(#3366,#3379,#3387,#3400,#3408,#3416,#3424,#3432,#3440,#3446));
#3448=FACE_BOUND('',#3447,.T.);
#3449=CARTESIAN_POINT('',(0.007267802455969026,0.020663105565536275,0.));
#3450=CARTESIAN_POINT('',(0.007289423529738291,0.02066338869544285,0.));
#3451=CARTESIAN_POINT('',(0.007331441370883727,0.020663938922853595,0.));
#3452=CARTESIAN_POINT('',(0.007392492126247595,0.020668198727224068,0.));
#3453=CARTESIAN_POINT('',(0.007449686803023679,0.02067507087372218,0.));
#3454=CARTESIAN_POINT('',(0.007502902068552004,0.020684666369994893,0.));
#3455=CARTESIAN_POINT('',(0.007552141516843911,0.020697032806488932,0.));
#3456=CARTESIAN_POINT('',(0.007597205275732044,0.02071230433765102,0.));
#3457=CARTESIAN_POINT('',(0.007638439710871047,0.020729639673686063,0.));
#3458=CARTESIAN_POINT('',(0.007675458646597766,0.020749938968855432,0.));
#3459=CARTESIAN_POINT('',(0.007708192656108266,0.020773043862185932,0.));
#3460=CARTESIAN_POINT('',(0.007736797576148066,0.02079864171799714,0.));
#3461=CARTESIAN_POINT('',(0.007760948412584421,0.020827115237909373,0.));
#3462=CARTESIAN_POINT('',(0.007780961667705045,0.020858079755388066,0.));
#3463=CARTESIAN_POINT('',(0.0077965065888092,0.020891637610894503,0.));
#3464=CARTESIAN_POINT('',(0.0078071372058913764,0.020927667125104032,0.));
#3465=CARTESIAN_POINT('',(0.007814255392969094,0.020965841684011242,0.));
#3466=CARTESIAN_POINT('',(0.00781492003944782,0.020992208195554484,0.));
#3467=CARTESIAN_POINT('',(0.007815259859854717,0.021005688863801164,0.));
#3468=B_SPLINE_CURVE_WITH_KNOTS('',3,(#3449,#3450,#3451,#3452,#3453,#3454,#3455,#3456,#3457,#3458,#3459,#3460,#3461,#3462,#3463,#3464,#3465,#3466,#3467),.UNSPECIFIED.,.F.,.F.,(4,1,1,1,1,1,1,1,1,1,1,1,1,1,1,1,4),(0.,0.08926761439691189,0.17348039607976706,0.25255304115729443,0.32701951696035836,0.3966082526774571,0.46196887137908715,0.523308995716903,0.5810783152598854,0.6359248744476101,0.688409427615015,0.7391427587707811,0.7896205973074939,0.8402163231132903,0.8912543916232926,0.9444005526705762,1.),.UNSPECIFIED.);
#3469=CARTESIAN_POINT('',(0.007815259859854717,0.021005688863801164,0.));
#3470=VERTEX_POINT('',#3469);
#3471=CARTESIAN_POINT('',(0.007267802455969026,0.020663105565536275,0.));
#3472=VERTEX_POINT('',#3471);
#3473=TRIMMED_CURVE('',#3468,(PARAMETER_VALUE(0.)),(PARAMETER_VALUE(1.)),.T.,.PARAMETER.);
#3474=EDGE_CURVE('',#3470,#3472,#3473,.T.);
#3475=ORIENTED_EDGE('',*,*,#3474,.T.);
#3476=CARTESIAN_POINT('',(0.006760897452371164,0.02098435661156642,0.));
#3477=CARTESIAN_POINT('',(0.006761277026574792,0.020971865915420784,0.));
#3478=CARTESIAN_POINT('',(0.0067620177763212065,0.020947489970180158,0.));
#3479=CARTESIAN_POINT('',(0.0067685839040372104,0.020911998815479612,0.));
#3480=CARTESIAN_POINT('',(0.0067791022442503885,0.020878588735294006,0.));
#3481=CARTESIAN_POINT('',(0.006794000844202971,0.020847332906433,0.));
#3482=CARTESIAN_POINT('',(0.006812991119432207,0.020818428045318162,0.));
#3483=CARTESIAN_POINT('',(0.006835798533787478,0.020791764199070823,0.));
#3484=CARTESIAN_POINT('',(0.006862662189809894,0.020767638788381063,0.));
#3485=CARTESIAN_POINT('',(0.006893315368569932,0.020745848934988497,0.));
#3486=CARTESIAN_POINT('',(0.0069275984387663645,0.020726362314843687,0.));
#3487=CARTESIAN_POINT('',(0.006965818541587434,0.020709834091005935,0.));
#3488=CARTESIAN_POINT('',(0.007007390701264617,0.020695157144277058,0.));
#3489=CARTESIAN_POINT('',(0.007052797830646504,0.02068352197751533,0.));
#3490=CARTESIAN_POINT('',(0.00710160612572147,0.020674213483002364,0.));
#3491=CARTESIAN_POINT('',(0.007153966019713362,0.02066785738236086,0.));
#3492=CARTESIAN_POINT('',(0.007209722882054093,0.020663717055558237,0.));
#3493=CARTESIAN_POINT('',(0.007248081566762233,0.02066331319665616,0.));
#3494=CARTESIAN_POINT('',(0.007267802455969026,0.020663105565536275,0.));
#3495=B_SPLINE_CURVE_WITH_KNOTS('',3,(#3476,#3477,#3478,#3479,#3480,#3481,#3482,#3483,#3484,#3485,#3486,#3487,#3488,#3489,#3490,#3491,#3492,#3493,#3494),.UNSPECIFIED.,.F.,.F.,(4,1,1,1,1,1,1,1,1,1,1,1,1,1,1,1,4),(0.,0.05560346552068968,0.10851172864331746,0.16019065677036762,0.21125682259744416,0.26223429834670753,0.3138417947423514,0.36713538924212963,0.4226644996113701,0.4810965832295021,0.5424634412610573,0.607931634945808,0.6773114379131164,0.7510657410246956,0.8291434976952515,0.912159601460543,1.),.UNSPECIFIED.);
#3496=CARTESIAN_POINT('',(0.006760897452371164,0.02098435661156642,0.));
#3497=VERTEX_POINT('',#3496);
#3498=TRIMMED_CURVE('',#3495,(PARAMETER_VALUE(0.)),(PARAMETER_VALUE(1.)),.T.,.PARAMETER.);
#3499=EDGE_CURVE('',#3472,#3497,#3498,.T.);
#3500=ORIENTED_EDGE('',*,*,#3499,.T.);
#3501=CARTESIAN_POINT('',(0.007292725285312588,0.02132546143690415,0.));
#3502=CARTESIAN_POINT('',(0.007272019844185605,0.02132517094121958,0.));
#3503=CARTESIAN_POINT('',(0.007231690748852353,0.021324605127234494,0.));
#3504=CARTESIAN_POINT('',(0.007173082881623973,0.02132042837709943,0.));
#3505=CARTESIAN_POINT('',(0.007118060674133197,0.02131329780630078,0.));
#3506=CARTESIAN_POINT('',(0.007066742239316891,0.02130327198231964,0.));
#3507=CARTESIAN_POINT('',(0.00701922450420963,0.021290345264797842,0.));
#3508=CARTESIAN_POINT('',(0.006975318650891194,0.0212753666483623,0.));
#3509=CARTESIAN_POINT('',(0.006935575609889731,0.021257047587517668,0.));
#3510=CARTESIAN_POINT('',(0.006899407535803022,0.021236689033164696,0.));
#3511=CARTESIAN_POINT('',(0.006867267175970987,0.02121357520848024,0.));
#3512=CARTESIAN_POINT('',(0.006839205342118453,0.021187962235866265,0.));
#3513=CARTESIAN_POINT('',(0.0068151705519062895,0.021159786054634686,0.));
#3514=CARTESIAN_POINT('',(0.006795543368695059,0.021129039274301962,0.));
#3515=CARTESIAN_POINT('',(0.006779848932018162,0.021096022009785106,0.));
#3516=CARTESIAN_POINT('',(0.006769026313641172,0.021060648029393367,0.));
#3517=CARTESIAN_POINT('',(0.0067619193696242625,0.021023222115020265,0.));
#3518=CARTESIAN_POINT('',(0.0067612426523875665,0.020997485240512745,0.));
#3519=CARTESIAN_POINT('',(0.006760897452371164,0.02098435661156642,0.));
#3520=B_SPLINE_CURVE_WITH_KNOTS('',3,(#3501,#3502,#3503,#3504,#3505,#3506,#3507,#3508,#3509,#3510,#3511,#3512,#3513,#3514,#3515,#3516,#3517,#3518,#3519),.UNSPECIFIED.,.F.,.F.,(4,1,1,1,1,1,1,1,1,1,1,1,1,1,1,1,4),(0.,0.08761252995940473,0.17064761148776275,0.2484702209794111,0.3222629765944558,0.39171415497878304,0.4567257052156465,0.5183161138530117,0.5766265425532779,0.632108004152826,0.6854551819102924,0.7370284564163259,0.78834812851074,0.8393903386972645,0.8912142620642987,0.9445073414958353,1.),.UNSPECIFIED.);
#3521=CARTESIAN_POINT('',(0.007292725285312588,0.02132546143690415,0.));
#3522=VERTEX_POINT('',#3521);
#3523=TRIMMED_CURVE('',#3520,(PARAMETER_VALUE(0.)),(PARAMETER_VALUE(1.)),.T.,.PARAMETER.);
#3524=EDGE_CURVE('',#3497,#3522,#3523,.T.);
#3525=ORIENTED_EDGE('',*,*,#3524,.T.);
#3526=CARTESIAN_POINT('',(0.007815259859854718,0.021005688863801168,0.));
#3527=CARTESIAN_POINT('',(0.007814862178633501,0.021018599060841033,0.));
#3528=CARTESIAN_POINT('',(0.007814086009651649,0.021043796364503795,0.));
#3529=CARTESIAN_POINT('',(0.007807811484582777,0.021080318777232685,0.));
#3530=CARTESIAN_POINT('',(0.0077978333924135414,0.02111443126038874,0.));
#3531=CARTESIAN_POINT('',(0.007783207667066233,0.021145853134748083,0.));
#3532=CARTESIAN_POINT('',(0.007764651155973718,0.021174812659881973,0.));
#3533=CARTESIAN_POINT('',(0.007742159770879784,0.02120149909407301,0.));
#3534=CARTESIAN_POINT('',(0.007715099513027241,0.02122516772337514,0.));
#3535=CARTESIAN_POINT('',(0.00768437068226056,0.02124665202449397,0.));
#3536=CARTESIAN_POINT('',(0.0076493384713016005,0.021265122611404192,0.));
#3537=CARTESIAN_POINT('',(0.007610494999466115,0.021281449925605385,0.));
#3538=CARTESIAN_POINT('',(0.007567419732180357,0.02129509053350743,0.));
#3539=CARTESIAN_POINT('',(0.007520282091665347,0.02130605704377035,0.));
#3540=CARTESIAN_POINT('',(0.007469185261644168,0.021315060252747927,0.));
#3541=CARTESIAN_POINT('',(0.0074139964342133866,0.021320863678573023,0.));
#3542=CARTESIAN_POINT('',(0.0073547382155511164,0.021324824459808604,0.));
#3543=CARTESIAN_POINT('',(0.007313853527069852,0.021325244414324884,0.));
#3544=CARTESIAN_POINT('',(0.007292725285312588,0.02132546143690415,0.));
#3545=B_SPLINE_CURVE_WITH_KNOTS('',3,(#3526,#3527,#3528,#3529,#3530,#3531,#3532,#3533,#3534,#3535,#3536,#3537,#3538,#3539,#3540,#3541,#3542,#3543,#3544),.UNSPECIFIED.,.F.,.F.,(4,1,1,1,1,1,1,1,1,1,1,1,1,1,1,1,4),(0.,0.05600840772502458,0.10931365747226497,0.16036273758288636,0.20985971380572951,0.25919794249270867,0.30928387655575584,0.3608027936550077,0.41480516944806145,0.47168307957627365,0.5323569893762715,0.5974966026462489,0.6675439118722009,0.7423037968749461,0.8225564895742005,0.9083013830898629,1.),.UNSPECIFIED.);
#3546=TRIMMED_CURVE('',#3545,(PARAMETER_VALUE(0.)),(PARAMETER_VALUE(1.)),.T.,.PARAMETER.);
#3547=EDGE_CURVE('',#3522,#3470,#3546,.T.);
#3548=ORIENTED_EDGE('',*,*,#3547,.T.);
#3549=EDGE_LOOP('',(#3475,#3500,#3525,#3548));
#3550=FACE_BOUND('',#3549,.T.);
#3551=CARTESIAN_POINT('',(0.006923107053522481,0.021541107273851407,0.));
#3552=CARTESIAN_POINT('',(0.006922873011821175,0.02154664150160249,0.));
#3553=CARTESIAN_POINT('',(0.00692241683209539,0.021557428478811428,0.));
#3554=CARTESIAN_POINT('',(0.006917344430171041,0.021572768939718205,0.));
#3555=CARTESIAN_POINT('',(0.00691002918264217,0.02158703008936683,0.));
#3556=CARTESIAN_POINT('',(0.006899332465431275,0.02159932018358157,0.));
#3557=CARTESIAN_POINT('',(0.006886771834864256,0.021609645496477817,0.));
#3558=CARTESIAN_POINT('',(0.00687277545079272,0.021617368781781148,0.));
#3559=CARTESIAN_POINT('',(0.0068575019246359305,0.02162205581743351,0.));
#3560=CARTESIAN_POINT('',(0.006846963365915727,0.021622578630855878,0.));
#3561=CARTESIAN_POINT('',(0.006841579832110491,0.02162284570568156,0.));
#3562=B_SPLINE_CURVE_WITH_KNOTS('',3,(#3551,#3552,#3553,#3554,#3555,#3556,#3557,#3558,#3559,#3560,#3561),.UNSPECIFIED.,.F.,.F.,(4,1,1,1,1,1,1,1,4),(0.,0.1290732688816212,0.25158169709146605,0.37470941720392903,0.5021731779379329,0.6298498752733152,0.7537583192723422,0.8742095150151888,1.),.UNSPECIFIED.);
#3563=CARTESIAN_POINT('',(0.006841579832110491,0.02162284570568156,0.));
#3564=VERTEX_POINT('',#3563);
#3565=CARTESIAN_POINT('',(0.006923107053522481,0.021541107273851407,0.));
#3566=VERTEX_POINT('',#3565);
#3567=TRIMMED_CURVE('',#3562,(PARAMETER_VALUE(0.)),(PARAMETER_VALUE(1.)),.T.,.PARAMETER.);
#3568=EDGE_CURVE('',#3564,#3566,#3567,.T.);
#3569=ORIENTED_EDGE('',*,*,#3568,.T.);
#3570=CARTESIAN_POINT('',(0.006841579832110491,0.021460636104530244,0.));
#3571=CARTESIAN_POINT('',(0.006846968619291398,0.021460893242824935,0.));
#3572=CARTESIAN_POINT('',(0.006857517461778733,0.021461396604950243,0.));
#3573=CARTESIAN_POINT('',(0.006872652258339479,0.021466205964947353,0.));
#3574=CARTESIAN_POINT('',(0.0068868900333511375,0.02147332789866919,0.));
#3575=CARTESIAN_POINT('',(0.00689932048401333,0.021483770567484677,0.));
#3576=CARTESIAN_POINT('',(0.006909968156843012,0.021495987069087234,0.));
#3577=CARTESIAN_POINT('',(0.0069173486074742855,0.02151006825236452,0.));
#3578=CARTESIAN_POINT('',(0.006922393164547018,0.021525137327880414,0.));
#3579=CARTESIAN_POINT('',(0.006922865988911461,0.021535714574221862,0.));
#3580=CARTESIAN_POINT('',(0.006923107053522481,0.021541107273851407,0.));
#3581=B_SPLINE_CURVE_WITH_KNOTS('',3,(#3570,#3571,#3572,#3573,#3574,#3575,#3576,#3577,#3578,#3579,#3580),.UNSPECIFIED.,.F.,.F.,(4,1,1,1,1,1,1,1,4),(0.,0.12678626212756977,0.2481909683648934,0.37152383839135844,0.5002112444213173,0.6286840282104541,0.7513213011367124,0.8732137378724105,1.),.UNSPECIFIED.);
#3582=CARTESIAN_POINT('',(0.006841579832110491,0.021460636104530244,0.));
#3583=VERTEX_POINT('',#3582);
#3584=TRIMMED_CURVE('',#3581,(PARAMETER_VALUE(0.)),(PARAMETER_VALUE(1.)),.T.,.PARAMETER.);
#3585=EDGE_CURVE('',#3566,#3583,#3584,.T.);
#3586=ORIENTED_EDGE('',*,*,#3585,.T.);
#3587=CARTESIAN_POINT('',(0.006760897452371165,0.021541107273851407,0.));
#3588=CARTESIAN_POINT('',(0.0067611669664088625,0.021535724989200106,0.));
#3589=CARTESIAN_POINT('',(0.0067616945547207315,0.021525188875766318,0.));
#3590=CARTESIAN_POINT('',(0.006766328463409619,0.021509957107961303,0.));
#3591=CARTESIAN_POINT('',(0.0067741124157832695,0.021496123976960994,0.));
#3592=CARTESIAN_POINT('',(0.006784422792095548,0.0214837511604541,0.));
#3593=CARTESIAN_POINT('',(0.0067966611971759005,0.021473417469930263,0.));
#3594=CARTESIAN_POINT('',(0.006810595302739287,0.02146610607517034,0.));
#3595=CARTESIAN_POINT('',(0.00682565065473653,0.021461412907949215,0.));
#3596=CARTESIAN_POINT('',(0.006836193902795904,0.021460898755149775,0.));
#3597=CARTESIAN_POINT('',(0.006841579832110491,0.021460636104530244,0.));
#3598=B_SPLINE_CURVE_WITH_KNOTS('',3,(#3587,#3588,#3589,#3590,#3591,#3592,#3593,#3594,#3595,#3596,#3597),.UNSPECIFIED.,.F.,.F.,(4,1,1,1,1,1,1,1,4),(0.,0.12742151516581404,0.2494345105599845,0.37348648291104714,0.5015299160897823,0.6295733492685333,0.7505654894400132,0.8725784848342053,1.),.UNSPECIFIED.);
#3599=CARTESIAN_POINT('',(0.006760897452371165,0.021541107273851407,0.));
#3600=VERTEX_POINT('',#3599);
#3601=TRIMMED_CURVE('',#3598,(PARAMETER_VALUE(0.)),(PARAMETER_VALUE(1.)),.T.,.PARAMETER.);
#3602=EDGE_CURVE('',#3583,#3600,#3601,.T.);
#3603=ORIENTED_EDGE('',*,*,#3602,.T.);
#3604=CARTESIAN_POINT('',(0.006841579832110491,0.02162284570568156,0.));
#3605=CARTESIAN_POINT('',(0.006836199415118652,0.02162257295594892,0.));
#3606=CARTESIAN_POINT('',(0.006825666957729319,0.02162203903358912,0.));
#3607=CARTESIAN_POINT('',(0.006810468073464895,0.021617469245174433,0.));
#3608=CARTESIAN_POINT('',(0.0067967824418474435,0.021609557459097695,0.));
#3609=CARTESIAN_POINT('',(0.0067844103967252935,0.021599339470211663,0.));
#3610=CARTESIAN_POINT('',(0.006774051944657767,0.021586893653681796,0.));
#3611=CARTESIAN_POINT('',(0.006766331372509847,0.02157287926585873,0.));
#3612=CARTESIAN_POINT('',(0.006761672627264434,0.021557376963519177,0.));
#3613=CARTESIAN_POINT('',(0.006761160630514826,0.021546630965036295,0.));
#3614=CARTESIAN_POINT('',(0.006760897452371165,0.021541107273851407,0.));
#3615=B_SPLINE_CURVE_WITH_KNOTS('',3,(#3604,#3605,#3606,#3607,#3608,#3609,#3610,#3611,#3612,#3613,#3614),.UNSPECIFIED.,.F.,.F.,(4,1,1,1,1,1,1,1,4),(0.,0.12641142351316312,0.2474572014951341,0.3690795257864064,0.49610793726446933,0.6231363487425374,0.7476564409665867,0.8702895878110886,1.),.UNSPECIFIED.);
#3616=TRIMMED_CURVE('',#3615,(PARAMETER_VALUE(0.)),(PARAMETER_VALUE(1.)),.T.,.PARAMETER.);
#3617=EDGE_CURVE('',#3600,#3564,#3616,.T.);
#3618=ORIENTED_EDGE('',*,*,#3617,.T.);
#3619=EDGE_LOOP('',(#3569,#3586,#3603,#3618));
#3620=FACE_BOUND('',#3619,.T.);
#3621=CARTESIAN_POINT('',(0.007472676561589829,0.02175802037330765,0.));
#3622=CARTESIAN_POINT('',(0.0074850838974085355,0.021758271351424323,0.));
#3623=CARTESIAN_POINT('',(0.007509426279599777,0.02175876375409053,0.));
#3624=CARTESIAN_POINT('',(0.007545042938225639,0.021763607929462737,0.));
#3625=CARTESIAN_POINT('',(0.007579104609630903,0.021771102663192956,0.));
#3626=CARTESIAN_POINT('',(0.007611383527889199,0.02178195150852355,0.));
#3627=CARTESIAN_POINT('',(0.007641847399057933,0.021795371229869482,0.));
#3628=CARTESIAN_POINT('',(0.007670001872853899,0.02181159845123605,0.));
#3629=CARTESIAN_POINT('',(0.00769623838219683,0.021829783271105643,0.));
#3630=CARTESIAN_POINT('',(0.007720171112678569,0.021850471731830332,0.));
#3631=CARTESIAN_POINT('',(0.007741452170526386,0.021873678807353882,0.));
#3632=CARTESIAN_POINT('',(0.007760703526270824,0.021898592180936788,0.));
#3633=CARTESIAN_POINT('',(0.007776927136280168,0.021925941706445615,0.));
#3634=CARTESIAN_POINT('',(0.007790905100877388,0.02195498613675534,0.));
#3635=CARTESIAN_POINT('',(0.007802020870306261,0.021985881494708256,0.));
#3636=CARTESIAN_POINT('',(0.007809335711279473,0.022018397464236412,0.));
#3637=CARTESIAN_POINT('',(0.007814580984329337,0.022052067525169083,0.));
#3638=CARTESIAN_POINT('',(0.00781503149684339,0.022075026148581093,0.));
#3639=CARTESIAN_POINT('',(0.007815259859854717,0.0220866637839736,0.));
#3640=B_SPLINE_CURVE_WITH_KNOTS('',3,(#3621,#3622,#3623,#3624,#3625,#3626,#3627,#3628,#3629,#3630,#3631,#3632,#3633,#3634,#3635,#3636,#3637,#3638,#3639),.UNSPECIFIED.,.F.,.F.,(4,1,1,1,1,1,1,1,1,1,1,1,1,1,1,1,4),(0.,0.06993561740149906,0.1372091118063338,0.20232490965095903,0.26635921376835403,0.3289266511949097,0.38974754490515234,0.4493377551899528,0.5087265660467991,0.5677278850932018,0.626651667536385,0.6859607903563663,0.7466973861831203,0.8082333517713112,0.8706405876355133,0.9344282255660015,1.),.UNSPECIFIED.);
#3641=CARTESIAN_POINT('',(0.007815259859854717,0.0220866637839736,0.));
#3642=VERTEX_POINT('',#3641);
#3643=CARTESIAN_POINT('',(0.007472676561589829,0.02175802037330765,0.));
#3644=VERTEX_POINT('',#3643);
#3645=TRIMMED_CURVE('',#3640,(PARAMETER_VALUE(0.)),(PARAMETER_VALUE(1.)),.T.,.PARAMETER.);
#3646=EDGE_CURVE('',#3642,#3644,#3645,.T.);
#3647=ORIENTED_EDGE('',*,*,#3646,.T.);
#3648=CARTESIAN_POINT('',(0.007152903988486844,0.022057305535848556,0.));
#3649=CARTESIAN_POINT('',(0.007153203500481599,0.022046592124395664,0.));
#3650=CARTESIAN_POINT('',(0.007153793080930282,0.022025503092764395,0.));
#3651=CARTESIAN_POINT('',(0.007157996575989539,0.021994461667728036,0.));
#3652=CARTESIAN_POINT('',(0.007165478531876224,0.02196485257110402,0.));
#3653=CARTESIAN_POINT('',(0.00717555778223661,0.021936636139021186,0.));
#3654=CARTESIAN_POINT('',(0.00718852166529607,0.021910232178721005,0.));
#3655=CARTESIAN_POINT('',(0.007203809283657753,0.021885487562453603,0.));
#3656=CARTESIAN_POINT('',(0.00722161413803518,0.021862647346293434,0.));
#3657=CARTESIAN_POINT('',(0.007241711746838069,0.021841692014841856,0.));
#3658=CARTESIAN_POINT('',(0.0072640243705500325,0.021822824831603593,0.));
#3659=CARTESIAN_POINT('',(0.007288381691223009,0.021806021704517283,0.));
#3660=CARTESIAN_POINT('',(0.007314963761899264,0.02179176826659711,0.));
#3661=CARTESIAN_POINT('',(0.007343248664076179,0.021779317749435465,0.));
#3662=CARTESIAN_POINT('',(0.007373491650732,0.0217700464964688,0.));
#3663=CARTESIAN_POINT('',(0.007405159611359444,0.021762878034518773,0.));
#3664=CARTESIAN_POINT('',(0.007438432848218938,0.021758958493188256,0.));
#3665=CARTESIAN_POINT('',(0.007461121108873294,0.021758336939440695,0.));
#3666=CARTESIAN_POINT('',(0.0074726765615898295,0.021758020373307655,0.));
#3667=B_SPLINE_CURVE_WITH_KNOTS('',3,(#3648,#3649,#3650,#3651,#3652,#3653,#3654,#3655,#3656,#3657,#3658,#3659,#3660,#3661,#3662,#3663,#3664,#3665,#3666),.UNSPECIFIED.,.F.,.F.,(4,1,1,1,1,1,1,1,1,1,1,1,1,1,1,1,4),(0.,0.06544074740788547,0.12881816386188075,0.19088178626213617,0.25169298968127835,0.31151213541547235,0.37022963710507145,0.42907300710994023,0.4880827390934935,0.5472802411697062,0.6072846241734537,0.6684839171893076,0.7312808186377048,0.7957548465934905,0.8613889201165323,0.9294034124526839,1.),.UNSPECIFIED.);
#3668=CARTESIAN_POINT('',(0.007152903988486844,0.022057305535848556,0.));
#3669=VERTEX_POINT('',#3668);
#3670=TRIMMED_CURVE('',#3667,(PARAMETER_VALUE(0.)),(PARAMETER_VALUE(1.)),.T.,.PARAMETER.);
#3671=EDGE_CURVE('',#3644,#3669,#3670,.T.);
#3672=ORIENTED_EDGE('',*,*,#3671,.T.);
#3673=CARTESIAN_POINT('',(0.007286388972767614,0.02228520157704943,0.));
#3674=CARTESIAN_POINT('',(0.007275795815548462,0.02227949921356667,0.));
#3675=CARTESIAN_POINT('',(0.00725510990217493,0.02226836385565698,0.));
#3676=CARTESIAN_POINT('',(0.0072276369598144,0.022247268064841383,0.));
#3677=CARTESIAN_POINT('',(0.0072044302371422585,0.02222304176182317,0.));
#3678=CARTESIAN_POINT('',(0.007185436007300882,0.02219576061338045,0.));
#3679=CARTESIAN_POINT('',(0.007170820663395794,0.02216534241412936,0.));
#3680=CARTESIAN_POINT('',(0.007160137127811914,0.022132046493670017,0.));
#3681=CARTESIAN_POINT('',(0.00715409231117445,0.022095613025182596,0.));
#3682=CARTESIAN_POINT('',(0.007153308709085398,0.022070352354001635,0.));
#3683=CARTESIAN_POINT('',(0.007152903988486844,0.022057305535848556,0.));
#3684=B_SPLINE_CURVE_WITH_KNOTS('',3,(#3673,#3674,#3675,#3676,#3677,#3678,#3679,#3680,#3681,#3682,#3683),.UNSPECIFIED.,.F.,.F.,(4,1,1,1,1,1,1,1,4),(0.,0.12872191285944284,0.2513632417227611,0.3692535476383547,0.48683464521937153,0.6059059960645435,0.7294576571877989,0.8602682912067922,1.),.UNSPECIFIED.);
#3685=CARTESIAN_POINT('',(0.007286388972767614,0.02228520157704943,0.));
#3686=VERTEX_POINT('',#3685);
#3687=TRIMMED_CURVE('',#3684,(PARAMETER_VALUE(0.)),(PARAMETER_VALUE(1.)),.T.,.PARAMETER.);
#3688=EDGE_CURVE('',#3669,#3686,#3687,.T.);
#3689=ORIENTED_EDGE('',*,*,#3688,.T.);
#3690=CARTESIAN_POINT('',(0.007286388972767614,0.022287947312485585,0.));
#3691=DIRECTION('',(0.,-1.,0.));
#3692=VECTOR('',#3691,1.);
#3693=LINE('',#3690,#3692);
#3694=CARTESIAN_POINT('',(0.007286388972767614,0.022287947312485585,0.));
#3695=VERTEX_POINT('',#3694);
#3696=EDGE_CURVE('',#3686,#3695,#3693,.T.);
#3697=ORIENTED_EDGE('',*,*,#3696,.T.);
#3698=CARTESIAN_POINT('',(0.006855519719709432,0.02199457604165332,0.));
#3699=CARTESIAN_POINT('',(0.006855788740638188,0.022005796781430706,0.));
#3700=CARTESIAN_POINT('',(0.006856316678956587,0.022027816846994674,0.));
#3701=CARTESIAN_POINT('',(0.006862105088713871,0.022059821114706463,0.));
#3702=CARTESIAN_POINT('',(0.0068707750120890025,0.022090171811583296,0.));
#3703=CARTESIAN_POINT('',(0.006883724078951252,0.02211833377322676,0.));
#3704=CARTESIAN_POINT('',(0.006899537135658873,0.022144783632217932,0.));
#3705=CARTESIAN_POINT('',(0.006919048742377886,0.02216902364773767,0.));
#3706=CARTESIAN_POINT('',(0.006941687372700585,0.022191270152510826,0.));
#3707=CARTESIAN_POINT('',(0.0069677352590169755,0.022211183639794043,0.));
#3708=CARTESIAN_POINT('',(0.006996860018514274,0.022228940076164695,0.));
#3709=CARTESIAN_POINT('',(0.007029148100476272,0.0222446471181571,0.));
#3710=CARTESIAN_POINT('',(0.007064701649553745,0.022257806767699714,0.));
#3711=CARTESIAN_POINT('',(0.007103266859916627,0.0222687652253535,0.));
#3712=CARTESIAN_POINT('',(0.007144849522163839,0.022277354849659287,0.));
#3713=CARTESIAN_POINT('',(0.007189347828251043,0.022283698427393417,0.));
#3714=CARTESIAN_POINT('',(0.007236909038107081,0.022287203003574195,0.));
#3715=CARTESIAN_POINT('',(0.0072695569887014765,0.022287694114985976,0.));
#3716=CARTESIAN_POINT('',(0.007286388972767614,0.022287947312485585,0.));
#3717=B_SPLINE_CURVE_WITH_KNOTS('',3,(#3698,#3699,#3700,#3701,#3702,#3703,#3704,#3705,#3706,#3707,#3708,#3709,#3710,#3711,#3712,#3713,#3714,#3715,#3716),.UNSPECIFIED.,.F.,.F.,(4,1,1,1,1,1,1,1,1,1,1,1,1,1,1,1,4),(0.,0.057335267788295396,0.11251721195520642,0.16584765710232305,0.21839531071740376,0.270586318738933,0.32311916046225453,0.37710947849777615,0.4325762693795917,0.4904519168426405,0.5513364260749527,0.6159548590924063,0.6841238680468292,0.7562398693233335,0.8329944040179916,0.9138985608791124,1.),.UNSPECIFIED.);
#3718=CARTESIAN_POINT('',(0.006855519719709432,0.02199457604165332,0.));
#3719=VERTEX_POINT('',#3718);
#3720=TRIMMED_CURVE('',#3717,(PARAMETER_VALUE(0.)),(PARAMETER_VALUE(1.)),.T.,.PARAMETER.);
#3721=EDGE_CURVE('',#3695,#3719,#3720,.T.);
#3722=ORIENTED_EDGE('',*,*,#3721,.T.);
#3723=CARTESIAN_POINT('',(0.0069095895867598706,0.021813568713285252,0.));
#3724=CARTESIAN_POINT('',(0.006905258848527841,0.0218206192736815,0.));
#3725=CARTESIAN_POINT('',(0.006896674628073249,0.02183459461957568,0.));
#3726=CARTESIAN_POINT('',(0.006885792092058554,0.021856400784282214,0.));
#3727=CARTESIAN_POINT('',(0.006876336786196627,0.02187850238971471,0.));
#3728=CARTESIAN_POINT('',(0.0068688083783633655,0.021901056887003893,0.));
#3729=CARTESIAN_POINT('',(0.006862852398048357,0.02192391765143659,0.));
#3730=CARTESIAN_POINT('',(0.006858602207992368,0.021947137729777435,0.));
#3731=CARTESIAN_POINT('',(0.006856009409424927,0.021970720190800163,0.));
#3732=CARTESIAN_POINT('',(0.006855683156674566,0.021986614004181938,0.));
#3733=CARTESIAN_POINT('',(0.006855519719709432,0.02199457604165332,0.));
#3734=B_SPLINE_CURVE_WITH_KNOTS('',3,(#3723,#3724,#3725,#3726,#3727,#3728,#3729,#3730,#3731,#3732,#3733),.UNSPECIFIED.,.F.,.F.,(4,1,1,1,1,1,1,1,4),(0.,0.12955472041821922,0.25679831507188494,0.3813320792995633,0.5058316584576903,0.6288720638369752,0.7510843389919896,0.8753052038201276,1.),.UNSPECIFIED.);
#3735=CARTESIAN_POINT('',(0.0069095895867598706,0.021813568713285252,0.));
#3736=VERTEX_POINT('',#3735);
#3737=TRIMMED_CURVE('',#3734,(PARAMETER_VALUE(0.)),(PARAMETER_VALUE(1.)),.T.,.PARAMETER.);
#3738=EDGE_CURVE('',#3719,#3736,#3737,.T.);
#3739=ORIENTED_EDGE('',*,*,#3738,.T.);
#3740=CARTESIAN_POINT('',(0.006796803223459346,0.021813568713285252,0.));
#3741=DIRECTION('',(1.,0.,0.));
#3742=VECTOR('',#3741,1.);
#3743=LINE('',#3740,#3742);
#3744=CARTESIAN_POINT('',(0.006796803223459347,0.021813568713285252,0.));
#3745=VERTEX_POINT('',#3744);
#3746=EDGE_CURVE('',#3736,#3745,#3743,.T.);
#3747=ORIENTED_EDGE('',*,*,#3746,.T.);
#3748=CARTESIAN_POINT('',(0.006760897452371164,0.021991830306217167,0.));
#3749=CARTESIAN_POINT('',(0.006761359519415185,0.021975474676704763,0.));
#3750=CARTESIAN_POINT('',(0.00676225964595174,0.02194361320478917,0.));
#3751=CARTESIAN_POINT('',(0.006768794457148635,0.021897259102164512,0.));
#3752=CARTESIAN_POINT('',(0.00678004081458216,0.02185382945400373,0.));
#3753=CARTESIAN_POINT('',(0.006791280078203918,0.02182683446289848,0.));
#3754=CARTESIAN_POINT('',(0.006796803223459347,0.021813568713285256,0.));
#3755=B_SPLINE_CURVE_WITH_KNOTS('',3,(#3748,#3749,#3750,#3751,#3752,#3753,#3754),.UNSPECIFIED.,.F.,.F.,(4,1,1,1,4),(0.,0.26777210291056297,0.5216316088716404,0.7649224897001318,0.9999999999999999),.UNSPECIFIED.);
#3756=CARTESIAN_POINT('',(0.006760897452371164,0.021991830306217167,0.));
#3757=VERTEX_POINT('',#3756);
#3758=TRIMMED_CURVE('',#3755,(PARAMETER_VALUE(0.)),(PARAMETER_VALUE(0.9999999999999999)),.T.,.PARAMETER.);
#3759=EDGE_CURVE('',#3745,#3757,#3758,.T.);
#3760=ORIENTED_EDGE('',*,*,#3759,.T.);
#3761=CARTESIAN_POINT('',(0.007349540887799181,0.022406858777912916,0.));
#3762=CARTESIAN_POINT('',(0.007326859045577843,0.02240657574452684,0.));
#3763=CARTESIAN_POINT('',(0.00728269763037871,0.02240602468016637,0.));
#3764=CARTESIAN_POINT('',(0.00721838862925454,0.022400565219454223,0.));
#3765=CARTESIAN_POINT('',(0.007157870219449471,0.022392183923760293,0.));
#3766=CARTESIAN_POINT('',(0.007101317251945515,0.022379799775032728,0.));
#3767=CARTESIAN_POINT('',(0.0070486518274981876,0.02236467739236796,0.));
#3768=CARTESIAN_POINT('',(0.0070002174095482265,0.02234574163085907,0.));
#3769=CARTESIAN_POINT('',(0.006955844437494118,0.02232387821455602,0.));
#3770=CARTESIAN_POINT('',(0.006915760300690737,0.022298624862470084,0.));
#3771=CARTESIAN_POINT('',(0.006879709966152479,0.022270606741118023,0.));
#3772=CARTESIAN_POINT('',(0.0068485682949016155,0.022239063384429474,0.));
#3773=CARTESIAN_POINT('',(0.006821528242894847,0.02220487764718641,0.));
#3774=CARTESIAN_POINT('',(0.0067996381448058784,0.022167467875661886,0.));
#3775=CARTESIAN_POINT('',(0.006782014454873043,0.022127500655636737,0.));
#3776=CARTESIAN_POINT('',(0.006769901403441088,0.022084631683350953,0.));
#3777=CARTESIAN_POINT('',(0.006762299372534118,0.02203913033022038,0.));
#3778=CARTESIAN_POINT('',(0.006761372048140233,0.022007842909403854,0.));
#3779=CARTESIAN_POINT('',(0.006760897452371164,0.021991830306217167,0.));
#3780=B_SPLINE_CURVE_WITH_KNOTS('',3,(#3761,#3762,#3763,#3764,#3765,#3766,#3767,#3768,#3769,#3770,#3771,#3772,#3773,#3774,#3775,#3776,#3777,#3778,#3779),.UNSPECIFIED.,.F.,.F.,(4,1,1,1,1,1,1,1,1,1,1,1,1,1,1,1,4),(0.,0.08385173747593226,0.16325884633653623,0.23847404653220058,0.30960290383793654,0.3771530832008621,0.44086985079209207,0.5016425459636649,0.5597851030970115,0.6157709262310798,0.6700749127281272,0.7232973495226178,0.7765166028333292,0.8299113005165635,0.8843723073133106,0.9408228510991106,1.),.UNSPECIFIED.);
#3781=CARTESIAN_POINT('',(0.007349540887799181,0.022406858777912916,0.));
#3782=VERTEX_POINT('',#3781);
#3783=TRIMMED_CURVE('',#3780,(PARAMETER_VALUE(0.)),(PARAMETER_VALUE(1.)),.T.,.PARAMETER.);
#3784=EDGE_CURVE('',#3757,#3782,#3783,.T.);
#3785=ORIENTED_EDGE('',*,*,#3784,.T.);
#3786=CARTESIAN_POINT('',(0.007815259859854718,0.022086663783973604,0.));
#3787=CARTESIAN_POINT('',(0.007814940460004735,0.022099152864534878,0.));
#3788=CARTESIAN_POINT('',(0.007814315893338373,0.022123574489693636,0.));
#3789=CARTESIAN_POINT('',(0.007808093640834818,0.022159038270902615,0.));
#3790=CARTESIAN_POINT('',(0.007798804963605084,0.02219248604640553,0.));
#3791=CARTESIAN_POINT('',(0.007785133364544243,0.022223580504917982,0.));
#3792=CARTESIAN_POINT('',(0.007767589519427932,0.02225229328813737,0.));
#3793=CARTESIAN_POINT('',(0.007746715549587975,0.022278808535527415,0.));
#3794=CARTESIAN_POINT('',(0.007721972746577351,0.022302645636161997,0.));
#3795=CARTESIAN_POINT('',(0.007694018222410388,0.022324329421308558,0.));
#3796=CARTESIAN_POINT('',(0.0076623176981966655,0.022343195752207667,0.));
#3797=CARTESIAN_POINT('',(0.007627421655871682,0.022359991997728864,0.));
#3798=CARTESIAN_POINT('',(0.007589100632099003,0.02237430435522756,0.));
#3799=CARTESIAN_POINT('',(0.007547309274069473,0.022385992036516714,0.));
#3800=CARTESIAN_POINT('',(0.007502319760646844,0.022395539502768833,0.));
#3801=CARTESIAN_POINT('',(0.0074541099785068446,0.02240214035609867,0.));
#3802=CARTESIAN_POINT('',(0.007402837646877813,0.02240623640872237,0.));
#3803=CARTESIAN_POINT('',(0.007367642717526103,0.022406647395057572,0.));
#3804=CARTESIAN_POINT('',(0.007349540887799181,0.022406858777912916,0.));
#3805=B_SPLINE_CURVE_WITH_KNOTS('',3,(#3786,#3787,#3788,#3789,#3790,#3791,#3792,#3793,#3794,#3795,#3796,#3797,#3798,#3799,#3800,#3801,#3802,#3803,#3804),.UNSPECIFIED.,.F.,.F.,(4,1,1,1,1,1,1,1,1,1,1,1,1,1,1,1,4),(0.,0.05876163891583921,0.11490475317830466,0.16905544448798251,0.22190962642128825,0.27428010027553773,0.3271488394389002,0.38037298702627387,0.43568263945146407,0.4933976012673747,0.553753055929845,0.6178605239592787,0.6857652546775675,0.7579460418642585,0.8342822601732254,0.9147662926355891,1.),.UNSPECIFIED.);
#3806=TRIMMED_CURVE('',#3805,(PARAMETER_VALUE(0.)),(PARAMETER_VALUE(1.)),.T.,.PARAMETER.);
#3807=EDGE_CURVE('',#3782,#3642,#3806,.T.);
#3808=ORIENTED_EDGE('',*,*,#3807,.T.);
#3809=EDGE_LOOP('',(#3647,#3672,#3689,#3697,#3722,#3739,#3747,#3760,#3785,#3808));
#3810=FACE_BOUND('',#3809,.T.);
#3811=CARTESIAN_POINT('',(0.007315536010474491,0.022905948996038646,0.));
#3812=DIRECTION('',(-1.,0.,0.));
#3813=VECTOR('',#3812,1.);
#3814=LINE('',#3811,#3813);
#3815=CARTESIAN_POINT('',(0.00731257906462017,0.022905948996038646,0.));
#3816=VERTEX_POINT('',#3815);
#3817=CARTESIAN_POINT('',(0.007315536010474491,0.022905948996038646,0.));
#3818=VERTEX_POINT('',#3817);
#3819=EDGE_CURVE('',#3816,#3818,#3814,.T.);
#3820=ORIENTED_EDGE('',*,*,#3819,.T.);
#3821=CARTESIAN_POINT('',(0.007573212720636738,0.02310976704956862,0.));
#3822=CARTESIAN_POINT('',(0.007565041277177734,0.02310958944826465,0.));
#3823=CARTESIAN_POINT('',(0.007549016973963119,0.023109241169877812,0.));
#3824=CARTESIAN_POINT('',(0.007525559086161395,0.0231069671101097,0.));
#3825=CARTESIAN_POINT('',(0.007503268264319008,0.023102888343003766,0.));
#3826=CARTESIAN_POINT('',(0.007482041671212216,0.023097455790784163,0.));
#3827=CARTESIAN_POINT('',(0.007461923179011092,0.023090321241136726,0.));
#3828=CARTESIAN_POINT('',(0.007443007617828866,0.023081275680053415,0.));
#3829=CARTESIAN_POINT('',(0.007425056513175292,0.023071019667494738,0.));
#3830=CARTESIAN_POINT('',(0.007408226879826979,0.02305914298355788,0.));
#3831=CARTESIAN_POINT('',(0.007392722000847954,0.02304548571382262,0.));
#3832=CARTESIAN_POINT('',(0.007378384808438026,0.02303021689865052,0.));
#3833=CARTESIAN_POINT('',(0.007364968114500673,0.023013448842578537,0.));
#3834=CARTESIAN_POINT('',(0.007352793706492724,0.02299500970301543,0.));
#3835=CARTESIAN_POINT('',(0.0073414924761505025,0.022975106563354192,0.));
#3836=CARTESIAN_POINT('',(0.0073316357418662815,0.02295351994243934,0.));
#3837=CARTESIAN_POINT('',(0.0073229600191902465,0.02293032546987479,0.));
#3838=CARTESIAN_POINT('',(0.007318053454571224,0.022914214935978578,0.));
#3839=CARTESIAN_POINT('',(0.007315536010474491,0.022905948996038646,0.));
#3840=B_SPLINE_CURVE_WITH_KNOTS('',3,(#3821,#3822,#3823,#3824,#3825,#3826,#3827,#3828,#3829,#3830,#3831,#3832,#3833,#3834,#3835,#3836,#3837,#3838,#3839),.UNSPECIFIED.,.F.,.F.,(4,1,1,1,1,1,1,1,1,1,1,1,1,1,1,1,4),(0.,0.06855762196504064,0.1344423574063183,0.19746916320375535,0.2584992503970933,0.31809769512390335,0.3762262492277082,0.43417747633979026,0.491374267642125,0.5487172646352515,0.6072137719876399,0.6668970377470934,0.7286573356156879,0.792396953314486,0.8587328960850963,0.927519137232093,1.),.UNSPECIFIED.);
#3841=CARTESIAN_POINT('',(0.007573212720636738,0.02310976704956862,0.));
#3842=VERTEX_POINT('',#3841);
#3843=TRIMMED_CURVE('',#3840,(PARAMETER_VALUE(0.)),(PARAMETER_VALUE(1.)),.T.,.PARAMETER.);
#3844=EDGE_CURVE('',#3818,#3842,#3843,.T.);
#3845=ORIENTED_EDGE('',*,*,#3844,.T.);
#3846=CARTESIAN_POINT('',(0.007815259859854718,0.022826956299644652,0.));
#3847=CARTESIAN_POINT('',(0.007815083014642945,0.02283738612998118,0.));
#3848=CARTESIAN_POINT('',(0.007814735517282614,0.02285788054130444,0.));
#3849=CARTESIAN_POINT('',(0.007811252088403501,0.022887747917892654,0.));
#3850=CARTESIAN_POINT('',(0.007805840645888353,0.022916186642340595,0.));
#3851=CARTESIAN_POINT('',(0.0077979500188509,0.022942916009618893,0.));
#3852=CARTESIAN_POINT('',(0.0077884097627638664,0.02296810442190123,0.));
#3853=CARTESIAN_POINT('',(0.007776558509029959,0.022991196164541063,0.));
#3854=CARTESIAN_POINT('',(0.007763590839258133,0.02301275350111323,0.));
#3855=CARTESIAN_POINT('',(0.00774846539809917,0.0230322098587675,0.));
#3856=CARTESIAN_POINT('',(0.007731787856064203,0.02304986819064606,0.));
#3857=CARTESIAN_POINT('',(0.007713305143869357,0.023065304579716683,0.));
#3858=CARTESIAN_POINT('',(0.007693307824154409,0.02307875912599207,0.));
#3859=CARTESIAN_POINT('',(0.007671752026986029,0.023089902583945967,0.));
#3860=CARTESIAN_POINT('',(0.007648842659765619,0.02309887461309908,0.));
#3861=CARTESIAN_POINT('',(0.007624664923611397,0.023105141304316203,0.));
#3862=CARTESIAN_POINT('',(0.007599320951200965,0.023109082814102812,0.));
#3863=CARTESIAN_POINT('',(0.007582027940789359,0.023109536023331417,0.));
#3864=CARTESIAN_POINT('',(0.007573212720636738,0.02310976704956862,0.));
#3865=B_SPLINE_CURVE_WITH_KNOTS('',3,(#3846,#3847,#3848,#3849,#3850,#3851,#3852,#3853,#3854,#3855,#3856,#3857,#3858,#3859,#3860,#3861,#3862,#3863,#3864),.UNSPECIFIED.,.F.,.F.,(4,1,1,1,1,1,1,1,1,1,1,1,1,1,1,1,4),(0.,0.07483943340739357,0.14705801359779572,0.21554633836705145,0.2823984736285905,0.34687598383221036,0.4085783239786119,0.4684721351271138,0.5272032670923276,0.585113250454817,0.6425093345738112,0.6996981193952638,0.7577908505313303,0.8163543126825229,0.8759295772714973,0.9367543264736254,1.),.UNSPECIFIED.);
#3866=CARTESIAN_POINT('',(0.007815259859854718,0.022826956299644652,0.));
#3867=VERTEX_POINT('',#3866);
#3868=TRIMMED_CURVE('',#3865,(PARAMETER_VALUE(0.)),(PARAMETER_VALUE(1.)),.T.,.PARAMETER.);
#3869=EDGE_CURVE('',#3842,#3867,#3868,.T.);
#3870=ORIENTED_EDGE('',*,*,#3869,.T.);
#3871=CARTESIAN_POINT('',(0.007760133940713449,0.02259483605008046,0.));
#3872=CARTESIAN_POINT('',(0.007764559768310106,0.022603079494105182,0.));
#3873=CARTESIAN_POINT('',(0.0077734786362048105,0.02261969157097627,0.));
#3874=CARTESIAN_POINT('',(0.007784535084826987,0.022645962945169858,0.));
#3875=CARTESIAN_POINT('',(0.007794099556728391,0.022673319862976053,0.));
#3876=CARTESIAN_POINT('',(0.007801951666645258,0.02270181443580979,0.));
#3877=CARTESIAN_POINT('',(0.007807708302610256,0.022731500800353906,0.));
#3878=CARTESIAN_POINT('',(0.0078122863342005595,0.022762206491940325,0.));
#3879=CARTESIAN_POINT('',(0.007814774689706754,0.02279417703381683,0.));
#3880=CARTESIAN_POINT('',(0.007815096199980342,0.02281589904364903,0.));
#3881=CARTESIAN_POINT('',(0.007815259859854717,0.02282695629964465,0.));
#3882=B_SPLINE_CURVE_WITH_KNOTS('',3,(#3871,#3872,#3873,#3874,#3875,#3876,#3877,#3878,#3879,#3880,#3881),.UNSPECIFIED.,.F.,.F.,(4,1,1,1,1,1,1,1,4),(0.,0.11630714953892876,0.23438059420365454,0.3540053905828852,0.4765677555859449,0.6015764691938253,0.7298600704803045,0.8624894115042244,1.),.UNSPECIFIED.);
#3883=CARTESIAN_POINT('',(0.007760133940713449,0.02259483605008046,0.));
#3884=VERTEX_POINT('',#3883);
#3885=TRIMMED_CURVE('',#3882,(PARAMETER_VALUE(0.)),(PARAMETER_VALUE(1.)),.T.,.PARAMETER.);
#3886=EDGE_CURVE('',#3867,#3884,#3885,.T.);
#3887=ORIENTED_EDGE('',*,*,#3886,.T.);
#3888=CARTESIAN_POINT('',(0.0076530502587034005,0.02259483605008046,0.));
#3889=DIRECTION('',(1.,0.,0.));
#3890=VECTOR('',#3889,1.);
#3891=LINE('',#3888,#3890);
#3892=CARTESIAN_POINT('',(0.0076530502587034005,0.02259483605008046,0.));
#3893=VERTEX_POINT('',#3892);
#3894=EDGE_CURVE('',#3884,#3893,#3891,.T.);
#3895=ORIENTED_EDGE('',*,*,#3894,.T.);
#3896=CARTESIAN_POINT('',(0.00772063759251645,0.022796753209846945,0.));
#3897=CARTESIAN_POINT('',(0.007720432816831957,0.022787873448185343,0.));
#3898=CARTESIAN_POINT('',(0.007720023594119899,0.022770128176530416,0.));
#3899=CARTESIAN_POINT('',(0.007716776277793723,0.02274377303598137,0.));
#3900=CARTESIAN_POINT('',(0.007711441852627202,0.02271779435013191,0.));
#3901=CARTESIAN_POINT('',(0.007704100116410666,0.022692269385488323,0.));
#3902=CARTESIAN_POINT('',(0.0076944471615027,0.022667172472374444,0.));
#3903=CARTESIAN_POINT('',(0.007682884482795007,0.022642491788284848,0.));
#3904=CARTESIAN_POINT('',(0.00766904878966829,0.022618233276501122,0.));
#3905=CARTESIAN_POINT('',(0.007658441345179645,0.0226027203034044,0.));
#3906=CARTESIAN_POINT('',(0.0076530502587034005,0.02259483605008046,0.));
#3907=B_SPLINE_CURVE_WITH_KNOTS('',3,(#3896,#3897,#3898,#3899,#3900,#3901,#3902,#3903,#3904,#3905,#3906),.UNSPECIFIED.,.F.,.F.,(4,1,1,1,1,1,1,1,4),(0.,0.12303357984138016,0.24586969562550545,0.36737726680539157,0.4902753662522132,0.6134945055477669,0.7396341611030872,0.8676726751240166,1.),.UNSPECIFIED.);
#3908=CARTESIAN_POINT('',(0.00772063759251645,0.022796753209846945,0.));
#3909=VERTEX_POINT('',#3908);
#3910=TRIMMED_CURVE('',#3907,(PARAMETER_VALUE(0.)),(PARAMETER_VALUE(1.)),.T.,.PARAMETER.);
#3911=EDGE_CURVE('',#3893,#3909,#3910,.T.);
#3912=ORIENTED_EDGE('',*,*,#3911,.T.);
#3913=CARTESIAN_POINT('',(0.007545332945438855,0.022988109848705134,0.));
#3914=CARTESIAN_POINT('',(0.007552447708749787,0.022987917257992693,0.));
#3915=CARTESIAN_POINT('',(0.0075662162812151785,0.02298754455421261,0.));
#3916=CARTESIAN_POINT('',(0.00758617274849531,0.02298554811954324,0.));
#3917=CARTESIAN_POINT('',(0.007604694393313967,0.022981711135951897,0.));
#3918=CARTESIAN_POINT('',(0.007621835956826915,0.022976374619572897,0.));
#3919=CARTESIAN_POINT('',(0.00763784024615172,0.022969970742258677,0.));
#3920=CARTESIAN_POINT('',(0.007652277665578436,0.022961643109096243,0.));
#3921=CARTESIAN_POINT('',(0.007665293287921518,0.02295181415636461,0.));
#3922=CARTESIAN_POINT('',(0.007677060165001223,0.022940522792474403,0.));
#3923=CARTESIAN_POINT('',(0.007687356167417512,0.022927629388465154,0.));
#3924=CARTESIAN_POINT('',(0.007696284938422195,0.022913283837501325,0.));
#3925=CARTESIAN_POINT('',(0.0077040066875157,0.022897549971291363,0.));
#3926=CARTESIAN_POINT('',(0.0077099417698441525,0.022880185411326154,0.));
#3927=CARTESIAN_POINT('',(0.007714948371606618,0.0228614397364079,0.));
#3928=CARTESIAN_POINT('',(0.007718119193795523,0.022841191606566075,0.));
#3929=CARTESIAN_POINT('',(0.007720380312390011,0.022819474282615777,0.));
#3930=CARTESIAN_POINT('',(0.007720549824700211,0.022804504212487864,0.));
#3931=CARTESIAN_POINT('',(0.007720637592516449,0.02279675320984694,0.));
#3932=B_SPLINE_CURVE_WITH_KNOTS('',3,(#3913,#3914,#3915,#3916,#3917,#3918,#3919,#3920,#3921,#3922,#3923,#3924,#3925,#3926,#3927,#3928,#3929,#3930,#3931),.UNSPECIFIED.,.F.,.F.,(4,1,1,1,1,1,1,1,1,1,1,1,1,1,1,1,4),(0.,0.07174098734874763,0.13883399065887833,0.20189003227532284,0.26205577180017237,0.31965498034453493,0.37529235083438994,0.42951746804071733,0.4837286486135594,0.5392617994801027,0.5953859611647144,0.6537928572909754,0.7155248247991318,0.7800809068506045,0.8491567981547369,0.9218984249319215,1.),.UNSPECIFIED.);
#3933=CARTESIAN_POINT('',(0.007545332945438855,0.022988109848705134,0.));
#3934=VERTEX_POINT('',#3933);
#3935=TRIMMED_CURVE('',#3932,(PARAMETER_VALUE(0.)),(PARAMETER_VALUE(1.)),.T.,.PARAMETER.);
#3936=EDGE_CURVE('',#3909,#3934,#3935,.T.);
#3937=ORIENTED_EDGE('',*,*,#3936,.T.);
#3938=CARTESIAN_POINT('',(0.007355665989925989,0.022737403082342362,0.));
#3939=CARTESIAN_POINT('',(0.0073558605041587465,0.022747543408948023,0.));
#3940=CARTESIAN_POINT('',(0.007356236458032606,0.022767142463554744,0.));
#3941=CARTESIAN_POINT('',(0.007358201807900466,0.022795594979979822,0.));
#3942=CARTESIAN_POINT('',(0.007362132875985143,0.0228220088226216,0.));
#3943=CARTESIAN_POINT('',(0.0073669807393220285,0.02284665774551801,0.));
#3944=CARTESIAN_POINT('',(0.007373835698829959,0.02286920221520613,0.));
#3945=CARTESIAN_POINT('',(0.007381731856447096,0.022889977473646465,0.));
#3946=CARTESIAN_POINT('',(0.007391570867402466,0.02290855809836975,0.));
#3947=CARTESIAN_POINT('',(0.007402519115732682,0.022925505356317686,0.));
#3948=CARTESIAN_POINT('',(0.007415228640188856,0.02294036043824708,0.));
#3949=CARTESIAN_POINT('',(0.007429529009173976,0.022953079672054684,0.));
#3950=CARTESIAN_POINT('',(0.007445124428936481,0.022964058199330027,0.));
#3951=CARTESIAN_POINT('',(0.007462311031990031,0.022972946497144587,0.));
#3952=CARTESIAN_POINT('',(0.007481088484535738,0.022979678691589595,0.));
#3953=CARTESIAN_POINT('',(0.0075012069039465355,0.0229844774673043,0.));
#3954=CARTESIAN_POINT('',(0.007522782791965705,0.022987518131435986,0.));
#3955=CARTESIAN_POINT('',(0.007537648403118451,0.0229879082058914,0.));
#3956=CARTESIAN_POINT('',(0.007545332945438855,0.022988109848705134,0.));
#3957=B_SPLINE_CURVE_WITH_KNOTS('',3,(#3938,#3939,#3940,#3941,#3942,#3943,#3944,#3945,#3946,#3947,#3948,#3949,#3950,#3951,#3952,#3953,#3954,#3955,#3956),.UNSPECIFIED.,.F.,.F.,(4,1,1,1,1,1,1,1,1,1,1,1,1,1,1,1,4),(0.,0.08484841563922227,0.16399360652522083,0.2383777706128513,0.3081485454194586,0.3739293557379926,0.4352898231742259,0.4937758629551454,0.5494821137802857,0.6037850384590602,0.6567588443149566,0.7092094311398529,0.7629504479089124,0.8181027987074772,0.8756741437901088,0.9357317170650791,1.),.UNSPECIFIED.);
#3958=CARTESIAN_POINT('',(0.007355665989925989,0.022737403082342362,0.));
#3959=VERTEX_POINT('',#3958);
#3960=TRIMMED_CURVE('',#3957,(PARAMETER_VALUE(0.)),(PARAMETER_VALUE(1.)),.T.,.PARAMETER.);
#3961=EDGE_CURVE('',#3934,#3959,#3960,.T.);
#3962=ORIENTED_EDGE('',*,*,#3961,.T.);
#3963=CARTESIAN_POINT('',(0.007355665989925988,0.02265735433385753,0.));
#3964=DIRECTION('',(0.,1.,0.));
#3965=VECTOR('',#3964,1.);
#3966=LINE('',#3963,#3965);
#3967=CARTESIAN_POINT('',(0.007355665989925988,0.02265735433385753,0.));
#3968=VERTEX_POINT('',#3967);
#3969=EDGE_CURVE('',#3959,#3968,#3966,.T.);
#3970=ORIENTED_EDGE('',*,*,#3969,.T.);
#3971=CARTESIAN_POINT('',(0.0072610437225877214,0.02265735433385753,0.));
#3972=DIRECTION('',(1.,0.,0.));
#3973=VECTOR('',#3972,1.);
#3974=LINE('',#3971,#3973);
#3975=CARTESIAN_POINT('',(0.0072610437225877214,0.02265735433385753,0.));
#3976=VERTEX_POINT('',#3975);
#3977=EDGE_CURVE('',#3968,#3976,#3974,.T.);
#3978=ORIENTED_EDGE('',*,*,#3977,.T.);
#3979=CARTESIAN_POINT('',(0.0072610437225877214,0.022742472132378337,0.));
#3980=DIRECTION('',(0.,-1.,0.));
#3981=VECTOR('',#3980,1.);
#3982=LINE('',#3979,#3981);
#3983=CARTESIAN_POINT('',(0.0072610437225877214,0.022742472132378337,0.));
#3984=VERTEX_POINT('',#3983);
#3985=EDGE_CURVE('',#3976,#3984,#3982,.T.);
#3986=ORIENTED_EDGE('',*,*,#3985,.T.);
#3987=CARTESIAN_POINT('',(0.007056380827385084,0.023028662248992963,0.));
#3988=CARTESIAN_POINT('',(0.007064629636041424,0.023028484262356434,0.));
#3989=CARTESIAN_POINT('',(0.007080708198508594,0.02302813733113606,0.));
#3990=CARTESIAN_POINT('',(0.007104025550650004,0.023024729500047067,0.));
#3991=CARTESIAN_POINT('',(0.007125757376552854,0.023018989864012424,0.));
#3992=CARTESIAN_POINT('',(0.007145902637479568,0.02301117896653913,0.));
#3993=CARTESIAN_POINT('',(0.007164608061147145,0.023001279791657506,0.));
#3994=CARTESIAN_POINT('',(0.007181236368772772,0.02298855484477945,0.));
#3995=CARTESIAN_POINT('',(0.007196773363478644,0.022974106608104287,0.));
#3996=CARTESIAN_POINT('',(0.00721041530179791,0.022957101611877907,0.));
#3997=CARTESIAN_POINT('',(0.007222500785472137,0.022937961233799594,0.));
#3998=CARTESIAN_POINT('',(0.007232906437587312,0.022916645007235763,0.));
#3999=CARTESIAN_POINT('',(0.00724148204674114,0.022893030469552957,0.));
#4000=CARTESIAN_POINT('',(0.0072486248563059415,0.02286717467511134,0.));
#4001=CARTESIAN_POINT('',(0.007254278885081747,0.022839158502067042,0.));
#4002=CARTESIAN_POINT('',(0.007258277856683275,0.022808889899148765,0.));
#4003=CARTESIAN_POINT('',(0.00726053214087772,0.02277644128200745,0.));
#4004=CARTESIAN_POINT('',(0.007260869782467368,0.022754021798559284,0.));
#4005=CARTESIAN_POINT('',(0.0072610437225877214,0.022742472132378337,0.));
#4006=B_SPLINE_CURVE_WITH_KNOTS('',3,(#3987,#3988,#3989,#3990,#3991,#3992,#3993,#3994,#3995,#3996,#3997,#3998,#3999,#4000,#4001,#4002,#4003,#4004,#4005),.UNSPECIFIED.,.F.,.F.,(4,1,1,1,1,1,1,1,1,1,1,1,1,1,1,1,4),(0.,0.06177771293888437,0.12041700298178437,0.17607862506070493,0.22986114043081424,0.28202560694681283,0.3340404823045114,0.3862849107495878,0.4406617829635671,0.49686077829594216,0.5556067521300431,0.6180297742280033,0.6848413839818377,0.7564344543404382,0.8320117480716612,0.9134588342956875,1.),.UNSPECIFIED.);
#4007=CARTESIAN_POINT('',(0.007056380827385084,0.023028662248992963,0.));
#4008=VERTEX_POINT('',#4007);
#4009=TRIMMED_CURVE('',#4006,(PARAMETER_VALUE(0.)),(PARAMETER_VALUE(1.)),.T.,.PARAMETER.);
#4010=EDGE_CURVE('',#3984,#4008,#4009,.T.);
#4011=ORIENTED_EDGE('',*,*,#4010,.T.);
#4012=CARTESIAN_POINT('',(0.006855519719709432,0.02279274021190179,0.));
#4013=CARTESIAN_POINT('',(0.006855680923953162,0.022801475580787912,0.));
#4014=CARTESIAN_POINT('',(0.0068559962432722475,0.022818562169238707,0.));
#4015=CARTESIAN_POINT('',(0.006858483803502162,0.022843513098233355,0.));
#4016=CARTESIAN_POINT('',(0.006862984868589276,0.022867157296745412,0.));
#4017=CARTESIAN_POINT('',(0.006869082805417574,0.02288946663327246,0.));
#4018=CARTESIAN_POINT('',(0.0068766285710165215,0.022910518356410937,0.));
#4019=CARTESIAN_POINT('',(0.0068859225562716755,0.0229299659349278,0.));
#4020=CARTESIAN_POINT('',(0.006896778363443784,0.02294784443254383,0.));
#4021=CARTESIAN_POINT('',(0.0069090131225369635,0.022964190132979113,0.));
#4022=CARTESIAN_POINT('',(0.006922830071974252,0.022978852815621474,0.));
#4023=CARTESIAN_POINT('',(0.006938044644059427,0.022991774625979067,0.));
#4024=CARTESIAN_POINT('',(0.006954724224303048,0.02300285687675376,0.));
#4025=CARTESIAN_POINT('',(0.006972702007132359,0.02301215698043631,0.));
#4026=CARTESIAN_POINT('',(0.006991955185619741,0.02301957599648388,0.));
#4027=CARTESIAN_POINT('',(0.00701243027204928,0.02302485601067845,0.));
#4028=CARTESIAN_POINT('',(0.007034030423869829,0.023028083238242788,0.));
#4029=CARTESIAN_POINT('',(0.007048836319892839,0.02302846680057791,0.));
#4030=CARTESIAN_POINT('',(0.007056380827385084,0.023028662248992963,0.));
#4031=B_SPLINE_CURVE_WITH_KNOTS('',3,(#4012,#4013,#4014,#4015,#4016,#4017,#4018,#4019,#4020,#4021,#4022,#4023,#4024,#4025,#4026,#4027,#4028,#4029,#4030),.UNSPECIFIED.,.F.,.F.,(4,1,1,1,1,1,1,1,1,1,1,1,1,1,1,1,4),(0.,0.07505128043992014,0.14680208223603844,0.21514129142149402,0.2816211538233118,0.34534667143984055,0.4070384439413047,0.4664856837113134,0.5248017938222556,0.582146559949049,0.6392322875232924,0.6959417594062569,0.7538422202381195,0.8128228606369441,0.8728337681802772,0.9352010450949199,0.9999999999999999),.UNSPECIFIED.);
#4032=CARTESIAN_POINT('',(0.006855519719709432,0.02279274021190179,0.));
#4033=VERTEX_POINT('',#4032);
#4034=TRIMMED_CURVE('',#4031,(PARAMETER_VALUE(0.)),(PARAMETER_VALUE(0.9999999999999999)),.T.,.PARAMETER.);
#4035=EDGE_CURVE('',#4008,#4033,#4034,.T.);
#4036=ORIENTED_EDGE('',*,*,#4035,.T.);
#4037=CARTESIAN_POINT('',(0.00693662452028509,0.022555550912301624,0.));
#4038=CARTESIAN_POINT('',(0.006930138808739548,0.022564248360707893,0.));
#4039=CARTESIAN_POINT('',(0.006917305542308938,0.022581457987112107,0.));
#4040=CARTESIAN_POINT('',(0.006900797499187895,0.022608904579277448,0.));
#4041=CARTESIAN_POINT('',(0.0068868326506260555,0.022637245188391303,0.));
#4042=CARTESIAN_POINT('',(0.006875336062258894,0.02266655339723708,0.));
#4043=CARTESIAN_POINT('',(0.006866473715309957,0.022696813167250113,0.));
#4044=CARTESIAN_POINT('',(0.006860156982230309,0.022727970033547543,0.));
#4045=CARTESIAN_POINT('',(0.006856221018218925,0.022760042340367468,0.));
#4046=CARTESIAN_POINT('',(0.006855755523104318,0.02278174593627029,0.));
#4047=CARTESIAN_POINT('',(0.006855519719709432,0.02279274021190179,0.));
#4048=B_SPLINE_CURVE_WITH_KNOTS('',3,(#4037,#4038,#4039,#4040,#4041,#4042,#4043,#4044,#4045,#4046,#4047),.UNSPECIFIED.,.F.,.F.,(4,1,1,1,1,1,1,1,4),(0.,0.1273396958009037,0.2519668400192205,0.37545631611372865,0.49796781839930926,0.6211830239304438,0.745216466586342,0.870935654844446,1.),.UNSPECIFIED.);
#4049=CARTESIAN_POINT('',(0.00693662452028509,0.022555550912301624,0.));
#4050=VERTEX_POINT('',#4049);
#4051=TRIMMED_CURVE('',#4048,(PARAMETER_VALUE(0.)),(PARAMETER_VALUE(1.)),.T.,.PARAMETER.);
#4052=EDGE_CURVE('',#4033,#4050,#4051,.T.);
#4053=ORIENTED_EDGE('',*,*,#4052,.T.);
#4054=CARTESIAN_POINT('',(0.006814756109003437,0.022555550912301624,0.));
#4055=DIRECTION('',(1.,0.,0.));
#4056=VECTOR('',#4055,1.);
#4057=LINE('',#4054,#4056);
#4058=CARTESIAN_POINT('',(0.006814756109003438,0.022555550912301624,0.));
#4059=VERTEX_POINT('',#4058);
#4060=EDGE_CURVE('',#4050,#4059,#4057,.T.);
#4061=ORIENTED_EDGE('',*,*,#4060,.T.);
#4062=CARTESIAN_POINT('',(0.006760897452371164,0.022789149634792973,0.));
#4063=CARTESIAN_POINT('',(0.0067610536207065655,0.022777246972434738,0.));
#4064=CARTESIAN_POINT('',(0.0067613589357006666,0.022753976817967494,0.));
#4065=CARTESIAN_POINT('',(0.006763906332459433,0.022720056834419224,0.));
#4066=CARTESIAN_POINT('',(0.006768113460270633,0.022687967619496298,0.));
#4067=CARTESIAN_POINT('',(0.00677394812556202,0.02265774932443584,0.));
#4068=CARTESIAN_POINT('',(0.006781600315326895,0.022629408154649516,0.));
#4069=CARTESIAN_POINT('',(0.006790578525528687,0.022602837902027568,0.));
#4070=CARTESIAN_POINT('',(0.006801505352665763,0.022578197697678742,0.));
#4071=CARTESIAN_POINT('',(0.0068103919320594754,0.02256300970001751,0.));
#4072=CARTESIAN_POINT('',(0.006814756109003438,0.022555550912301627,0.));
#4073=B_SPLINE_CURVE_WITH_KNOTS('',3,(#4062,#4063,#4064,#4065,#4066,#4067,#4068,#4069,#4070,#4071,#4072),.UNSPECIFIED.,.F.,.F.,(4,1,1,1,1,1,1,1,4),(0.,0.14709164783188053,0.28756972708053236,0.42010547948608,0.546895588648376,0.6676262618751475,0.7826469235366431,0.8932584470385365,1.),.UNSPECIFIED.);
#4074=CARTESIAN_POINT('',(0.006760897452371164,0.022789149634792973,0.));
#4075=VERTEX_POINT('',#4074);
#4076=TRIMMED_CURVE('',#4073,(PARAMETER_VALUE(0.)),(PARAMETER_VALUE(1.)),.T.,.PARAMETER.);
#4077=EDGE_CURVE('',#4059,#4075,#4076,.T.);
#4078=ORIENTED_EDGE('',*,*,#4077,.T.);
#4079=CARTESIAN_POINT('',(0.007068631031638699,0.02315031944985645,0.));
#4080=CARTESIAN_POINT('',(0.007057349250182042,0.023149987737702885,0.));
#4081=CARTESIAN_POINT('',(0.007035171660753365,0.02314933566196657,0.));
#4082=CARTESIAN_POINT('',(0.007002647309619776,0.023144398784059415,0.));
#4083=CARTESIAN_POINT('',(0.006971692644812854,0.02313617409729069,0.));
#4084=CARTESIAN_POINT('',(0.006942409694713834,0.023124667189982444,0.));
#4085=CARTESIAN_POINT('',(0.006914927957460254,0.02311040038598606,0.));
#4086=CARTESIAN_POINT('',(0.00688958108301058,0.023093051172519023,0.));
#4087=CARTESIAN_POINT('',(0.006866205297731321,0.023073156305309095,0.));
#4088=CARTESIAN_POINT('',(0.006845120343048251,0.023050419299579458,0.));
#4089=CARTESIAN_POINT('',(0.006825985199129048,0.02302533651828487,0.));
#4090=CARTESIAN_POINT('',(0.006809029889874384,0.02299786696076858,0.));
#4091=CARTESIAN_POINT('',(0.006794755969828966,0.022967815434714222,0.));
#4092=CARTESIAN_POINT('',(0.006782436851055705,0.022935729869118713,0.));
#4093=CARTESIAN_POINT('',(0.006772828223427391,0.022901575756620208,0.));
#4094=CARTESIAN_POINT('',(0.00676576815436222,0.022865640114779342,0.));
#4095=CARTESIAN_POINT('',(0.006761828489462765,0.02282795964909131,0.));
#4096=CARTESIAN_POINT('',(0.0067612118066280955,0.02280225340188913,0.));
#4097=CARTESIAN_POINT('',(0.006760897452371164,0.022789149634792973,0.));
#4098=B_SPLINE_CURVE_WITH_KNOTS('',3,(#4079,#4080,#4081,#4082,#4083,#4084,#4085,#4086,#4087,#4088,#4089,#4090,#4091,#4092,#4093,#4094,#4095,#4096,#4097),.UNSPECIFIED.,.F.,.F.,(4,1,1,1,1,1,1,1,1,1,1,1,1,1,1,1,4),(0.,0.06351959410944681,0.12486604923588544,0.18478511962789165,0.24354240310581543,0.3017134704770975,0.35879050167611926,0.41616149849495215,0.47423112939438944,0.5330739713937542,0.5935973970726424,0.6556661320906797,0.720173022050978,0.7869456784864374,0.8552200781110828,0.926198392098562,1.),.UNSPECIFIED.);
#4099=CARTESIAN_POINT('',(0.007068631031638699,0.02315031944985645,0.));
#4100=VERTEX_POINT('',#4099);
#4101=TRIMMED_CURVE('',#4098,(PARAMETER_VALUE(0.)),(PARAMETER_VALUE(1.)),.T.,.PARAMETER.);
#4102=EDGE_CURVE('',#4075,#4100,#4101,.T.);
#4103=ORIENTED_EDGE('',*,*,#4102,.T.);
#4104=CARTESIAN_POINT('',(0.00731257906462017,0.022905948996038646,0.));
#4105=CARTESIAN_POINT('',(0.007311418276737902,0.02291462506689781,0.));
#4106=CARTESIAN_POINT('',(0.007309131165641135,0.022931719609528275,0.));
#4107=CARTESIAN_POINT('',(0.007303904670222763,0.02295676633689646,0.));
#4108=CARTESIAN_POINT('',(0.0072966483076829,0.02298067250163373,0.));
#4109=CARTESIAN_POINT('',(0.0072878493357147215,0.023003531226938056,0.));
#4110=CARTESIAN_POINT('',(0.0072771914868487815,0.023025078443377464,0.));
#4111=CARTESIAN_POINT('',(0.007265348191025882,0.023045372740214277,0.));
#4112=CARTESIAN_POINT('',(0.007251560879388584,0.02306388581551143,0.));
#4113=CARTESIAN_POINT('',(0.007236660909682901,0.023081057974972417,0.));
#4114=CARTESIAN_POINT('',(0.007220166212594693,0.023096482205991628,0.));
#4115=CARTESIAN_POINT('',(0.007202258597674699,0.023110130640538178,0.));
#4116=CARTESIAN_POINT('',(0.007182974296390634,0.023121943202319625,0.));
#4117=CARTESIAN_POINT('',(0.007162429858015084,0.023132099061996262,0.));
#4118=CARTESIAN_POINT('',(0.007140665939383223,0.02314053558734614,0.));
#4119=CARTESIAN_POINT('',(0.007117552118535868,0.023145975115583625,0.));
#4120=CARTESIAN_POINT('',(0.0070934747512213,0.023149880465920692,0.));
#4121=CARTESIAN_POINT('',(0.007077025827660892,0.023150171115361468,0.));
#4122=CARTESIAN_POINT('',(0.007068631031638699,0.02315031944985645,0.));
#4123=B_SPLINE_CURVE_WITH_KNOTS('',3,(#4104,#4105,#4106,#4107,#4108,#4109,#4110,#4111,#4112,#4113,#4114,#4115,#4116,#4117,#4118,#4119,#4120,#4121,#4122),.UNSPECIFIED.,.F.,.F.,(4,1,1,1,1,1,1,1,1,1,1,1,1,1,1,1,4),(0.,0.06894276094684143,0.1358385593199698,0.20128407155155692,0.26555105796231565,0.3285516232782211,0.390471261568304,0.4503709606807844,0.5101086885096445,0.5693578458312485,0.6279256106151906,0.6871851497762538,0.747207962213679,0.8082898807871175,0.8705686200802127,0.9339440037332858,0.9999999999999999),.UNSPECIFIED.);
#4124=TRIMMED_CURVE('',#4123,(PARAMETER_VALUE(0.)),(PARAMETER_VALUE(0.9999999999999999)),.T.,.PARAMETER.);
#4125=EDGE_CURVE('',#4100,#3816,#4124,.T.);
#4126=ORIENTED_EDGE('',*,*,#4125,.T.);
#4127=EDGE_LOOP('',(#3820,#3845,#3870,#3887,#3895,#3912,#3937,#3962,#3970,#3978,#3986,#4011,#4036,#4053,#4061,#4078,#4103,#4126));
#4128=FACE_BOUND('',#4127,.T.);
#4129=CARTESIAN_POINT('',(0.007010759377061278,0.024268678614044237,0.));
#4130=DIRECTION('',(0.9662777508351321,0.25750205482869193,0.));
#4131=VECTOR('',#4130,1.);
#4132=LINE('',#4129,#4131);
#4133=CARTESIAN_POINT('',(0.007801742393092108,0.02447946661137368,0.));
#4134=VERTEX_POINT('',#4133);
#4135=CARTESIAN_POINT('',(0.007010759377061278,0.024268678614044237,0.));
#4136=VERTEX_POINT('',#4135);
#4137=EDGE_CURVE('',#4134,#4136,#4132,.T.);
#4138=ORIENTED_EDGE('',*,*,#4137,.T.);
#4139=CARTESIAN_POINT('',(0.006911912901359695,0.024249458465991153,0.));
#4140=CARTESIAN_POINT('',(0.006918608703438402,0.02425017370944374,0.));
#4141=CARTESIAN_POINT('',(0.006933108513962266,0.024251722574601193,0.));
#4142=CARTESIAN_POINT('',(0.006956323991562655,0.02425556362597861,0.));
#4143=CARTESIAN_POINT('',(0.0069825652268865526,0.024261399893405044,0.));
#4144=CARTESIAN_POINT('',(0.007000987905422919,0.02426615596974219,0.));
#4145=CARTESIAN_POINT('',(0.007010759377061278,0.024268678614044237,0.));
#4146=B_SPLINE_CURVE_WITH_KNOTS('',3,(#4139,#4140,#4141,#4142,#4143,#4144,#4145),.UNSPECIFIED.,.F.,.F.,(4,1,1,1,4),(0.,0.20034845139174148,0.4338561011484268,0.6997147271534259,1.),.UNSPECIFIED.);
#4147=CARTESIAN_POINT('',(0.006911912901359695,0.024249458465991153,0.));
#4148=VERTEX_POINT('',#4147);
#4149=TRIMMED_CURVE('',#4146,(PARAMETER_VALUE(0.)),(PARAMETER_VALUE(1.)),.T.,.PARAMETER.);
#4150=EDGE_CURVE('',#4136,#4148,#4149,.T.);
#4151=ORIENTED_EDGE('',*,*,#4150,.T.);
#4152=CARTESIAN_POINT('',(0.0069119129013596944,0.02424650152013683,0.));
#4153=DIRECTION('',(0.,1.,0.));
#4154=VECTOR('',#4153,1.);
#4155=LINE('',#4152,#4154);
#4156=CARTESIAN_POINT('',(0.0069119129013596944,0.02424650152013683,0.));
#4157=VERTEX_POINT('',#4156);
#4158=EDGE_CURVE('',#4148,#4157,#4155,.T.);
#4159=ORIENTED_EDGE('',*,*,#4158,.T.);
#4160=CARTESIAN_POINT('',(0.007008013641625122,0.024229182265847235,0.));
#4161=CARTESIAN_POINT('',(0.00700092332602301,0.024231100223136154,0.));
#4162=CARTESIAN_POINT('',(0.006986206596770578,0.02423508115427132,0.));
#4163=CARTESIAN_POINT('',(0.006962954410457005,0.024239505443481628,0.));
#4164=CARTESIAN_POINT('',(0.006938044463104454,0.024243643593706763,0.));
#4165=CARTESIAN_POINT('',(0.0069207953889633385,0.024245530070503046,0.));
#4166=CARTESIAN_POINT('',(0.0069119129013596944,0.02424650152013683,0.));
#4167=B_SPLINE_CURVE_WITH_KNOTS('',3,(#4160,#4161,#4162,#4163,#4164,#4165,#4166),.UNSPECIFIED.,.F.,.F.,(4,1,1,1,4),(0.,0.225312521103643,0.46766089922384063,0.7258696075571589,1.),.UNSPECIFIED.);
#4168=CARTESIAN_POINT('',(0.007008013641625122,0.024229182265847235,0.));
#4169=VERTEX_POINT('',#4168);
#4170=TRIMMED_CURVE('',#4167,(PARAMETER_VALUE(0.)),(PARAMETER_VALUE(1.)),.T.,.PARAMETER.);
#4171=EDGE_CURVE('',#4157,#4169,#4170,.T.);
#4172=ORIENTED_EDGE('',*,*,#4171,.T.);
#4173=CARTESIAN_POINT('',(0.007801742393092108,0.024010157062209325,0.));
#4174=DIRECTION('',(-0.9639722077806328,0.2660029748452681,0.));
#4175=VECTOR('',#4174,1.);
#4176=LINE('',#4173,#4175);
#4177=CARTESIAN_POINT('',(0.007801742393092108,0.024010157062209325,0.));
#4178=VERTEX_POINT('',#4177);
#4179=EDGE_CURVE('',#4169,#4178,#4176,.T.);
#4180=ORIENTED_EDGE('',*,*,#4179,.T.);
#4181=CARTESIAN_POINT('',(0.007801742393092108,0.02389546980514531,0.));
#4182=DIRECTION('',(0.,1.,0.));
#4183=VECTOR('',#4182,1.);
#4184=LINE('',#4181,#4183);
#4185=CARTESIAN_POINT('',(0.007801742393092108,0.02389546980514531,0.));
#4186=VERTEX_POINT('',#4185);
#4187=EDGE_CURVE('',#4178,#4186,#4184,.T.);
#4188=ORIENTED_EDGE('',*,*,#4187,.T.);
#4189=CARTESIAN_POINT('',(0.007013505112497433,0.023667362553526274,0.));
#4190=DIRECTION('',(0.9605859712054028,0.27798307848387693,0.));
#4191=VECTOR('',#4190,1.);
#4192=LINE('',#4189,#4191);
#4193=CARTESIAN_POINT('',(0.007013505112497433,0.023667362553526274,0.));
#4194=VERTEX_POINT('',#4193);
#4195=EDGE_CURVE('',#4186,#4194,#4192,.T.);
#4196=ORIENTED_EDGE('',*,*,#4195,.T.);
#4197=CARTESIAN_POINT('',(0.006910434428432534,0.0236449742492007,0.));
#4198=CARTESIAN_POINT('',(0.0069173470774987235,0.02364580488100102,0.));
#4199=CARTESIAN_POINT('',(0.006932378221169061,0.023647611040377572,0.));
#4200=CARTESIAN_POINT('',(0.0069564529091623445,0.023652486505646445,0.));
#4201=CARTESIAN_POINT('',(0.006983928430613449,0.02365902875506912,0.));
#4202=CARTESIAN_POINT('',(0.007003245559038561,0.02366447172719484,0.));
#4203=CARTESIAN_POINT('',(0.007013505112497433,0.023667362553526274,0.));
#4204=B_SPLINE_CURVE_WITH_KNOTS('',3,(#4197,#4198,#4199,#4200,#4201,#4202,#4203),.UNSPECIFIED.,.F.,.F.,(4,1,1,1,4),(0.,0.19772200938262294,0.42993473288772693,0.6972316508813641,1.),.UNSPECIFIED.);
#4205=CARTESIAN_POINT('',(0.006910434428432534,0.0236449742492007,0.));
#4206=VERTEX_POINT('',#4205);
#4207=TRIMMED_CURVE('',#4204,(PARAMETER_VALUE(0.)),(PARAMETER_VALUE(1.)),.T.,.PARAMETER.);
#4208=EDGE_CURVE('',#4194,#4206,#4207,.T.);
#4209=ORIENTED_EDGE('',*,*,#4208,.T.);
#4210=CARTESIAN_POINT('',(0.006910434428432534,0.02364138367209188,0.));
#4211=DIRECTION('',(0.,1.,0.));
#4212=VECTOR('',#4211,1.);
#4213=LINE('',#4210,#4212);
#4214=CARTESIAN_POINT('',(0.006910434428432534,0.02364138367209188,0.));
#4215=VERTEX_POINT('',#4214);
#4216=EDGE_CURVE('',#4206,#4215,#4213,.T.);
#4217=ORIENTED_EDGE('',*,*,#4216,.T.);
#4218=CARTESIAN_POINT('',(0.007013505112497433,0.02362406441780229,0.));
#4219=CARTESIAN_POINT('',(0.006996751076046484,0.023628225036826666,0.));
#4220=CARTESIAN_POINT('',(0.0069628407915631515,0.023636646158217717,0.));
#4221=CARTESIAN_POINT('',(0.006928040804273061,0.023639792062889575,0.));
#4222=CARTESIAN_POINT('',(0.006910434428432534,0.02364138367209188,0.));
#4223=B_SPLINE_CURVE_WITH_KNOTS('',3,(#4218,#4219,#4220,#4221,#4222),.UNSPECIFIED.,.F.,.F.,(4,1,4),(0.,0.4940694749753897,1.),.UNSPECIFIED.);
#4224=CARTESIAN_POINT('',(0.007013505112497433,0.02362406441780229,0.));
#4225=VERTEX_POINT('',#4224);
#4226=TRIMMED_CURVE('',#4223,(PARAMETER_VALUE(0.)),(PARAMETER_VALUE(1.)),.T.,.PARAMETER.);
#4227=EDGE_CURVE('',#4215,#4225,#4226,.T.);
#4228=ORIENTED_EDGE('',*,*,#4227,.T.);
#4229=CARTESIAN_POINT('',(0.007801742393092108,0.02340503921416438,0.));
#4230=DIRECTION('',(-0.963495713932604,0.26772375545233446,0.));
#4231=VECTOR('',#4230,1.);
#4232=LINE('',#4229,#4231);
#4233=CARTESIAN_POINT('',(0.007801742393092108,0.02340503921416438,0.));
#4234=VERTEX_POINT('',#4233);
#4235=EDGE_CURVE('',#4225,#4234,#4232,.T.);
#4236=ORIENTED_EDGE('',*,*,#4235,.T.);
#4237=CARTESIAN_POINT('',(0.007801742393092108,0.02327197665071994,0.));
#4238=DIRECTION('',(0.,1.,0.));
#4239=VECTOR('',#4238,1.);
#4240=LINE('',#4237,#4239);
#4241=CARTESIAN_POINT('',(0.007801742393092108,0.02327197665071994,0.));
#4242=VERTEX_POINT('',#4241);
#4243=EDGE_CURVE('',#4234,#4242,#4240,.T.);
#4244=ORIENTED_EDGE('',*,*,#4243,.T.);
#4245=CARTESIAN_POINT('',(0.006774414919133775,0.023574218759115164,0.));
#4246=DIRECTION('',(0.9593435140388094,-0.2822410708448877,0.));
#4247=VECTOR('',#4246,1.);
#4248=LINE('',#4245,#4247);
#4249=CARTESIAN_POINT('',(0.006774414919133775,0.023574218759115164,0.));
#4250=VERTEX_POINT('',#4249);
#4251=EDGE_CURVE('',#4242,#4250,#4248,.T.);
#4252=ORIENTED_EDGE('',*,*,#4251,.T.);
#4253=CARTESIAN_POINT('',(0.006774414919133775,0.023713195214268245,0.));
#4254=DIRECTION('',(0.,-1.,0.));
#4255=VECTOR('',#4254,1.);
#4256=LINE('',#4253,#4255);
#4257=CARTESIAN_POINT('',(0.006774414919133775,0.023713195214268245,0.));
#4258=VERTEX_POINT('',#4257);
#4259=EDGE_CURVE('',#4250,#4258,#4256,.T.);
#4260=ORIENTED_EDGE('',*,*,#4259,.T.);
#4261=CARTESIAN_POINT('',(0.007526746428640268,0.02392736257828834,0.));
#4262=DIRECTION('',(-0.9617884195714178,-0.27379378367361507,0.));
#4263=VECTOR('',#4262,1.);
#4264=LINE('',#4261,#4263);
#4265=CARTESIAN_POINT('',(0.007526746428640268,0.02392736257828834,0.));
#4266=VERTEX_POINT('',#4265);
#4267=EDGE_CURVE('',#4258,#4266,#4264,.T.);
#4268=ORIENTED_EDGE('',*,*,#4267,.T.);
#4269=CARTESIAN_POINT('',(0.007629817112705166,0.023946160305505098,0.));
#4270=CARTESIAN_POINT('',(0.00761227356274895,0.023944364250919205,0.));
#4271=CARTESIAN_POINT('',(0.007577423605044314,0.023940796419635917,0.));
#4272=CARTESIAN_POINT('',(0.007543562015209016,0.023931820165276414,0.));
#4273=CARTESIAN_POINT('',(0.007526746428640268,0.02392736257828834,0.));
#4274=B_SPLINE_CURVE_WITH_KNOTS('',3,(#4269,#4270,#4271,#4272,#4273),.UNSPECIFIED.,.F.,.F.,(4,1,4),(0.,0.5034023313572775,1.),.UNSPECIFIED.);
#4275=CARTESIAN_POINT('',(0.007629817112705166,0.023946160305505098,0.));
#4276=VERTEX_POINT('',#4275);
#4277=TRIMMED_CURVE('',#4274,(PARAMETER_VALUE(0.)),(PARAMETER_VALUE(1.)),.T.,.PARAMETER.);
#4278=EDGE_CURVE('',#4266,#4276,#4277,.T.);
#4279=ORIENTED_EDGE('',*,*,#4278,.T.);
#4280=CARTESIAN_POINT('',(0.007629817112705166,0.02394911725135942,0.));
#4281=DIRECTION('',(0.,-1.,0.));
#4282=VECTOR('',#4281,1.);
#4283=LINE('',#4280,#4282);
#4284=CARTESIAN_POINT('',(0.007629817112705166,0.02394911725135942,0.));
#4285=VERTEX_POINT('',#4284);
#4286=EDGE_CURVE('',#4276,#4285,#4283,.T.);
#4287=ORIENTED_EDGE('',*,*,#4286,.T.);
#4288=CARTESIAN_POINT('',(0.007525267955713107,0.023965591663976347,0.));
#4289=CARTESIAN_POINT('',(0.007533412471484105,0.023963454918557232,0.));
#4290=CARTESIAN_POINT('',(0.0075499464780218,0.023959117157575184,0.));
#4291=CARTESIAN_POINT('',(0.007575620328624973,0.023954286709868548,0.));
#4292=CARTESIAN_POINT('',(0.007602362184586705,0.023950942769218424,0.));
#4293=CARTESIAN_POINT('',(0.0076205863764051,0.023949731016359815,0.));
#4294=CARTESIAN_POINT('',(0.007629817112705166,0.02394911725135942,0.));
#4295=B_SPLINE_CURVE_WITH_KNOTS('',3,(#4288,#4289,#4290,#4291,#4292,#4293,#4294),.UNSPECIFIED.,.F.,.F.,(4,1,1,1,4),(0.,0.23812967150272402,0.48342193153657737,0.7383480169711263,0.9999999999999999),.UNSPECIFIED.);
#4296=CARTESIAN_POINT('',(0.007525267955713107,0.023965591663976347,0.));
#4297=VERTEX_POINT('',#4296);
#4298=TRIMMED_CURVE('',#4295,(PARAMETER_VALUE(0.)),(PARAMETER_VALUE(0.9999999999999999)),.T.,.PARAMETER.);
#4299=EDGE_CURVE('',#4285,#4297,#4298,.T.);
#4300=ORIENTED_EDGE('',*,*,#4299,.T.);
#4301=CARTESIAN_POINT('',(0.006774414919133775,0.024178069344651117,0.));
#4302=DIRECTION('',(0.9622154123825315,-0.27228936845480206,0.));
#4303=VECTOR('',#4302,1.);
#4304=LINE('',#4301,#4303);
#4305=CARTESIAN_POINT('',(0.006774414919133775,0.024178069344651117,0.));
#4306=VERTEX_POINT('',#4305);
#4307=EDGE_CURVE('',#4297,#4306,#4304,.T.);
#4308=ORIENTED_EDGE('',*,*,#4307,.T.);
#4309=CARTESIAN_POINT('',(0.006774414919133775,0.02431852427273136,0.));
#4310=DIRECTION('',(0.,-1.,0.));
#4311=VECTOR('',#4310,1.);
#4312=LINE('',#4309,#4311);
#4313=CARTESIAN_POINT('',(0.006774414919133775,0.02431852427273136,0.));
#4314=VERTEX_POINT('',#4313);
#4315=EDGE_CURVE('',#4306,#4314,#4312,.T.);
#4316=ORIENTED_EDGE('',*,*,#4315,.T.);
#4317=CARTESIAN_POINT('',(0.007801742393092108,0.024610205860218295,0.));
#4318=DIRECTION('',(-0.9619778831819512,-0.2731273554017832,0.));
#4319=VECTOR('',#4318,1.);
#4320=LINE('',#4317,#4319);
#4321=CARTESIAN_POINT('',(0.007801742393092108,0.024610205860218295,0.));
#4322=VERTEX_POINT('',#4321);
#4323=EDGE_CURVE('',#4314,#4322,#4320,.T.);
#4324=ORIENTED_EDGE('',*,*,#4323,.T.);
#4325=CARTESIAN_POINT('',(0.007801742393092108,0.02447946661137368,0.));
#4326=DIRECTION('',(0.,1.,0.));
#4327=VECTOR('',#4326,1.);
#4328=LINE('',#4325,#4327);
#4329=EDGE_CURVE('',#4322,#4134,#4328,.T.);
#4330=ORIENTED_EDGE('',*,*,#4329,.T.);
#4331=EDGE_LOOP('',(#4138,#4151,#4159,#4172,#4180,#4188,#4196,#4209,#4217,#4228,#4236,#4244,#4252,#4260,#4268,#4279,#4287,#4300,#4308,#4316,#4324,#4330));
#4332=FACE_BOUND('',#4331,.T.);
#4333=CARTESIAN_POINT('',(0.0075178755910773045,0.025108240026253194,0.));
#4334=CARTESIAN_POINT('',(0.007517734222629195,0.025118181774867746,0.));
#4335=CARTESIAN_POINT('',(0.007517460493739841,0.025137431783217527,0.));
#4336=CARTESIAN_POINT('',(0.0075135991581131364,0.025165311126545204,0.));
#4337=CARTESIAN_POINT('',(0.0075082127591549076,0.02519139022738837,0.));
#4338=CARTESIAN_POINT('',(0.007499727918659962,0.025215435087907,0.));
#4339=CARTESIAN_POINT('',(0.007489541205646845,0.025237749852107718,0.));
#4340=CARTESIAN_POINT('',(0.007476709472474816,0.025258030895937308,0.));
#4341=CARTESIAN_POINT('',(0.007461525341605958,0.02527633372553059,0.));
#4342=CARTESIAN_POINT('',(0.007444195504182576,0.025292930702114243,0.));
#4343=CARTESIAN_POINT('',(0.00742430010725626,0.025307341088895333,0.));
#4344=CARTESIAN_POINT('',(0.0074021757916186565,0.025319820087770815,0.));
#4345=CARTESIAN_POINT('',(0.007377777685112652,0.02533043912102918,0.));
#4346=CARTESIAN_POINT('',(0.007350949367341549,0.025338729874400247,0.));
#4347=CARTESIAN_POINT('',(0.007321954178965247,0.025345515420071386,0.));
#4348=CARTESIAN_POINT('',(0.007290679542140413,0.025350334596477293,0.));
#4349=CARTESIAN_POINT('',(0.007257077172982658,0.025352998021817355,0.));
#4350=CARTESIAN_POINT('',(0.007233943052404648,0.02535343853887973,0.));
#4351=CARTESIAN_POINT('',(0.007221969795227053,0.025353666532161825,0.));
#4352=B_SPLINE_CURVE_WITH_KNOTS('',3,(#4333,#4334,#4335,#4336,#4337,#4338,#4339,#4340,#4341,#4342,#4343,#4344,#4345,#4346,#4347,#4348,#4349,#4350,#4351),.UNSPECIFIED.,.F.,.F.,(4,1,1,1,1,1,1,1,1,1,1,1,1,1,1,1,4),(0.,0.06773246468912843,0.13114901224806458,0.19160357524278512,0.2489915625775588,0.30461760988615755,0.3585588060426399,0.41209687423726243,0.46642760404913935,0.5217357915638346,0.579137833017853,0.6393383480039093,0.7028021223971177,0.7703420656995046,0.8422453217905546,0.9183527497057348,1.),.UNSPECIFIED.);
#4353=CARTESIAN_POINT('',(0.007221969795227053,0.025353666532161825,0.));
#4354=VERTEX_POINT('',#4353);
#4355=CARTESIAN_POINT('',(0.0075178755910773045,0.025108240026253194,0.));
#4356=VERTEX_POINT('',#4355);
#4357=TRIMMED_CURVE('',#4352,(PARAMETER_VALUE(0.)),(PARAMETER_VALUE(1.)),.T.,.PARAMETER.);
#4358=EDGE_CURVE('',#4354,#4356,#4357,.T.);
#4359=ORIENTED_EDGE('',*,*,#4358,.T.);
#4360=CARTESIAN_POINT('',(0.007383334554705705,0.02486978346414403,0.));
#4361=CARTESIAN_POINT('',(0.007394002513194847,0.024876862916627218,0.));
#4362=CARTESIAN_POINT('',(0.007414860515232658,0.024890704668492962,0.));
#4363=CARTESIAN_POINT('',(0.007442503859076015,0.024915122936704382,0.));
#4364=CARTESIAN_POINT('',(0.007465692442230256,0.024942022054409606,0.));
#4365=CARTESIAN_POINT('',(0.007484996017714844,0.024970846859898147,0.));
#4366=CARTESIAN_POINT('',(0.007499654821946106,0.025002161499913717,0.));
#4367=CARTESIAN_POINT('',(0.007510231497993976,0.025035518332208063,0.));
#4368=CARTESIAN_POINT('',(0.007516746739690639,0.025071166675434655,0.));
#4369=CARTESIAN_POINT('',(0.007517493152519691,0.02509568011005839,0.));
#4370=CARTESIAN_POINT('',(0.0075178755910773045,0.025108240026253194,0.));
#4371=B_SPLINE_CURVE_WITH_KNOTS('',3,(#4360,#4361,#4362,#4363,#4364,#4365,#4366,#4367,#4368,#4369,#4370),.UNSPECIFIED.,.F.,.F.,(4,1,1,1,1,1,1,1,4),(0.,0.13368922751707088,0.26138929794510996,0.3839676763332838,0.5039551118070301,0.6227660492285131,0.7439944923459549,0.8688307954027952,1.),.UNSPECIFIED.);
#4372=CARTESIAN_POINT('',(0.007383334554705705,0.02486978346414403,0.));
#4373=VERTEX_POINT('',#4372);
#4374=TRIMMED_CURVE('',#4371,(PARAMETER_VALUE(0.)),(PARAMETER_VALUE(1.)),.T.,.PARAMETER.);
#4375=EDGE_CURVE('',#4356,#4373,#4374,.T.);
#4376=ORIENTED_EDGE('',*,*,#4375,.T.);
#4377=CARTESIAN_POINT('',(0.007383334554705705,0.024867037728707877,0.));
#4378=DIRECTION('',(0.,1.,0.));
#4379=VECTOR('',#4378,1.);
#4380=LINE('',#4377,#4379);
#4381=CARTESIAN_POINT('',(0.007383334554705705,0.024867037728707877,0.));
#4382=VERTEX_POINT('',#4381);
#4383=EDGE_CURVE('',#4373,#4382,#4380,.T.);
#4384=ORIENTED_EDGE('',*,*,#4383,.T.);
#4385=CARTESIAN_POINT('',(0.007855812260142547,0.024867037728707877,0.));
#4386=DIRECTION('',(-1.,0.,0.));
#4387=VECTOR('',#4386,1.);
#4388=LINE('',#4385,#4387);
#4389=CARTESIAN_POINT('',(0.007855812260142547,0.024867037728707877,0.));
#4390=VERTEX_POINT('',#4389);
#4391=EDGE_CURVE('',#4382,#4390,#4388,.T.);
#4392=ORIENTED_EDGE('',*,*,#4391,.T.);
#4393=CARTESIAN_POINT('',(0.007855812260142547,0.02474538052784439,0.));
#4394=DIRECTION('',(0.,1.,0.));
#4395=VECTOR('',#4394,1.);
#4396=LINE('',#4393,#4395);
#4397=CARTESIAN_POINT('',(0.007855812260142547,0.02474538052784439,0.));
#4398=VERTEX_POINT('',#4397);
#4399=EDGE_CURVE('',#4390,#4398,#4396,.T.);
#4400=ORIENTED_EDGE('',*,*,#4399,.T.);
#4401=CARTESIAN_POINT('',(0.006774414919133774,0.02474538052784439,0.));
#4402=DIRECTION('',(1.,0.,0.));
#4403=VECTOR('',#4402,1.);
#4404=LINE('',#4401,#4403);
#4405=CARTESIAN_POINT('',(0.006774414919133774,0.02474538052784439,0.));
#4406=VERTEX_POINT('',#4405);
#4407=EDGE_CURVE('',#4398,#4406,#4404,.T.);
#4408=ORIENTED_EDGE('',*,*,#4407,.T.);
#4409=CARTESIAN_POINT('',(0.006774414919133774,0.024867037728707877,0.));
#4410=DIRECTION('',(0.,-1.,0.));
#4411=VECTOR('',#4410,1.);
#4412=LINE('',#4409,#4411);
#4413=CARTESIAN_POINT('',(0.006774414919133774,0.024867037728707877,0.));
#4414=VERTEX_POINT('',#4413);
#4415=EDGE_CURVE('',#4406,#4414,#4412,.T.);
#4416=ORIENTED_EDGE('',*,*,#4415,.T.);
#4417=CARTESIAN_POINT('',(0.0071879649179023624,0.024867037728707877,0.));
#4418=DIRECTION('',(-1.,0.,0.));
#4419=VECTOR('',#4418,1.);
#4420=LINE('',#4417,#4419);
#4421=CARTESIAN_POINT('',(0.0071879649179023624,0.024867037728707877,0.));
#4422=VERTEX_POINT('',#4421);
#4423=EDGE_CURVE('',#4414,#4422,#4420,.T.);
#4424=ORIENTED_EDGE('',*,*,#4423,.T.);
#4425=CARTESIAN_POINT('',(0.007423253323739037,0.025065575521783706,0.));
#4426=CARTESIAN_POINT('',(0.007423057209551767,0.0250587334208514,0.));
#4427=CARTESIAN_POINT('',(0.007422668897241637,0.025045185844023047,0.));
#4428=CARTESIAN_POINT('',(0.007419381909998098,0.02502537039600592,0.));
#4429=CARTESIAN_POINT('',(0.007414308367317656,0.02500630481142223,0.));
#4430=CARTESIAN_POINT('',(0.007407161467509254,0.0249881151112685,0.));
#4431=CARTESIAN_POINT('',(0.007397682618937093,0.02497081681526877,0.));
#4432=CARTESIAN_POINT('',(0.0073862411303489035,0.024954361097046567,0.));
#4433=CARTESIAN_POINT('',(0.007372849143228162,0.024938605499013416,0.));
#4434=CARTESIAN_POINT('',(0.007357456164446001,0.02492393623462574,0.));
#4435=CARTESIAN_POINT('',(0.007340496777610873,0.024910446719792544,0.));
#4436=CARTESIAN_POINT('',(0.007322053848259304,0.024898824398672977,0.));
#4437=CARTESIAN_POINT('',(0.007302486005754018,0.0248890924834439,0.));
#4438=CARTESIAN_POINT('',(0.007281854324785034,0.02488102084697001,0.));
#4439=CARTESIAN_POINT('',(0.007260032038840966,0.024874621884383916,0.));
#4440=CARTESIAN_POINT('',(0.007236956837895412,0.02487033729480203,0.));
#4441=CARTESIAN_POINT('',(0.007212820782781281,0.024867435883291593,0.));
#4442=CARTESIAN_POINT('',(0.007196351834263578,0.02486717207483539,0.));
#4443=CARTESIAN_POINT('',(0.0071879649179023624,0.024867037728707877,0.));
#4444=B_SPLINE_CURVE_WITH_KNOTS('',3,(#4425,#4426,#4427,#4428,#4429,#4430,#4431,#4432,#4433,#4434,#4435,#4436,#4437,#4438,#4439,#4440,#4441,#4442,#4443),.UNSPECIFIED.,.F.,.F.,(4,1,1,1,1,1,1,1,1,1,1,1,1,1,1,1,4),(0.,0.05967486580857947,0.11815812675981949,0.17479200780176377,0.23160888514688033,0.28824276618881267,0.3465288356924465,0.4062384816732031,0.46837688711039893,0.5318019633613318,0.5950392896500688,0.6582348179753161,0.722240483343458,0.7881521525363818,0.8563521121302052,0.9268464031122615,1.),.UNSPECIFIED.);
#4445=CARTESIAN_POINT('',(0.007423253323739037,0.025065575521783706,0.));
#4446=VERTEX_POINT('',#4445);
#4447=TRIMMED_CURVE('',#4444,(PARAMETER_VALUE(0.)),(PARAMETER_VALUE(1.)),.T.,.PARAMETER.);
#4448=EDGE_CURVE('',#4422,#4446,#4447,.T.);
#4449=ORIENTED_EDGE('',*,*,#4448,.T.);
#4450=CARTESIAN_POINT('',(0.0071951460721199996,0.025232009331298343,0.));
#4451=CARTESIAN_POINT('',(0.0072043714362146705,0.025231889429529517,0.));
#4452=CARTESIAN_POINT('',(0.007222209448912959,0.02523165758943595,0.));
#4453=CARTESIAN_POINT('',(0.007248111271052967,0.02522983095290613,0.));
#4454=CARTESIAN_POINT('',(0.007272132043209515,0.025226371647008184,0.));
#4455=CARTESIAN_POINT('',(0.0072945550554176725,0.025222054820801986,0.));
#4456=CARTESIAN_POINT('',(0.0073151287406534125,0.025216211609639255,0.));
#4457=CARTESIAN_POINT('',(0.007333928938494546,0.025208983876741003,0.));
#4458=CARTESIAN_POINT('',(0.0073509293635499896,0.025200532992379704,0.));
#4459=CARTESIAN_POINT('',(0.007366218035918289,0.025190848269029682,0.));
#4460=CARTESIAN_POINT('',(0.007379763225845778,0.02517976040499101,0.));
#4461=CARTESIAN_POINT('',(0.00739129226365181,0.025167199098873674,0.));
#4462=CARTESIAN_POINT('',(0.007401545621780807,0.025153674672846946,0.));
#4463=CARTESIAN_POINT('',(0.0074091813635793384,0.025138369000352767,0.));
#4464=CARTESIAN_POINT('',(0.007415694924530105,0.02512211163700066,0.));
#4465=CARTESIAN_POINT('',(0.007420006427190633,0.025104333596514903,0.));
#4466=CARTESIAN_POINT('',(0.007422855272802631,0.02508538151772159,0.));
#4467=CARTESIAN_POINT('',(0.007423118681182651,0.025072274990823804,0.));
#4468=CARTESIAN_POINT('',(0.007423253323739038,0.02506557552178371,0.));
#4469=B_SPLINE_CURVE_WITH_KNOTS('',3,(#4450,#4451,#4452,#4453,#4454,#4455,#4456,#4457,#4458,#4459,#4460,#4461,#4462,#4463,#4464,#4465,#4466,#4467,#4468),.UNSPECIFIED.,.F.,.F.,(4,1,1,1,1,1,1,1,1,1,1,1,1,1,1,1,4),(0.,0.08604870232080206,0.16638235942974677,0.24197854653385364,0.3122963257529234,0.3792269920009902,0.4411788279076346,0.4999148013971106,0.556022261291959,0.6096660866636426,0.6626344077019051,0.7147780931273455,0.7673541718954623,0.8216214118736693,0.8778440428645272,0.9375593504461447,1.),.UNSPECIFIED.);
#4470=CARTESIAN_POINT('',(0.0071951460721199996,0.025232009331298343,0.));
#4471=VERTEX_POINT('',#4470);
#4472=TRIMMED_CURVE('',#4469,(PARAMETER_VALUE(0.)),(PARAMETER_VALUE(1.)),.T.,.PARAMETER.);
#4473=EDGE_CURVE('',#4446,#4471,#4472,.T.);
#4474=ORIENTED_EDGE('',*,*,#4473,.T.);
#4475=CARTESIAN_POINT('',(0.006774414919133774,0.02523200933129834,0.));
#4476=DIRECTION('',(1.,0.,0.));
#4477=VECTOR('',#4476,1.);
#4478=LINE('',#4475,#4477);
#4479=CARTESIAN_POINT('',(0.006774414919133774,0.02523200933129834,0.));
#4480=VERTEX_POINT('',#4479);
#4481=EDGE_CURVE('',#4471,#4480,#4478,.T.);
#4482=ORIENTED_EDGE('',*,*,#4481,.T.);
#4483=CARTESIAN_POINT('',(0.006774414919133774,0.025353666532161825,0.));
#4484=DIRECTION('',(0.,-1.,0.));
#4485=VECTOR('',#4484,1.);
#4486=LINE('',#4483,#4485);
#4487=CARTESIAN_POINT('',(0.006774414919133774,0.025353666532161825,0.));
#4488=VERTEX_POINT('',#4487);
#4489=EDGE_CURVE('',#4480,#4488,#4486,.T.);
#4490=ORIENTED_EDGE('',*,*,#4489,.T.);
#4491=CARTESIAN_POINT('',(0.007221969795227053,0.025353666532161825,0.));
#4492=DIRECTION('',(-1.,0.,0.));
#4493=VECTOR('',#4492,1.);
#4494=LINE('',#4491,#4493);
#4495=EDGE_CURVE('',#4488,#4354,#4494,.T.);
#4496=ORIENTED_EDGE('',*,*,#4495,.T.);
#4497=EDGE_LOOP('',(#4359,#4376,#4384,#4392,#4400,#4408,#4416,#4424,#4449,#4474,#4482,#4490,#4496));
#4498=FACE_BOUND('',#4497,.T.);
#4499=ADVANCED_FACE('',(#90,#240,#396,#430,#496,#710,#812,#1036,#1138,#1456,#1558,#1634,#1824,#2048,#2262,#2364,#2638,#2704,#2870,#3188,#3258,#3356,#3448,#3550,#3620,#3810,#4128,#4332,#4498),#24,.T.);
#4500=CARTESIAN_POINT('',(0.0075178755910773045,0.025108240026253194,0.));
#4501=CARTESIAN_POINT('',(0.007517734222629195,0.025118181774867746,0.));
#4502=CARTESIAN_POINT('',(0.007517460493739841,0.025137431783217527,0.));
#4503=CARTESIAN_POINT('',(0.0075135991581131364,0.025165311126545204,0.));
#4504=CARTESIAN_POINT('',(0.0075082127591549076,0.02519139022738837,0.));
#4505=CARTESIAN_POINT('',(0.007499727918659962,0.025215435087907,0.));
#4506=CARTESIAN_POINT('',(0.007489541205646845,0.025237749852107718,0.));
#4507=CARTESIAN_POINT('',(0.007476709472474816,0.025258030895937308,0.));
#4508=CARTESIAN_POINT('',(0.007461525341605958,0.02527633372553059,0.));
#4509=CARTESIAN_POINT('',(0.007444195504182576,0.025292930702114243,0.));
#4510=CARTESIAN_POINT('',(0.00742430010725626,0.025307341088895333,0.));
#4511=CARTESIAN_POINT('',(0.0074021757916186565,0.025319820087770815,0.));
#4512=CARTESIAN_POINT('',(0.007377777685112652,0.02533043912102918,0.));
#4513=CARTESIAN_POINT('',(0.007350949367341549,0.025338729874400247,0.));
#4514=CARTESIAN_POINT('',(0.007321954178965247,0.025345515420071386,0.));
#4515=CARTESIAN_POINT('',(0.007290679542140413,0.025350334596477293,0.));
#4516=CARTESIAN_POINT('',(0.007257077172982658,0.025352998021817355,0.));
#4517=CARTESIAN_POINT('',(0.007233943052404648,0.02535343853887973,0.));
#4518=CARTESIAN_POINT('',(0.007221969795227053,0.025353666532161825,0.));
#4519=B_SPLINE_CURVE_WITH_KNOTS('',3,(#4500,#4501,#4502,#4503,#4504,#4505,#4506,#4507,#4508,#4509,#4510,#4511,#4512,#4513,#4514,#4515,#4516,#4517,#4518),.UNSPECIFIED.,.F.,.F.,(4,1,1,1,1,1,1,1,1,1,1,1,1,1,1,1,4),(0.,0.06773246468912843,0.13114901224806458,0.19160357524278512,0.2489915625775588,0.30461760988615755,0.3585588060426399,0.41209687423726243,0.46642760404913935,0.5217357915638346,0.579137833017853,0.6393383480039093,0.7028021223971177,0.7703420656995046,0.8422453217905546,0.9183527497057348,1.),.UNSPECIFIED.);
#4520=TRIMMED_CURVE('',#4519,(PARAMETER_VALUE(0.)),(PARAMETER_VALUE(1.)),.T.,.PARAMETER.);
#4521=EDGE_CURVE('',#4354,#4356,#4520,.T.);
#4522=ORIENTED_EDGE('',*,*,#4521,.T.);
#4523=CARTESIAN_POINT('',(0.007383334554705705,0.02486978346414403,0.));
#4524=CARTESIAN_POINT('',(0.007394002513194847,0.024876862916627218,0.));
#4525=CARTESIAN_POINT('',(0.007414860515232658,0.024890704668492962,0.));
#4526=CARTESIAN_POINT('',(0.007442503859076015,0.024915122936704382,0.));
#4527=CARTESIAN_POINT('',(0.007465692442230256,0.024942022054409606,0.));
#4528=CARTESIAN_POINT('',(0.007484996017714844,0.024970846859898147,0.));
#4529=CARTESIAN_POINT('',(0.007499654821946106,0.025002161499913717,0.));
#4530=CARTESIAN_POINT('',(0.007510231497993976,0.025035518332208063,0.));
#4531=CARTESIAN_POINT('',(0.007516746739690639,0.025071166675434655,0.));
#4532=CARTESIAN_POINT('',(0.007517493152519691,0.02509568011005839,0.));
#4533=CARTESIAN_POINT('',(0.0075178755910773045,0.025108240026253194,0.));
#4534=B_SPLINE_CURVE_WITH_KNOTS('',3,(#4523,#4524,#4525,#4526,#4527,#4528,#4529,#4530,#4531,#4532,#4533),.UNSPECIFIED.,.F.,.F.,(4,1,1,1,1,1,1,1,4),(0.,0.13368922751707088,0.26138929794510996,0.3839676763332838,0.5039551118070301,0.6227660492285131,0.7439944923459549,0.8688307954027952,1.),.UNSPECIFIED.);
#4535=TRIMMED_CURVE('',#4534,(PARAMETER_VALUE(0.)),(PARAMETER_VALUE(1.)),.T.,.PARAMETER.);
#4536=EDGE_CURVE('',#4356,#4373,#4535,.T.);
#4537=ORIENTED_EDGE('',*,*,#4536,.T.);
#4538=CARTESIAN_POINT('',(0.007383334554705705,0.024867037728707877,0.));
#4539=DIRECTION('',(0.,1.,0.));
#4540=VECTOR('',#4539,1.);
#4541=LINE('',#4538,#4540);
#4542=EDGE_CURVE('',#4373,#4382,#4541,.T.);
#4543=ORIENTED_EDGE('',*,*,#4542,.T.);
#4544=CARTESIAN_POINT('',(0.007855812260142547,0.024867037728707877,0.));
#4545=DIRECTION('',(-1.,0.,0.));
#4546=VECTOR('',#4545,1.);
#4547=LINE('',#4544,#4546);
#4548=EDGE_CURVE('',#4382,#4390,#4547,.T.);
#4549=ORIENTED_EDGE('',*,*,#4548,.T.);
#4550=CARTESIAN_POINT('',(0.007855812260142547,0.02474538052784439,0.));
#4551=DIRECTION('',(0.,1.,0.));
#4552=VECTOR('',#4551,1.);
#4553=LINE('',#4550,#4552);
#4554=EDGE_CURVE('',#4390,#4398,#4553,.T.);
#4555=ORIENTED_EDGE('',*,*,#4554,.T.);
#4556=CARTESIAN_POINT('',(0.006774414919133774,0.02474538052784439,0.));
#4557=DIRECTION('',(1.,0.,0.));
#4558=VECTOR('',#4557,1.);
#4559=LINE('',#4556,#4558);
#4560=EDGE_CURVE('',#4398,#4406,#4559,.T.);
#4561=ORIENTED_EDGE('',*,*,#4560,.T.);
#4562=CARTESIAN_POINT('',(0.006774414919133774,0.024867037728707877,0.));
#4563=DIRECTION('',(0.,-1.,0.));
#4564=VECTOR('',#4563,1.);
#4565=LINE('',#4562,#4564);
#4566=EDGE_CURVE('',#4406,#4414,#4565,.T.);
#4567=ORIENTED_EDGE('',*,*,#4566,.T.);
#4568=CARTESIAN_POINT('',(0.0071879649179023624,0.024867037728707877,0.));
#4569=DIRECTION('',(-1.,0.,0.));
#4570=VECTOR('',#4569,1.);
#4571=LINE('',#4568,#4570);
#4572=EDGE_CURVE('',#4414,#4422,#4571,.T.);
#4573=ORIENTED_EDGE('',*,*,#4572,.T.);
#4574=CARTESIAN_POINT('',(0.007423253323739037,0.025065575521783706,0.));
#4575=CARTESIAN_POINT('',(0.007423057209551767,0.0250587334208514,0.));
#4576=CARTESIAN_POINT('',(0.007422668897241637,0.025045185844023047,0.));
#4577=CARTESIAN_POINT('',(0.007419381909998098,0.02502537039600592,0.));
#4578=CARTESIAN_POINT('',(0.007414308367317656,0.02500630481142223,0.));
#4579=CARTESIAN_POINT('',(0.007407161467509254,0.0249881151112685,0.));
#4580=CARTESIAN_POINT('',(0.007397682618937093,0.02497081681526877,0.));
#4581=CARTESIAN_POINT('',(0.0073862411303489035,0.024954361097046567,0.));
#4582=CARTESIAN_POINT('',(0.007372849143228162,0.024938605499013416,0.));
#4583=CARTESIAN_POINT('',(0.007357456164446001,0.02492393623462574,0.));
#4584=CARTESIAN_POINT('',(0.007340496777610873,0.024910446719792544,0.));
#4585=CARTESIAN_POINT('',(0.007322053848259304,0.024898824398672977,0.));
#4586=CARTESIAN_POINT('',(0.007302486005754018,0.0248890924834439,0.));
#4587=CARTESIAN_POINT('',(0.007281854324785034,0.02488102084697001,0.));
#4588=CARTESIAN_POINT('',(0.007260032038840966,0.024874621884383916,0.));
#4589=CARTESIAN_POINT('',(0.007236956837895412,0.02487033729480203,0.));
#4590=CARTESIAN_POINT('',(0.007212820782781281,0.024867435883291593,0.));
#4591=CARTESIAN_POINT('',(0.007196351834263578,0.02486717207483539,0.));
#4592=CARTESIAN_POINT('',(0.0071879649179023624,0.024867037728707877,0.));
#4593=B_SPLINE_CURVE_WITH_KNOTS('',3,(#4574,#4575,#4576,#4577,#4578,#4579,#4580,#4581,#4582,#4583,#4584,#4585,#4586,#4587,#4588,#4589,#4590,#4591,#4592),.UNSPECIFIED.,.F.,.F.,(4,1,1,1,1,1,1,1,1,1,1,1,1,1,1,1,4),(0.,0.05967486580857947,0.11815812675981949,0.17479200780176377,0.23160888514688033,0.28824276618881267,0.3465288356924465,0.4062384816732031,0.46837688711039893,0.5318019633613318,0.5950392896500688,0.6582348179753161,0.722240483343458,0.7881521525363818,0.8563521121302052,0.9268464031122615,1.),.UNSPECIFIED.);
#4594=TRIMMED_CURVE('',#4593,(PARAMETER_VALUE(0.)),(PARAMETER_VALUE(1.)),.T.,.PARAMETER.);
#4595=EDGE_CURVE('',#4422,#4446,#4594,.T.);
#4596=ORIENTED_EDGE('',*,*,#4595,.T.);
#4597=CARTESIAN_POINT('',(0.0071951460721199996,0.025232009331298343,0.));
#4598=CARTESIAN_POINT('',(0.0072043714362146705,0.025231889429529517,0.));
#4599=CARTESIAN_POINT('',(0.007222209448912959,0.02523165758943595,0.));
#4600=CARTESIAN_POINT('',(0.007248111271052967,0.02522983095290613,0.));
#4601=CARTESIAN_POINT('',(0.007272132043209515,0.025226371647008184,0.));
#4602=CARTESIAN_POINT('',(0.0072945550554176725,0.025222054820801986,0.));
#4603=CARTESIAN_POINT('',(0.0073151287406534125,0.025216211609639255,0.));
#4604=CARTESIAN_POINT('',(0.007333928938494546,0.025208983876741003,0.));
#4605=CARTESIAN_POINT('',(0.0073509293635499896,0.025200532992379704,0.));
#4606=CARTESIAN_POINT('',(0.007366218035918289,0.025190848269029682,0.));
#4607=CARTESIAN_POINT('',(0.007379763225845778,0.02517976040499101,0.));
#4608=CARTESIAN_POINT('',(0.00739129226365181,0.025167199098873674,0.));
#4609=CARTESIAN_POINT('',(0.007401545621780807,0.025153674672846946,0.));
#4610=CARTESIAN_POINT('',(0.0074091813635793384,0.025138369000352767,0.));
#4611=CARTESIAN_POINT('',(0.007415694924530105,0.02512211163700066,0.));
#4612=CARTESIAN_POINT('',(0.007420006427190633,0.025104333596514903,0.));
#4613=CARTESIAN_POINT('',(0.007422855272802631,0.02508538151772159,0.));
#4614=CARTESIAN_POINT('',(0.007423118681182651,0.025072274990823804,0.));
#4615=CARTESIAN_POINT('',(0.007423253323739038,0.02506557552178371,0.));
#4616=B_SPLINE_CURVE_WITH_KNOTS('',3,(#4597,#4598,#4599,#4600,#4601,#4602,#4603,#4604,#4605,#4606,#4607,#4608,#4609,#4610,#4611,#4612,#4613,#4614,#4615),.UNSPECIFIED.,.F.,.F.,(4,1,1,1,1,1,1,1,1,1,1,1,1,1,1,1,4),(0.,0.08604870232080206,0.16638235942974677,0.24197854653385364,0.3122963257529234,0.3792269920009902,0.4411788279076346,0.4999148013971106,0.556022261291959,0.6096660866636426,0.6626344077019051,0.7147780931273455,0.7673541718954623,0.8216214118736693,0.8778440428645272,0.9375593504461447,1.),.UNSPECIFIED.);
#4617=TRIMMED_CURVE('',#4616,(PARAMETER_VALUE(0.)),(PARAMETER_VALUE(1.)),.T.,.PARAMETER.);
#4618=EDGE_CURVE('',#4446,#4471,#4617,.T.);
#4619=ORIENTED_EDGE('',*,*,#4618,.T.);
#4620=CARTESIAN_POINT('',(0.006774414919133774,0.02523200933129834,0.));
#4621=DIRECTION('',(1.,0.,0.));
#4622=VECTOR('',#4621,1.);
#4623=LINE('',#4620,#4622);
#4624=EDGE_CURVE('',#4471,#4480,#4623,.T.);
#4625=ORIENTED_EDGE('',*,*,#4624,.T.);
#4626=CARTESIAN_POINT('',(0.006774414919133774,0.025353666532161825,0.));
#4627=DIRECTION('',(0.,-1.,0.));
#4628=VECTOR('',#4627,1.);
#4629=LINE('',#4626,#4628);
#4630=EDGE_CURVE('',#4480,#4488,#4629,.T.);
#4631=ORIENTED_EDGE('',*,*,#4630,.T.);
#4632=CARTESIAN_POINT('',(0.007221969795227053,0.025353666532161825,0.));
#4633=DIRECTION('',(-1.,0.,0.));
#4634=VECTOR('',#4633,1.);
#4635=LINE('',#4632,#4634);
#4636=EDGE_CURVE('',#4488,#4354,#4635,.T.);
#4637=ORIENTED_EDGE('',*,*,#4636,.T.);
#4638=EDGE_LOOP('',(#4522,#4537,#4543,#4549,#4555,#4561,#4567,#4573,#4596,#4619,#4625,#4631,#4637));
#4639=FACE_OUTER_BOUND('',#4638,.T.);
#4640=ADVANCED_FACE('',(#4639),#24,.T.);
#4641=CARTESIAN_POINT('',(0.007010759377061278,0.024268678614044237,0.));
#4642=DIRECTION('',(0.9662777508351321,0.25750205482869193,0.));
#4643=VECTOR('',#4642,1.);
#4644=LINE('',#4641,#4643);
#4645=EDGE_CURVE('',#4134,#4136,#4644,.T.);
#4646=ORIENTED_EDGE('',*,*,#4645,.T.);
#4647=CARTESIAN_POINT('',(0.006911912901359695,0.024249458465991153,0.));
#4648=CARTESIAN_POINT('',(0.006918608703438402,0.02425017370944374,0.));
#4649=CARTESIAN_POINT('',(0.006933108513962266,0.024251722574601193,0.));
#4650=CARTESIAN_POINT('',(0.006956323991562655,0.02425556362597861,0.));
#4651=CARTESIAN_POINT('',(0.0069825652268865526,0.024261399893405044,0.));
#4652=CARTESIAN_POINT('',(0.007000987905422919,0.02426615596974219,0.));
#4653=CARTESIAN_POINT('',(0.007010759377061278,0.024268678614044237,0.));
#4654=B_SPLINE_CURVE_WITH_KNOTS('',3,(#4647,#4648,#4649,#4650,#4651,#4652,#4653),.UNSPECIFIED.,.F.,.F.,(4,1,1,1,4),(0.,0.20034845139174148,0.4338561011484268,0.6997147271534259,1.),.UNSPECIFIED.);
#4655=TRIMMED_CURVE('',#4654,(PARAMETER_VALUE(0.)),(PARAMETER_VALUE(1.)),.T.,.PARAMETER.);
#4656=EDGE_CURVE('',#4136,#4148,#4655,.T.);
#4657=ORIENTED_EDGE('',*,*,#4656,.T.);
#4658=CARTESIAN_POINT('',(0.0069119129013596944,0.02424650152013683,0.));
#4659=DIRECTION('',(0.,1.,0.));
#4660=VECTOR('',#4659,1.);
#4661=LINE('',#4658,#4660);
#4662=EDGE_CURVE('',#4148,#4157,#4661,.T.);
#4663=ORIENTED_EDGE('',*,*,#4662,.T.);
#4664=CARTESIAN_POINT('',(0.007008013641625122,0.024229182265847235,0.));
#4665=CARTESIAN_POINT('',(0.00700092332602301,0.024231100223136154,0.));
#4666=CARTESIAN_POINT('',(0.006986206596770578,0.02423508115427132,0.));
#4667=CARTESIAN_POINT('',(0.006962954410457005,0.024239505443481628,0.));
#4668=CARTESIAN_POINT('',(0.006938044463104454,0.024243643593706763,0.));
#4669=CARTESIAN_POINT('',(0.0069207953889633385,0.024245530070503046,0.));
#4670=CARTESIAN_POINT('',(0.0069119129013596944,0.02424650152013683,0.));
#4671=B_SPLINE_CURVE_WITH_KNOTS('',3,(#4664,#4665,#4666,#4667,#4668,#4669,#4670),.UNSPECIFIED.,.F.,.F.,(4,1,1,1,4),(0.,0.225312521103643,0.46766089922384063,0.7258696075571589,1.),.UNSPECIFIED.);
#4672=TRIMMED_CURVE('',#4671,(PARAMETER_VALUE(0.)),(PARAMETER_VALUE(1.)),.T.,.PARAMETER.);
#4673=EDGE_CURVE('',#4157,#4169,#4672,.T.);
#4674=ORIENTED_EDGE('',*,*,#4673,.T.);
#4675=CARTESIAN_POINT('',(0.007801742393092108,0.024010157062209325,0.));
#4676=DIRECTION('',(-0.9639722077806328,0.2660029748452681,0.));
#4677=VECTOR('',#4676,1.);
#4678=LINE('',#4675,#4677);
#4679=EDGE_CURVE('',#4169,#4178,#4678,.T.);
#4680=ORIENTED_EDGE('',*,*,#4679,.T.);
#4681=CARTESIAN_POINT('',(0.007801742393092108,0.02389546980514531,0.));
#4682=DIRECTION('',(0.,1.,0.));
#4683=VECTOR('',#4682,1.);
#4684=LINE('',#4681,#4683);
#4685=EDGE_CURVE('',#4178,#4186,#4684,.T.);
#4686=ORIENTED_EDGE('',*,*,#4685,.T.);
#4687=CARTESIAN_POINT('',(0.007013505112497433,0.023667362553526274,0.));
#4688=DIRECTION('',(0.9605859712054028,0.27798307848387693,0.));
#4689=VECTOR('',#4688,1.);
#4690=LINE('',#4687,#4689);
#4691=EDGE_CURVE('',#4186,#4194,#4690,.T.);
#4692=ORIENTED_EDGE('',*,*,#4691,.T.);
#4693=CARTESIAN_POINT('',(0.006910434428432534,0.0236449742492007,0.));
#4694=CARTESIAN_POINT('',(0.0069173470774987235,0.02364580488100102,0.));
#4695=CARTESIAN_POINT('',(0.006932378221169061,0.023647611040377572,0.));
#4696=CARTESIAN_POINT('',(0.0069564529091623445,0.023652486505646445,0.));
#4697=CARTESIAN_POINT('',(0.006983928430613449,0.02365902875506912,0.));
#4698=CARTESIAN_POINT('',(0.007003245559038561,0.02366447172719484,0.));
#4699=CARTESIAN_POINT('',(0.007013505112497433,0.023667362553526274,0.));
#4700=B_SPLINE_CURVE_WITH_KNOTS('',3,(#4693,#4694,#4695,#4696,#4697,#4698,#4699),.UNSPECIFIED.,.F.,.F.,(4,1,1,1,4),(0.,0.19772200938262294,0.42993473288772693,0.6972316508813641,1.),.UNSPECIFIED.);
#4701=TRIMMED_CURVE('',#4700,(PARAMETER_VALUE(0.)),(PARAMETER_VALUE(1.)),.T.,.PARAMETER.);
#4702=EDGE_CURVE('',#4194,#4206,#4701,.T.);
#4703=ORIENTED_EDGE('',*,*,#4702,.T.);
#4704=CARTESIAN_POINT('',(0.006910434428432534,0.02364138367209188,0.));
#4705=DIRECTION('',(0.,1.,0.));
#4706=VECTOR('',#4705,1.);
#4707=LINE('',#4704,#4706);
#4708=EDGE_CURVE('',#4206,#4215,#4707,.T.);
#4709=ORIENTED_EDGE('',*,*,#4708,.T.);
#4710=CARTESIAN_POINT('',(0.007013505112497433,0.02362406441780229,0.));
#4711=CARTESIAN_POINT('',(0.006996751076046484,0.023628225036826666,0.));
#4712=CARTESIAN_POINT('',(0.0069628407915631515,0.023636646158217717,0.));
#4713=CARTESIAN_POINT('',(0.006928040804273061,0.023639792062889575,0.));
#4714=CARTESIAN_POINT('',(0.006910434428432534,0.02364138367209188,0.));
#4715=B_SPLINE_CURVE_WITH_KNOTS('',3,(#4710,#4711,#4712,#4713,#4714),.UNSPECIFIED.,.F.,.F.,(4,1,4),(0.,0.4940694749753897,1.),.UNSPECIFIED.);
#4716=TRIMMED_CURVE('',#4715,(PARAMETER_VALUE(0.)),(PARAMETER_VALUE(1.)),.T.,.PARAMETER.);
#4717=EDGE_CURVE('',#4215,#4225,#4716,.T.);
#4718=ORIENTED_EDGE('',*,*,#4717,.T.);
#4719=CARTESIAN_POINT('',(0.007801742393092108,0.02340503921416438,0.));
#4720=DIRECTION('',(-0.963495713932604,0.26772375545233446,0.));
#4721=VECTOR('',#4720,1.);
#4722=LINE('',#4719,#4721);
#4723=EDGE_CURVE('',#4225,#4234,#4722,.T.);
#4724=ORIENTED_EDGE('',*,*,#4723,.T.);
#4725=CARTESIAN_POINT('',(0.007801742393092108,0.02327197665071994,0.));
#4726=DIRECTION('',(0.,1.,0.));
#4727=VECTOR('',#4726,1.);
#4728=LINE('',#4725,#4727);
#4729=EDGE_CURVE('',#4234,#4242,#4728,.T.);
#4730=ORIENTED_EDGE('',*,*,#4729,.T.);
#4731=CARTESIAN_POINT('',(0.006774414919133775,0.023574218759115164,0.));
#4732=DIRECTION('',(0.9593435140388094,-0.2822410708448877,0.));
#4733=VECTOR('',#4732,1.);
#4734=LINE('',#4731,#4733);
#4735=EDGE_CURVE('',#4242,#4250,#4734,.T.);
#4736=ORIENTED_EDGE('',*,*,#4735,.T.);
#4737=CARTESIAN_POINT('',(0.006774414919133775,0.023713195214268245,0.));
#4738=DIRECTION('',(0.,-1.,0.));
#4739=VECTOR('',#4738,1.);
#4740=LINE('',#4737,#4739);
#4741=EDGE_CURVE('',#4250,#4258,#4740,.T.);
#4742=ORIENTED_EDGE('',*,*,#4741,.T.);
#4743=CARTESIAN_POINT('',(0.007526746428640268,0.02392736257828834,0.));
#4744=DIRECTION('',(-0.9617884195714178,-0.27379378367361507,0.));
#4745=VECTOR('',#4744,1.);
#4746=LINE('',#4743,#4745);
#4747=EDGE_CURVE('',#4258,#4266,#4746,.T.);
#4748=ORIENTED_EDGE('',*,*,#4747,.T.);
#4749=CARTESIAN_POINT('',(0.007629817112705166,0.023946160305505098,0.));
#4750=CARTESIAN_POINT('',(0.00761227356274895,0.023944364250919205,0.));
#4751=CARTESIAN_POINT('',(0.007577423605044314,0.023940796419635917,0.));
#4752=CARTESIAN_POINT('',(0.007543562015209016,0.023931820165276414,0.));
#4753=CARTESIAN_POINT('',(0.007526746428640268,0.02392736257828834,0.));
#4754=B_SPLINE_CURVE_WITH_KNOTS('',3,(#4749,#4750,#4751,#4752,#4753),.UNSPECIFIED.,.F.,.F.,(4,1,4),(0.,0.5034023313572775,1.),.UNSPECIFIED.);
#4755=TRIMMED_CURVE('',#4754,(PARAMETER_VALUE(0.)),(PARAMETER_VALUE(1.)),.T.,.PARAMETER.);
#4756=EDGE_CURVE('',#4266,#4276,#4755,.T.);
#4757=ORIENTED_EDGE('',*,*,#4756,.T.);
#4758=CARTESIAN_POINT('',(0.007629817112705166,0.02394911725135942,0.));
#4759=DIRECTION('',(0.,-1.,0.));
#4760=VECTOR('',#4759,1.);
#4761=LINE('',#4758,#4760);
#4762=EDGE_CURVE('',#4276,#4285,#4761,.T.);
#4763=ORIENTED_EDGE('',*,*,#4762,.T.);
#4764=CARTESIAN_POINT('',(0.007525267955713107,0.023965591663976347,0.));
#4765=CARTESIAN_POINT('',(0.007533412471484105,0.023963454918557232,0.));
#4766=CARTESIAN_POINT('',(0.0075499464780218,0.023959117157575184,0.));
#4767=CARTESIAN_POINT('',(0.007575620328624973,0.023954286709868548,0.));
#4768=CARTESIAN_POINT('',(0.007602362184586705,0.023950942769218424,0.));
#4769=CARTESIAN_POINT('',(0.0076205863764051,0.023949731016359815,0.));
#4770=CARTESIAN_POINT('',(0.007629817112705166,0.02394911725135942,0.));
#4771=B_SPLINE_CURVE_WITH_KNOTS('',3,(#4764,#4765,#4766,#4767,#4768,#4769,#4770),.UNSPECIFIED.,.F.,.F.,(4,1,1,1,4),(0.,0.23812967150272402,0.48342193153657737,0.7383480169711263,0.9999999999999999),.UNSPECIFIED.);
#4772=TRIMMED_CURVE('',#4771,(PARAMETER_VALUE(0.)),(PARAMETER_VALUE(0.9999999999999999)),.T.,.PARAMETER.);
#4773=EDGE_CURVE('',#4285,#4297,#4772,.T.);
#4774=ORIENTED_EDGE('',*,*,#4773,.T.);
#4775=CARTESIAN_POINT('',(0.006774414919133775,0.024178069344651117,0.));
#4776=DIRECTION('',(0.9622154123825315,-0.27228936845480206,0.));
#4777=VECTOR('',#4776,1.);
#4778=LINE('',#4775,#4777);
#4779=EDGE_CURVE('',#4297,#4306,#4778,.T.);
#4780=ORIENTED_EDGE('',*,*,#4779,.T.);
#4781=CARTESIAN_POINT('',(0.006774414919133775,0.02431852427273136,0.));
#4782=DIRECTION('',(0.,-1.,0.));
#4783=VECTOR('',#4782,1.);
#4784=LINE('',#4781,#4783);
#4785=EDGE_CURVE('',#4306,#4314,#4784,.T.);
#4786=ORIENTED_EDGE('',*,*,#4785,.T.);
#4787=CARTESIAN_POINT('',(0.007801742393092108,0.024610205860218295,0.));
#4788=DIRECTION('',(-0.9619778831819512,-0.2731273554017832,0.));
#4789=VECTOR('',#4788,1.);
#4790=LINE('',#4787,#4789);
#4791=EDGE_CURVE('',#4314,#4322,#4790,.T.);
#4792=ORIENTED_EDGE('',*,*,#4791,.T.);
#4793=CARTESIAN_POINT('',(0.007801742393092108,0.02447946661137368,0.));
#4794=DIRECTION('',(0.,1.,0.));
#4795=VECTOR('',#4794,1.);
#4796=LINE('',#4793,#4795);
#4797=EDGE_CURVE('',#4322,#4134,#4796,.T.);
#4798=ORIENTED_EDGE('',*,*,#4797,.T.);
#4799=EDGE_LOOP('',(#4646,#4657,#4663,#4674,#4680,#4686,#4692,#4703,#4709,#4718,#4724,#4730,#4736,#4742,#4748,#4757,#4763,#4774,#4780,#4786,#4792,#4798));
#4800=FACE_OUTER_BOUND('',#4799,.T.);
#4801=ADVANCED_FACE('',(#4800),#24,.T.);
#4802=CARTESIAN_POINT('',(0.0072610437225877214,0.022084551679791942,0.));
#4803=CARTESIAN_POINT('',(0.007261285391627438,0.022091176559992192,0.));
#4804=CARTESIAN_POINT('',(0.007261765600284677,0.022104340533453903,0.));
#4805=CARTESIAN_POINT('',(0.0072644220135617155,0.022123783385187907,0.));
#4806=CARTESIAN_POINT('',(0.007269432074023896,0.022142570140848267,0.));
#4807=CARTESIAN_POINT('',(0.00727614146437775,0.022160686059036806,0.));
#4808=CARTESIAN_POINT('',(0.007284643957371635,0.022177928394628704,0.));
#4809=CARTESIAN_POINT('',(0.007294306405961489,0.022194236437648937,0.));
#4810=CARTESIAN_POINT('',(0.007305395248636613,0.02220938684677772,0.));
#4811=CARTESIAN_POINT('',(0.007317855548009442,0.022223311154559784,0.));
#4812=CARTESIAN_POINT('',(0.007331572731612473,0.022235974909862108,0.));
#4813=CARTESIAN_POINT('',(0.0073464547960379965,0.022247291749145415,0.));
#4814=CARTESIAN_POINT('',(0.007362561672868109,0.022256990423459265,0.));
#4815=CARTESIAN_POINT('',(0.007379756300975382,0.022265218486905262,0.));
#4816=CARTESIAN_POINT('',(0.0073977185199658076,0.022272055521031814,0.));
#4817=CARTESIAN_POINT('',(0.007416606552712235,0.022276596474973452,0.));
#4818=CARTESIAN_POINT('',(0.007436028779734238,0.02227977850146727,0.));
#4819=CARTESIAN_POINT('',(0.0074492893097034005,0.02228001367474723,0.));
#4820=CARTESIAN_POINT('',(0.007455990938554732,0.02228013252701345,0.));
#4821=B_SPLINE_CURVE_WITH_KNOTS('',3,(#4802,#4803,#4804,#4805,#4806,#4807,#4808,#4809,#4810,#4811,#4812,#4813,#4814,#4815,#4816,#4817,#4818,#4819,#4820),.UNSPECIFIED.,.F.,.F.,(4,1,1,1,1,1,1,1,1,1,1,1,1,1,1,1,4),(0.,0.06479255915511029,0.1287461061111215,0.19135200821575338,0.25451167227612104,0.31731024906658156,0.37904742931251756,0.43962257630466717,0.5005564361080935,0.5614436271328085,0.621877828659171,0.6830251312898199,0.7449041173326075,0.8080637813929733,0.87049918264575,0.9345526599713248,1.),.UNSPECIFIED.);
#4822=CARTESIAN_POINT('',(0.007455990938554732,0.02228013252701345,0.));
#4823=VERTEX_POINT('',#4822);
#4824=CARTESIAN_POINT('',(0.0072610437225877214,0.022084551679791942,0.));
#4825=VERTEX_POINT('',#4824);
#4826=TRIMMED_CURVE('',#4821,(PARAMETER_VALUE(0.)),(PARAMETER_VALUE(1.)),.T.,.PARAMETER.);
#4827=EDGE_CURVE('',#4823,#4825,#4826,.T.);
#4828=ORIENTED_EDGE('',*,*,#4827,.F.);
#4829=CARTESIAN_POINT('',(0.007455990938554732,0.02228013252701345,0.));
#4830=CARTESIAN_POINT('',(0.007465716678263284,0.022280022287123474,0.));
#4831=CARTESIAN_POINT('',(0.007484723498179336,0.022279806847496354,0.));
#4832=CARTESIAN_POINT('',(0.007512502017242879,0.022276602831203605,0.));
#4833=CARTESIAN_POINT('',(0.007539052579396053,0.02227219180005929,0.));
#4834=CARTESIAN_POINT('',(0.007564043342165527,0.022265287618647787,0.));
#4835=CARTESIAN_POINT('',(0.007587651943769107,0.022257193845357615,0.));
#4836=CARTESIAN_POINT('',(0.007609383088017563,0.022247139888878952,0.));
#4837=CARTESIAN_POINT('',(0.007629670016511105,0.022236016760231476,0.));
#4838=CARTESIAN_POINT('',(0.007647997628363678,0.02222317446291797,0.));
#4839=CARTESIAN_POINT('',(0.0076642966294625395,0.022208902770009965,0.));
#4840=CARTESIAN_POINT('',(0.007678996330305069,0.02219361657177697,0.));
#4841=CARTESIAN_POINT('',(0.007691293667748432,0.0221766414627051,0.));
#4842=CARTESIAN_POINT('',(0.007702019875189784,0.022158722266501122,0.));
#4843=CARTESIAN_POINT('',(0.0077102513912928996,0.022139601460821896,0.));
#4844=CARTESIAN_POINT('',(0.0077161818292316945,0.02211961344349127,0.));
#4845=CARTESIAN_POINT('',(0.007719890257890258,0.02209876871296806,0.));
#4846=CARTESIAN_POINT('',(0.00772038625667202,0.022084566942426095,0.));
#4847=CARTESIAN_POINT('',(0.007720637592516449,0.022077370525574305,0.));
#4848=B_SPLINE_CURVE_WITH_KNOTS('',3,(#4829,#4830,#4831,#4832,#4833,#4834,#4835,#4836,#4837,#4838,#4839,#4840,#4841,#4842,#4843,#4844,#4845,#4846,#4847),.UNSPECIFIED.,.F.,.F.,(4,1,1,1,1,1,1,1,1,1,1,1,1,1,1,1,4),(0.,0.07831784417141084,0.1530550071240908,0.2250551845914186,0.29495993255905223,0.361701852944465,0.42592763626137364,0.4876389878870666,0.5479152408873066,0.6058169592638862,0.6619979643752084,0.7183876568033599,0.7743304415551061,0.8299732937603888,0.8856132541509946,0.9420371774761205,1.),.UNSPECIFIED.);
#4849=CARTESIAN_POINT('',(0.007720637592516449,0.022077370525574305,0.));
#4850=VERTEX_POINT('',#4849);
#4851=TRIMMED_CURVE('',#4848,(PARAMETER_VALUE(0.)),(PARAMETER_VALUE(1.)),.T.,.PARAMETER.);
#4852=EDGE_CURVE('',#4850,#4823,#4851,.T.);
#4853=ORIENTED_EDGE('',*,*,#4852,.F.);
#4854=CARTESIAN_POINT('',(0.007720637592516449,0.022077370525574305,0.));
#4855=CARTESIAN_POINT('',(0.0077204402166978145,0.02207052859190525,0.));
#4856=CARTESIAN_POINT('',(0.007720049406317574,0.022056981346263445,0.));
#4857=CARTESIAN_POINT('',(0.007716755484791737,0.022037010754726586,0.));
#4858=CARTESIAN_POINT('',(0.007711527945722834,0.022017721460089984,0.));
#4859=CARTESIAN_POINT('',(0.007704035971773351,0.021999281429973677,0.));
#4860=CARTESIAN_POINT('',(0.007694787996029033,0.021981785263319054,0.));
#4861=CARTESIAN_POINT('',(0.007683750342660961,0.021965419730240007,0.));
#4862=CARTESIAN_POINT('',(0.007670943288976301,0.02195032313843975,0.));
#4863=CARTESIAN_POINT('',(0.007656552160858981,0.021936438825988308,0.));
#4864=CARTESIAN_POINT('',(0.007640756774613382,0.021923554407659918,0.));
#4865=CARTESIAN_POINT('',(0.007623009396800197,0.021912872692192758,0.));
#4866=CARTESIAN_POINT('',(0.007604425528323474,0.021902598229093,0.));
#4867=CARTESIAN_POINT('',(0.007584094955628055,0.02189451318290451,0.));
#4868=CARTESIAN_POINT('',(0.007562599572746474,0.021888033388912927,0.));
#4869=CARTESIAN_POINT('',(0.007540104845228887,0.02188303330844935,0.));
#4870=CARTESIAN_POINT('',(0.007516601058584035,0.02188038690286299,0.));
#4871=CARTESIAN_POINT('',(0.007500632511890476,0.021879916333248723,0.));
#4872=CARTESIAN_POINT('',(0.007492530340897412,0.021879677574171138,0.));
#4873=B_SPLINE_CURVE_WITH_KNOTS('',3,(#4854,#4855,#4856,#4857,#4858,#4859,#4860,#4861,#4862,#4863,#4864,#4865,#4866,#4867,#4868,#4869,#4870,#4871,#4872),.UNSPECIFIED.,.F.,.F.,(4,1,1,1,1,1,1,1,1,1,1,1,1,1,1,1,4),(0.,0.06092035205094867,0.1206242290176138,0.1798152476408323,0.23863290175417629,0.29755413462685515,0.35583088664386187,0.41413463426256053,0.47357105342146,0.53381281401882,0.5952443947698791,0.6578180421507386,0.7228094500316754,0.7896745023075974,0.8577060630165474,0.9278024587433962,1.),.UNSPECIFIED.);
#4874=CARTESIAN_POINT('',(0.007492530340897413,0.02187967757417114,0.));
#4875=VERTEX_POINT('',#4874);
#4876=TRIMMED_CURVE('',#4873,(PARAMETER_VALUE(0.)),(PARAMETER_VALUE(1.)),.T.,.PARAMETER.);
#4877=EDGE_CURVE('',#4875,#4850,#4876,.T.);
#4878=ORIENTED_EDGE('',*,*,#4877,.F.);
#4879=CARTESIAN_POINT('',(0.007492530340897413,0.02187967757417114,0.));
#4880=CARTESIAN_POINT('',(0.007483651912152207,0.02187981274039342,0.));
#4881=CARTESIAN_POINT('',(0.007466412669418776,0.02188007519261126,0.));
#4882=CARTESIAN_POINT('',(0.00744126062659205,0.021882888824715625,0.));
#4883=CARTESIAN_POINT('',(0.007417600404873666,0.021887511470665835,0.));
#4884=CARTESIAN_POINT('',(0.007395335242697816,0.021893845379476407,0.));
#4885=CARTESIAN_POINT('',(0.007374548093786504,0.021901779610398804,0.));
#4886=CARTESIAN_POINT('',(0.007355533599666741,0.021911678029807934,0.));
#4887=CARTESIAN_POINT('',(0.007337804563952953,0.021922476434248394,0.));
#4888=CARTESIAN_POINT('',(0.0073221243323008086,0.02193533759569664,0.));
#4889=CARTESIAN_POINT('',(0.007308059009225542,0.021949536772393377,0.));
#4890=CARTESIAN_POINT('',(0.007295824190625319,0.02196525865419978,0.));
#4891=CARTESIAN_POINT('',(0.007285147884996309,0.021982185459794853,0.));
#4892=CARTESIAN_POINT('',(0.007276542332298552,0.022000534598633385,0.));
#4893=CARTESIAN_POINT('',(0.007269422971742663,0.022019991982724915,0.));
#4894=CARTESIAN_POINT('',(0.00726476591266434,0.022040660038599988,0.));
#4895=CARTESIAN_POINT('',(0.007261639589305655,0.022062280088005433,0.));
#4896=CARTESIAN_POINT('',(0.007261245580504729,0.022077006876581547,0.));
#4897=CARTESIAN_POINT('',(0.0072610437225877214,0.022084551679791942,0.));
#4898=B_SPLINE_CURVE_WITH_KNOTS('',3,(#4879,#4880,#4881,#4882,#4883,#4884,#4885,#4886,#4887,#4888,#4889,#4890,#4891,#4892,#4893,#4894,#4895,#4896,#4897),.UNSPECIFIED.,.F.,.F.,(4,1,1,1,1,1,1,1,1,1,1,1,1,1,1,1,4),(0.,0.07627812650115695,0.14810921794180407,0.21717288183678324,0.2832483019785075,0.3468476366209512,0.40800534187629606,0.46726893263224295,0.5249134467685034,0.5818196562239017,0.6387097791179972,0.6957926415463562,0.7534403312515016,0.8125802370333194,0.8734889974071804,0.9351860988850065,1.),.UNSPECIFIED.);
#4899=TRIMMED_CURVE('',#4898,(PARAMETER_VALUE(0.)),(PARAMETER_VALUE(1.)),.T.,.PARAMETER.);
#4900=EDGE_CURVE('',#4825,#4875,#4899,.T.);
#4901=ORIENTED_EDGE('',*,*,#4900,.F.);
#4902=EDGE_LOOP('',(#4828,#4853,#4878,#4901));
#4903=FACE_OUTER_BOUND('',#4902,.T.);
#4904=ADVANCED_FACE('',(#4903),#24,.T.);
#4905=CARTESIAN_POINT('',(0.007315536010474491,0.022905948996038646,0.));
#4906=DIRECTION('',(-1.,0.,0.));
#4907=VECTOR('',#4906,1.);
#4908=LINE('',#4905,#4907);
#4909=EDGE_CURVE('',#3816,#3818,#4908,.T.);
#4910=ORIENTED_EDGE('',*,*,#4909,.T.);
#4911=CARTESIAN_POINT('',(0.007573212720636738,0.02310976704956862,0.));
#4912=CARTESIAN_POINT('',(0.007565041277177734,0.02310958944826465,0.));
#4913=CARTESIAN_POINT('',(0.007549016973963119,0.023109241169877812,0.));
#4914=CARTESIAN_POINT('',(0.007525559086161395,0.0231069671101097,0.));
#4915=CARTESIAN_POINT('',(0.007503268264319008,0.023102888343003766,0.));
#4916=CARTESIAN_POINT('',(0.007482041671212216,0.023097455790784163,0.));
#4917=CARTESIAN_POINT('',(0.007461923179011092,0.023090321241136726,0.));
#4918=CARTESIAN_POINT('',(0.007443007617828866,0.023081275680053415,0.));
#4919=CARTESIAN_POINT('',(0.007425056513175292,0.023071019667494738,0.));
#4920=CARTESIAN_POINT('',(0.007408226879826979,0.02305914298355788,0.));
#4921=CARTESIAN_POINT('',(0.007392722000847954,0.02304548571382262,0.));
#4922=CARTESIAN_POINT('',(0.007378384808438026,0.02303021689865052,0.));
#4923=CARTESIAN_POINT('',(0.007364968114500673,0.023013448842578537,0.));
#4924=CARTESIAN_POINT('',(0.007352793706492724,0.02299500970301543,0.));
#4925=CARTESIAN_POINT('',(0.0073414924761505025,0.022975106563354192,0.));
#4926=CARTESIAN_POINT('',(0.0073316357418662815,0.02295351994243934,0.));
#4927=CARTESIAN_POINT('',(0.0073229600191902465,0.02293032546987479,0.));
#4928=CARTESIAN_POINT('',(0.007318053454571224,0.022914214935978578,0.));
#4929=CARTESIAN_POINT('',(0.007315536010474491,0.022905948996038646,0.));
#4930=B_SPLINE_CURVE_WITH_KNOTS('',3,(#4911,#4912,#4913,#4914,#4915,#4916,#4917,#4918,#4919,#4920,#4921,#4922,#4923,#4924,#4925,#4926,#4927,#4928,#4929),.UNSPECIFIED.,.F.,.F.,(4,1,1,1,1,1,1,1,1,1,1,1,1,1,1,1,4),(0.,0.06855762196504064,0.1344423574063183,0.19746916320375535,0.2584992503970933,0.31809769512390335,0.3762262492277082,0.43417747633979026,0.491374267642125,0.5487172646352515,0.6072137719876399,0.6668970377470934,0.7286573356156879,0.792396953314486,0.8587328960850963,0.927519137232093,1.),.UNSPECIFIED.);
#4931=TRIMMED_CURVE('',#4930,(PARAMETER_VALUE(0.)),(PARAMETER_VALUE(1.)),.T.,.PARAMETER.);
#4932=EDGE_CURVE('',#3818,#3842,#4931,.T.);
#4933=ORIENTED_EDGE('',*,*,#4932,.T.);
#4934=CARTESIAN_POINT('',(0.007815259859854718,0.022826956299644652,0.));
#4935=CARTESIAN_POINT('',(0.007815083014642945,0.02283738612998118,0.));
#4936=CARTESIAN_POINT('',(0.007814735517282614,0.02285788054130444,0.));
#4937=CARTESIAN_POINT('',(0.007811252088403501,0.022887747917892654,0.));
#4938=CARTESIAN_POINT('',(0.007805840645888353,0.022916186642340595,0.));
#4939=CARTESIAN_POINT('',(0.0077979500188509,0.022942916009618893,0.));
#4940=CARTESIAN_POINT('',(0.0077884097627638664,0.02296810442190123,0.));
#4941=CARTESIAN_POINT('',(0.007776558509029959,0.022991196164541063,0.));
#4942=CARTESIAN_POINT('',(0.007763590839258133,0.02301275350111323,0.));
#4943=CARTESIAN_POINT('',(0.00774846539809917,0.0230322098587675,0.));
#4944=CARTESIAN_POINT('',(0.007731787856064203,0.02304986819064606,0.));
#4945=CARTESIAN_POINT('',(0.007713305143869357,0.023065304579716683,0.));
#4946=CARTESIAN_POINT('',(0.007693307824154409,0.02307875912599207,0.));
#4947=CARTESIAN_POINT('',(0.007671752026986029,0.023089902583945967,0.));
#4948=CARTESIAN_POINT('',(0.007648842659765619,0.02309887461309908,0.));
#4949=CARTESIAN_POINT('',(0.007624664923611397,0.023105141304316203,0.));
#4950=CARTESIAN_POINT('',(0.007599320951200965,0.023109082814102812,0.));
#4951=CARTESIAN_POINT('',(0.007582027940789359,0.023109536023331417,0.));
#4952=CARTESIAN_POINT('',(0.007573212720636738,0.02310976704956862,0.));
#4953=B_SPLINE_CURVE_WITH_KNOTS('',3,(#4934,#4935,#4936,#4937,#4938,#4939,#4940,#4941,#4942,#4943,#4944,#4945,#4946,#4947,#4948,#4949,#4950,#4951,#4952),.UNSPECIFIED.,.F.,.F.,(4,1,1,1,1,1,1,1,1,1,1,1,1,1,1,1,4),(0.,0.07483943340739357,0.14705801359779572,0.21554633836705145,0.2823984736285905,0.34687598383221036,0.4085783239786119,0.4684721351271138,0.5272032670923276,0.585113250454817,0.6425093345738112,0.6996981193952638,0.7577908505313303,0.8163543126825229,0.8759295772714973,0.9367543264736254,1.),.UNSPECIFIED.);
#4954=TRIMMED_CURVE('',#4953,(PARAMETER_VALUE(0.)),(PARAMETER_VALUE(1.)),.T.,.PARAMETER.);
#4955=EDGE_CURVE('',#3842,#3867,#4954,.T.);
#4956=ORIENTED_EDGE('',*,*,#4955,.T.);
#4957=CARTESIAN_POINT('',(0.007760133940713449,0.02259483605008046,0.));
#4958=CARTESIAN_POINT('',(0.007764559768310106,0.022603079494105182,0.));
#4959=CARTESIAN_POINT('',(0.0077734786362048105,0.02261969157097627,0.));
#4960=CARTESIAN_POINT('',(0.007784535084826987,0.022645962945169858,0.));
#4961=CARTESIAN_POINT('',(0.007794099556728391,0.022673319862976053,0.));
#4962=CARTESIAN_POINT('',(0.007801951666645258,0.02270181443580979,0.));
#4963=CARTESIAN_POINT('',(0.007807708302610256,0.022731500800353906,0.));
#4964=CARTESIAN_POINT('',(0.0078122863342005595,0.022762206491940325,0.));
#4965=CARTESIAN_POINT('',(0.007814774689706754,0.02279417703381683,0.));
#4966=CARTESIAN_POINT('',(0.007815096199980342,0.02281589904364903,0.));
#4967=CARTESIAN_POINT('',(0.007815259859854717,0.02282695629964465,0.));
#4968=B_SPLINE_CURVE_WITH_KNOTS('',3,(#4957,#4958,#4959,#4960,#4961,#4962,#4963,#4964,#4965,#4966,#4967),.UNSPECIFIED.,.F.,.F.,(4,1,1,1,1,1,1,1,4),(0.,0.11630714953892876,0.23438059420365454,0.3540053905828852,0.4765677555859449,0.6015764691938253,0.7298600704803045,0.8624894115042244,1.),.UNSPECIFIED.);
#4969=TRIMMED_CURVE('',#4968,(PARAMETER_VALUE(0.)),(PARAMETER_VALUE(1.)),.T.,.PARAMETER.);
#4970=EDGE_CURVE('',#3867,#3884,#4969,.T.);
#4971=ORIENTED_EDGE('',*,*,#4970,.T.);
#4972=CARTESIAN_POINT('',(0.0076530502587034005,0.02259483605008046,0.));
#4973=DIRECTION('',(1.,0.,0.));
#4974=VECTOR('',#4973,1.);
#4975=LINE('',#4972,#4974);
#4976=EDGE_CURVE('',#3884,#3893,#4975,.T.);
#4977=ORIENTED_EDGE('',*,*,#4976,.T.);
#4978=CARTESIAN_POINT('',(0.00772063759251645,0.022796753209846945,0.));
#4979=CARTESIAN_POINT('',(0.007720432816831957,0.022787873448185343,0.));
#4980=CARTESIAN_POINT('',(0.007720023594119899,0.022770128176530416,0.));
#4981=CARTESIAN_POINT('',(0.007716776277793723,0.02274377303598137,0.));
#4982=CARTESIAN_POINT('',(0.007711441852627202,0.02271779435013191,0.));
#4983=CARTESIAN_POINT('',(0.007704100116410666,0.022692269385488323,0.));
#4984=CARTESIAN_POINT('',(0.0076944471615027,0.022667172472374444,0.));
#4985=CARTESIAN_POINT('',(0.007682884482795007,0.022642491788284848,0.));
#4986=CARTESIAN_POINT('',(0.00766904878966829,0.022618233276501122,0.));
#4987=CARTESIAN_POINT('',(0.007658441345179645,0.0226027203034044,0.));
#4988=CARTESIAN_POINT('',(0.0076530502587034005,0.02259483605008046,0.));
#4989=B_SPLINE_CURVE_WITH_KNOTS('',3,(#4978,#4979,#4980,#4981,#4982,#4983,#4984,#4985,#4986,#4987,#4988),.UNSPECIFIED.,.F.,.F.,(4,1,1,1,1,1,1,1,4),(0.,0.12303357984138016,0.24586969562550545,0.36737726680539157,0.4902753662522132,0.6134945055477669,0.7396341611030872,0.8676726751240166,1.),.UNSPECIFIED.);
#4990=TRIMMED_CURVE('',#4989,(PARAMETER_VALUE(0.)),(PARAMETER_VALUE(1.)),.T.,.PARAMETER.);
#4991=EDGE_CURVE('',#3893,#3909,#4990,.T.);
#4992=ORIENTED_EDGE('',*,*,#4991,.T.);
#4993=CARTESIAN_POINT('',(0.007545332945438855,0.022988109848705134,0.));
#4994=CARTESIAN_POINT('',(0.007552447708749787,0.022987917257992693,0.));
#4995=CARTESIAN_POINT('',(0.0075662162812151785,0.02298754455421261,0.));
#4996=CARTESIAN_POINT('',(0.00758617274849531,0.02298554811954324,0.));
#4997=CARTESIAN_POINT('',(0.007604694393313967,0.022981711135951897,0.));
#4998=CARTESIAN_POINT('',(0.007621835956826915,0.022976374619572897,0.));
#4999=CARTESIAN_POINT('',(0.00763784024615172,0.022969970742258677,0.));
#5000=CARTESIAN_POINT('',(0.007652277665578436,0.022961643109096243,0.));
#5001=CARTESIAN_POINT('',(0.007665293287921518,0.02295181415636461,0.));
#5002=CARTESIAN_POINT('',(0.007677060165001223,0.022940522792474403,0.));
#5003=CARTESIAN_POINT('',(0.007687356167417512,0.022927629388465154,0.));
#5004=CARTESIAN_POINT('',(0.007696284938422195,0.022913283837501325,0.));
#5005=CARTESIAN_POINT('',(0.0077040066875157,0.022897549971291363,0.));
#5006=CARTESIAN_POINT('',(0.0077099417698441525,0.022880185411326154,0.));
#5007=CARTESIAN_POINT('',(0.007714948371606618,0.0228614397364079,0.));
#5008=CARTESIAN_POINT('',(0.007718119193795523,0.022841191606566075,0.));
#5009=CARTESIAN_POINT('',(0.007720380312390011,0.022819474282615777,0.));
#5010=CARTESIAN_POINT('',(0.007720549824700211,0.022804504212487864,0.));
#5011=CARTESIAN_POINT('',(0.007720637592516449,0.02279675320984694,0.));
#5012=B_SPLINE_CURVE_WITH_KNOTS('',3,(#4993,#4994,#4995,#4996,#4997,#4998,#4999,#5000,#5001,#5002,#5003,#5004,#5005,#5006,#5007,#5008,#5009,#5010,#5011),.UNSPECIFIED.,.F.,.F.,(4,1,1,1,1,1,1,1,1,1,1,1,1,1,1,1,4),(0.,0.07174098734874763,0.13883399065887833,0.20189003227532284,0.26205577180017237,0.31965498034453493,0.37529235083438994,0.42951746804071733,0.4837286486135594,0.5392617994801027,0.5953859611647144,0.6537928572909754,0.7155248247991318,0.7800809068506045,0.8491567981547369,0.9218984249319215,1.),.UNSPECIFIED.);
#5013=TRIMMED_CURVE('',#5012,(PARAMETER_VALUE(0.)),(PARAMETER_VALUE(1.)),.T.,.PARAMETER.);
#5014=EDGE_CURVE('',#3909,#3934,#5013,.T.);
#5015=ORIENTED_EDGE('',*,*,#5014,.T.);
#5016=CARTESIAN_POINT('',(0.007355665989925989,0.022737403082342362,0.));
#5017=CARTESIAN_POINT('',(0.0073558605041587465,0.022747543408948023,0.));
#5018=CARTESIAN_POINT('',(0.007356236458032606,0.022767142463554744,0.));
#5019=CARTESIAN_POINT('',(0.007358201807900466,0.022795594979979822,0.));
#5020=CARTESIAN_POINT('',(0.007362132875985143,0.0228220088226216,0.));
#5021=CARTESIAN_POINT('',(0.0073669807393220285,0.02284665774551801,0.));
#5022=CARTESIAN_POINT('',(0.007373835698829959,0.02286920221520613,0.));
#5023=CARTESIAN_POINT('',(0.007381731856447096,0.022889977473646465,0.));
#5024=CARTESIAN_POINT('',(0.007391570867402466,0.02290855809836975,0.));
#5025=CARTESIAN_POINT('',(0.007402519115732682,0.022925505356317686,0.));
#5026=CARTESIAN_POINT('',(0.007415228640188856,0.02294036043824708,0.));
#5027=CARTESIAN_POINT('',(0.007429529009173976,0.022953079672054684,0.));
#5028=CARTESIAN_POINT('',(0.007445124428936481,0.022964058199330027,0.));
#5029=CARTESIAN_POINT('',(0.007462311031990031,0.022972946497144587,0.));
#5030=CARTESIAN_POINT('',(0.007481088484535738,0.022979678691589595,0.));
#5031=CARTESIAN_POINT('',(0.0075012069039465355,0.0229844774673043,0.));
#5032=CARTESIAN_POINT('',(0.007522782791965705,0.022987518131435986,0.));
#5033=CARTESIAN_POINT('',(0.007537648403118451,0.0229879082058914,0.));
#5034=CARTESIAN_POINT('',(0.007545332945438855,0.022988109848705134,0.));
#5035=B_SPLINE_CURVE_WITH_KNOTS('',3,(#5016,#5017,#5018,#5019,#5020,#5021,#5022,#5023,#5024,#5025,#5026,#5027,#5028,#5029,#5030,#5031,#5032,#5033,#5034),.UNSPECIFIED.,.F.,.F.,(4,1,1,1,1,1,1,1,1,1,1,1,1,1,1,1,4),(0.,0.08484841563922227,0.16399360652522083,0.2383777706128513,0.3081485454194586,0.3739293557379926,0.4352898231742259,0.4937758629551454,0.5494821137802857,0.6037850384590602,0.6567588443149566,0.7092094311398529,0.7629504479089124,0.8181027987074772,0.8756741437901088,0.9357317170650791,1.),.UNSPECIFIED.);
#5036=TRIMMED_CURVE('',#5035,(PARAMETER_VALUE(0.)),(PARAMETER_VALUE(1.)),.T.,.PARAMETER.);
#5037=EDGE_CURVE('',#3934,#3959,#5036,.T.);
#5038=ORIENTED_EDGE('',*,*,#5037,.T.);
#5039=CARTESIAN_POINT('',(0.007355665989925988,0.02265735433385753,0.));
#5040=DIRECTION('',(0.,1.,0.));
#5041=VECTOR('',#5040,1.);
#5042=LINE('',#5039,#5041);
#5043=EDGE_CURVE('',#3959,#3968,#5042,.T.);
#5044=ORIENTED_EDGE('',*,*,#5043,.T.);
#5045=CARTESIAN_POINT('',(0.0072610437225877214,0.02265735433385753,0.));
#5046=DIRECTION('',(1.,0.,0.));
#5047=VECTOR('',#5046,1.);
#5048=LINE('',#5045,#5047);
#5049=EDGE_CURVE('',#3968,#3976,#5048,.T.);
#5050=ORIENTED_EDGE('',*,*,#5049,.T.);
#5051=CARTESIAN_POINT('',(0.0072610437225877214,0.022742472132378337,0.));
#5052=DIRECTION('',(0.,-1.,0.));
#5053=VECTOR('',#5052,1.);
#5054=LINE('',#5051,#5053);
#5055=EDGE_CURVE('',#3976,#3984,#5054,.T.);
#5056=ORIENTED_EDGE('',*,*,#5055,.T.);
#5057=CARTESIAN_POINT('',(0.007056380827385084,0.023028662248992963,0.));
#5058=CARTESIAN_POINT('',(0.007064629636041424,0.023028484262356434,0.));
#5059=CARTESIAN_POINT('',(0.007080708198508594,0.02302813733113606,0.));
#5060=CARTESIAN_POINT('',(0.007104025550650004,0.023024729500047067,0.));
#5061=CARTESIAN_POINT('',(0.007125757376552854,0.023018989864012424,0.));
#5062=CARTESIAN_POINT('',(0.007145902637479568,0.02301117896653913,0.));
#5063=CARTESIAN_POINT('',(0.007164608061147145,0.023001279791657506,0.));
#5064=CARTESIAN_POINT('',(0.007181236368772772,0.02298855484477945,0.));
#5065=CARTESIAN_POINT('',(0.007196773363478644,0.022974106608104287,0.));
#5066=CARTESIAN_POINT('',(0.00721041530179791,0.022957101611877907,0.));
#5067=CARTESIAN_POINT('',(0.007222500785472137,0.022937961233799594,0.));
#5068=CARTESIAN_POINT('',(0.007232906437587312,0.022916645007235763,0.));
#5069=CARTESIAN_POINT('',(0.00724148204674114,0.022893030469552957,0.));
#5070=CARTESIAN_POINT('',(0.0072486248563059415,0.02286717467511134,0.));
#5071=CARTESIAN_POINT('',(0.007254278885081747,0.022839158502067042,0.));
#5072=CARTESIAN_POINT('',(0.007258277856683275,0.022808889899148765,0.));
#5073=CARTESIAN_POINT('',(0.00726053214087772,0.02277644128200745,0.));
#5074=CARTESIAN_POINT('',(0.007260869782467368,0.022754021798559284,0.));
#5075=CARTESIAN_POINT('',(0.0072610437225877214,0.022742472132378337,0.));
#5076=B_SPLINE_CURVE_WITH_KNOTS('',3,(#5057,#5058,#5059,#5060,#5061,#5062,#5063,#5064,#5065,#5066,#5067,#5068,#5069,#5070,#5071,#5072,#5073,#5074,#5075),.UNSPECIFIED.,.F.,.F.,(4,1,1,1,1,1,1,1,1,1,1,1,1,1,1,1,4),(0.,0.06177771293888437,0.12041700298178437,0.17607862506070493,0.22986114043081424,0.28202560694681283,0.3340404823045114,0.3862849107495878,0.4406617829635671,0.49686077829594216,0.5556067521300431,0.6180297742280033,0.6848413839818377,0.7564344543404382,0.8320117480716612,0.9134588342956875,1.),.UNSPECIFIED.);
#5077=TRIMMED_CURVE('',#5076,(PARAMETER_VALUE(0.)),(PARAMETER_VALUE(1.)),.T.,.PARAMETER.);
#5078=EDGE_CURVE('',#3984,#4008,#5077,.T.);
#5079=ORIENTED_EDGE('',*,*,#5078,.T.);
#5080=CARTESIAN_POINT('',(0.006855519719709432,0.02279274021190179,0.));
#5081=CARTESIAN_POINT('',(0.006855680923953162,0.022801475580787912,0.));
#5082=CARTESIAN_POINT('',(0.0068559962432722475,0.022818562169238707,0.));
#5083=CARTESIAN_POINT('',(0.006858483803502162,0.022843513098233355,0.));
#5084=CARTESIAN_POINT('',(0.006862984868589276,0.022867157296745412,0.));
#5085=CARTESIAN_POINT('',(0.006869082805417574,0.02288946663327246,0.));
#5086=CARTESIAN_POINT('',(0.0068766285710165215,0.022910518356410937,0.));
#5087=CARTESIAN_POINT('',(0.0068859225562716755,0.0229299659349278,0.));
#5088=CARTESIAN_POINT('',(0.006896778363443784,0.02294784443254383,0.));
#5089=CARTESIAN_POINT('',(0.0069090131225369635,0.022964190132979113,0.));
#5090=CARTESIAN_POINT('',(0.006922830071974252,0.022978852815621474,0.));
#5091=CARTESIAN_POINT('',(0.006938044644059427,0.022991774625979067,0.));
#5092=CARTESIAN_POINT('',(0.006954724224303048,0.02300285687675376,0.));
#5093=CARTESIAN_POINT('',(0.006972702007132359,0.02301215698043631,0.));
#5094=CARTESIAN_POINT('',(0.006991955185619741,0.02301957599648388,0.));
#5095=CARTESIAN_POINT('',(0.00701243027204928,0.02302485601067845,0.));
#5096=CARTESIAN_POINT('',(0.007034030423869829,0.023028083238242788,0.));
#5097=CARTESIAN_POINT('',(0.007048836319892839,0.02302846680057791,0.));
#5098=CARTESIAN_POINT('',(0.007056380827385084,0.023028662248992963,0.));
#5099=B_SPLINE_CURVE_WITH_KNOTS('',3,(#5080,#5081,#5082,#5083,#5084,#5085,#5086,#5087,#5088,#5089,#5090,#5091,#5092,#5093,#5094,#5095,#5096,#5097,#5098),.UNSPECIFIED.,.F.,.F.,(4,1,1,1,1,1,1,1,1,1,1,1,1,1,1,1,4),(0.,0.07505128043992014,0.14680208223603844,0.21514129142149402,0.2816211538233118,0.34534667143984055,0.4070384439413047,0.4664856837113134,0.5248017938222556,0.582146559949049,0.6392322875232924,0.6959417594062569,0.7538422202381195,0.8128228606369441,0.8728337681802772,0.9352010450949199,0.9999999999999999),.UNSPECIFIED.);
#5100=TRIMMED_CURVE('',#5099,(PARAMETER_VALUE(0.)),(PARAMETER_VALUE(0.9999999999999999)),.T.,.PARAMETER.);
#5101=EDGE_CURVE('',#4008,#4033,#5100,.T.);
#5102=ORIENTED_EDGE('',*,*,#5101,.T.);
#5103=CARTESIAN_POINT('',(0.00693662452028509,0.022555550912301624,0.));
#5104=CARTESIAN_POINT('',(0.006930138808739548,0.022564248360707893,0.));
#5105=CARTESIAN_POINT('',(0.006917305542308938,0.022581457987112107,0.));
#5106=CARTESIAN_POINT('',(0.006900797499187895,0.022608904579277448,0.));
#5107=CARTESIAN_POINT('',(0.0068868326506260555,0.022637245188391303,0.));
#5108=CARTESIAN_POINT('',(0.006875336062258894,0.02266655339723708,0.));
#5109=CARTESIAN_POINT('',(0.006866473715309957,0.022696813167250113,0.));
#5110=CARTESIAN_POINT('',(0.006860156982230309,0.022727970033547543,0.));
#5111=CARTESIAN_POINT('',(0.006856221018218925,0.022760042340367468,0.));
#5112=CARTESIAN_POINT('',(0.006855755523104318,0.02278174593627029,0.));
#5113=CARTESIAN_POINT('',(0.006855519719709432,0.02279274021190179,0.));
#5114=B_SPLINE_CURVE_WITH_KNOTS('',3,(#5103,#5104,#5105,#5106,#5107,#5108,#5109,#5110,#5111,#5112,#5113),.UNSPECIFIED.,.F.,.F.,(4,1,1,1,1,1,1,1,4),(0.,0.1273396958009037,0.2519668400192205,0.37545631611372865,0.49796781839930926,0.6211830239304438,0.745216466586342,0.870935654844446,1.),.UNSPECIFIED.);
#5115=TRIMMED_CURVE('',#5114,(PARAMETER_VALUE(0.)),(PARAMETER_VALUE(1.)),.T.,.PARAMETER.);
#5116=EDGE_CURVE('',#4033,#4050,#5115,.T.);
#5117=ORIENTED_EDGE('',*,*,#5116,.T.);
#5118=CARTESIAN_POINT('',(0.006814756109003437,0.022555550912301624,0.));
#5119=DIRECTION('',(1.,0.,0.));
#5120=VECTOR('',#5119,1.);
#5121=LINE('',#5118,#5120);
#5122=EDGE_CURVE('',#4050,#4059,#5121,.T.);
#5123=ORIENTED_EDGE('',*,*,#5122,.T.);
#5124=CARTESIAN_POINT('',(0.006760897452371164,0.022789149634792973,0.));
#5125=CARTESIAN_POINT('',(0.0067610536207065655,0.022777246972434738,0.));
#5126=CARTESIAN_POINT('',(0.0067613589357006666,0.022753976817967494,0.));
#5127=CARTESIAN_POINT('',(0.006763906332459433,0.022720056834419224,0.));
#5128=CARTESIAN_POINT('',(0.006768113460270633,0.022687967619496298,0.));
#5129=CARTESIAN_POINT('',(0.00677394812556202,0.02265774932443584,0.));
#5130=CARTESIAN_POINT('',(0.006781600315326895,0.022629408154649516,0.));
#5131=CARTESIAN_POINT('',(0.006790578525528687,0.022602837902027568,0.));
#5132=CARTESIAN_POINT('',(0.006801505352665763,0.022578197697678742,0.));
#5133=CARTESIAN_POINT('',(0.0068103919320594754,0.02256300970001751,0.));
#5134=CARTESIAN_POINT('',(0.006814756109003438,0.022555550912301627,0.));
#5135=B_SPLINE_CURVE_WITH_KNOTS('',3,(#5124,#5125,#5126,#5127,#5128,#5129,#5130,#5131,#5132,#5133,#5134),.UNSPECIFIED.,.F.,.F.,(4,1,1,1,1,1,1,1,4),(0.,0.14709164783188053,0.28756972708053236,0.42010547948608,0.546895588648376,0.6676262618751475,0.7826469235366431,0.8932584470385365,1.),.UNSPECIFIED.);
#5136=TRIMMED_CURVE('',#5135,(PARAMETER_VALUE(0.)),(PARAMETER_VALUE(1.)),.T.,.PARAMETER.);
#5137=EDGE_CURVE('',#4059,#4075,#5136,.T.);
#5138=ORIENTED_EDGE('',*,*,#5137,.T.);
#5139=CARTESIAN_POINT('',(0.007068631031638699,0.02315031944985645,0.));
#5140=CARTESIAN_POINT('',(0.007057349250182042,0.023149987737702885,0.));
#5141=CARTESIAN_POINT('',(0.007035171660753365,0.02314933566196657,0.));
#5142=CARTESIAN_POINT('',(0.007002647309619776,0.023144398784059415,0.));
#5143=CARTESIAN_POINT('',(0.006971692644812854,0.02313617409729069,0.));
#5144=CARTESIAN_POINT('',(0.006942409694713834,0.023124667189982444,0.));
#5145=CARTESIAN_POINT('',(0.006914927957460254,0.02311040038598606,0.));
#5146=CARTESIAN_POINT('',(0.00688958108301058,0.023093051172519023,0.));
#5147=CARTESIAN_POINT('',(0.006866205297731321,0.023073156305309095,0.));
#5148=CARTESIAN_POINT('',(0.006845120343048251,0.023050419299579458,0.));
#5149=CARTESIAN_POINT('',(0.006825985199129048,0.02302533651828487,0.));
#5150=CARTESIAN_POINT('',(0.006809029889874384,0.02299786696076858,0.));
#5151=CARTESIAN_POINT('',(0.006794755969828966,0.022967815434714222,0.));
#5152=CARTESIAN_POINT('',(0.006782436851055705,0.022935729869118713,0.));
#5153=CARTESIAN_POINT('',(0.006772828223427391,0.022901575756620208,0.));
#5154=CARTESIAN_POINT('',(0.00676576815436222,0.022865640114779342,0.));
#5155=CARTESIAN_POINT('',(0.006761828489462765,0.02282795964909131,0.));
#5156=CARTESIAN_POINT('',(0.0067612118066280955,0.02280225340188913,0.));
#5157=CARTESIAN_POINT('',(0.006760897452371164,0.022789149634792973,0.));
#5158=B_SPLINE_CURVE_WITH_KNOTS('',3,(#5139,#5140,#5141,#5142,#5143,#5144,#5145,#5146,#5147,#5148,#5149,#5150,#5151,#5152,#5153,#5154,#5155,#5156,#5157),.UNSPECIFIED.,.F.,.F.,(4,1,1,1,1,1,1,1,1,1,1,1,1,1,1,1,4),(0.,0.06351959410944681,0.12486604923588544,0.18478511962789165,0.24354240310581543,0.3017134704770975,0.35879050167611926,0.41616149849495215,0.47423112939438944,0.5330739713937542,0.5935973970726424,0.6556661320906797,0.720173022050978,0.7869456784864374,0.8552200781110828,0.926198392098562,1.),.UNSPECIFIED.);
#5159=TRIMMED_CURVE('',#5158,(PARAMETER_VALUE(0.)),(PARAMETER_VALUE(1.)),.T.,.PARAMETER.);
#5160=EDGE_CURVE('',#4075,#4100,#5159,.T.);
#5161=ORIENTED_EDGE('',*,*,#5160,.T.);
#5162=CARTESIAN_POINT('',(0.00731257906462017,0.022905948996038646,0.));
#5163=CARTESIAN_POINT('',(0.007311418276737902,0.02291462506689781,0.));
#5164=CARTESIAN_POINT('',(0.007309131165641135,0.022931719609528275,0.));
#5165=CARTESIAN_POINT('',(0.007303904670222763,0.02295676633689646,0.));
#5166=CARTESIAN_POINT('',(0.0072966483076829,0.02298067250163373,0.));
#5167=CARTESIAN_POINT('',(0.0072878493357147215,0.023003531226938056,0.));
#5168=CARTESIAN_POINT('',(0.0072771914868487815,0.023025078443377464,0.));
#5169=CARTESIAN_POINT('',(0.007265348191025882,0.023045372740214277,0.));
#5170=CARTESIAN_POINT('',(0.007251560879388584,0.02306388581551143,0.));
#5171=CARTESIAN_POINT('',(0.007236660909682901,0.023081057974972417,0.));
#5172=CARTESIAN_POINT('',(0.007220166212594693,0.023096482205991628,0.));
#5173=CARTESIAN_POINT('',(0.007202258597674699,0.023110130640538178,0.));
#5174=CARTESIAN_POINT('',(0.007182974296390634,0.023121943202319625,0.));
#5175=CARTESIAN_POINT('',(0.007162429858015084,0.023132099061996262,0.));
#5176=CARTESIAN_POINT('',(0.007140665939383223,0.02314053558734614,0.));
#5177=CARTESIAN_POINT('',(0.007117552118535868,0.023145975115583625,0.));
#5178=CARTESIAN_POINT('',(0.0070934747512213,0.023149880465920692,0.));
#5179=CARTESIAN_POINT('',(0.007077025827660892,0.023150171115361468,0.));
#5180=CARTESIAN_POINT('',(0.007068631031638699,0.02315031944985645,0.));
#5181=B_SPLINE_CURVE_WITH_KNOTS('',3,(#5162,#5163,#5164,#5165,#5166,#5167,#5168,#5169,#5170,#5171,#5172,#5173,#5174,#5175,#5176,#5177,#5178,#5179,#5180),.UNSPECIFIED.,.F.,.F.,(4,1,1,1,1,1,1,1,1,1,1,1,1,1,1,1,4),(0.,0.06894276094684143,0.1358385593199698,0.20128407155155692,0.26555105796231565,0.3285516232782211,0.390471261568304,0.4503709606807844,0.5101086885096445,0.5693578458312485,0.6279256106151906,0.6871851497762538,0.747207962213679,0.8082898807871175,0.8705686200802127,0.9339440037332858,0.9999999999999999),.UNSPECIFIED.);
#5182=TRIMMED_CURVE('',#5181,(PARAMETER_VALUE(0.)),(PARAMETER_VALUE(0.9999999999999999)),.T.,.PARAMETER.);
#5183=EDGE_CURVE('',#4100,#3816,#5182,.T.);
#5184=ORIENTED_EDGE('',*,*,#5183,.T.);
#5185=EDGE_LOOP('',(#4910,#4933,#4956,#4971,#4977,#4992,#5015,#5038,#5044,#5050,#5056,#5079,#5102,#5117,#5123,#5138,#5161,#5184));
#5186=FACE_OUTER_BOUND('',#5185,.T.);
#5187=ADVANCED_FACE('',(#5186),#24,.T.);
#5188=CARTESIAN_POINT('',(0.0072610437225877214,0.022084551679791942,0.));
#5189=CARTESIAN_POINT('',(0.007261285391627438,0.022091176559992192,0.));
#5190=CARTESIAN_POINT('',(0.007261765600284677,0.022104340533453903,0.));
#5191=CARTESIAN_POINT('',(0.0072644220135617155,0.022123783385187907,0.));
#5192=CARTESIAN_POINT('',(0.007269432074023896,0.022142570140848267,0.));
#5193=CARTESIAN_POINT('',(0.00727614146437775,0.022160686059036806,0.));
#5194=CARTESIAN_POINT('',(0.007284643957371635,0.022177928394628704,0.));
#5195=CARTESIAN_POINT('',(0.007294306405961489,0.022194236437648937,0.));
#5196=CARTESIAN_POINT('',(0.007305395248636613,0.02220938684677772,0.));
#5197=CARTESIAN_POINT('',(0.007317855548009442,0.022223311154559784,0.));
#5198=CARTESIAN_POINT('',(0.007331572731612473,0.022235974909862108,0.));
#5199=CARTESIAN_POINT('',(0.0073464547960379965,0.022247291749145415,0.));
#5200=CARTESIAN_POINT('',(0.007362561672868109,0.022256990423459265,0.));
#5201=CARTESIAN_POINT('',(0.007379756300975382,0.022265218486905262,0.));
#5202=CARTESIAN_POINT('',(0.0073977185199658076,0.022272055521031814,0.));
#5203=CARTESIAN_POINT('',(0.007416606552712235,0.022276596474973452,0.));
#5204=CARTESIAN_POINT('',(0.007436028779734238,0.02227977850146727,0.));
#5205=CARTESIAN_POINT('',(0.0074492893097034005,0.02228001367474723,0.));
#5206=CARTESIAN_POINT('',(0.007455990938554732,0.02228013252701345,0.));
#5207=B_SPLINE_CURVE_WITH_KNOTS('',3,(#5188,#5189,#5190,#5191,#5192,#5193,#5194,#5195,#5196,#5197,#5198,#5199,#5200,#5201,#5202,#5203,#5204,#5205,#5206),.UNSPECIFIED.,.F.,.F.,(4,1,1,1,1,1,1,1,1,1,1,1,1,1,1,1,4),(0.,0.06479255915511029,0.1287461061111215,0.19135200821575338,0.25451167227612104,0.31731024906658156,0.37904742931251756,0.43962257630466717,0.5005564361080935,0.5614436271328085,0.621877828659171,0.6830251312898199,0.7449041173326075,0.8080637813929733,0.87049918264575,0.9345526599713248,1.),.UNSPECIFIED.);
#5208=TRIMMED_CURVE('',#5207,(PARAMETER_VALUE(0.)),(PARAMETER_VALUE(1.)),.T.,.PARAMETER.);
#5209=EDGE_CURVE('',#4823,#4825,#5208,.T.);
#5210=ORIENTED_EDGE('',*,*,#5209,.F.);
#5211=CARTESIAN_POINT('',(0.007455990938554732,0.02228013252701345,0.));
#5212=CARTESIAN_POINT('',(0.007465716678263284,0.022280022287123474,0.));
#5213=CARTESIAN_POINT('',(0.007484723498179336,0.022279806847496354,0.));
#5214=CARTESIAN_POINT('',(0.007512502017242879,0.022276602831203605,0.));
#5215=CARTESIAN_POINT('',(0.007539052579396053,0.02227219180005929,0.));
#5216=CARTESIAN_POINT('',(0.007564043342165527,0.022265287618647787,0.));
#5217=CARTESIAN_POINT('',(0.007587651943769107,0.022257193845357615,0.));
#5218=CARTESIAN_POINT('',(0.007609383088017563,0.022247139888878952,0.));
#5219=CARTESIAN_POINT('',(0.007629670016511105,0.022236016760231476,0.));
#5220=CARTESIAN_POINT('',(0.007647997628363678,0.02222317446291797,0.));
#5221=CARTESIAN_POINT('',(0.0076642966294625395,0.022208902770009965,0.));
#5222=CARTESIAN_POINT('',(0.007678996330305069,0.02219361657177697,0.));
#5223=CARTESIAN_POINT('',(0.007691293667748432,0.0221766414627051,0.));
#5224=CARTESIAN_POINT('',(0.007702019875189784,0.022158722266501122,0.));
#5225=CARTESIAN_POINT('',(0.0077102513912928996,0.022139601460821896,0.));
#5226=CARTESIAN_POINT('',(0.0077161818292316945,0.02211961344349127,0.));
#5227=CARTESIAN_POINT('',(0.007719890257890258,0.02209876871296806,0.));
#5228=CARTESIAN_POINT('',(0.00772038625667202,0.022084566942426095,0.));
#5229=CARTESIAN_POINT('',(0.007720637592516449,0.022077370525574305,0.));
#5230=B_SPLINE_CURVE_WITH_KNOTS('',3,(#5211,#5212,#5213,#5214,#5215,#5216,#5217,#5218,#5219,#5220,#5221,#5222,#5223,#5224,#5225,#5226,#5227,#5228,#5229),.UNSPECIFIED.,.F.,.F.,(4,1,1,1,1,1,1,1,1,1,1,1,1,1,1,1,4),(0.,0.07831784417141084,0.1530550071240908,0.2250551845914186,0.29495993255905223,0.361701852944465,0.42592763626137364,0.4876389878870666,0.5479152408873066,0.6058169592638862,0.6619979643752084,0.7183876568033599,0.7743304415551061,0.8299732937603888,0.8856132541509946,0.9420371774761205,1.),.UNSPECIFIED.);
#5231=TRIMMED_CURVE('',#5230,(PARAMETER_VALUE(0.)),(PARAMETER_VALUE(1.)),.T.,.PARAMETER.);
#5232=EDGE_CURVE('',#4850,#4823,#5231,.T.);
#5233=ORIENTED_EDGE('',*,*,#5232,.F.);
#5234=CARTESIAN_POINT('',(0.007720637592516449,0.022077370525574305,0.));
#5235=CARTESIAN_POINT('',(0.0077204402166978145,0.02207052859190525,0.));
#5236=CARTESIAN_POINT('',(0.007720049406317574,0.022056981346263445,0.));
#5237=CARTESIAN_POINT('',(0.007716755484791737,0.022037010754726586,0.));
#5238=CARTESIAN_POINT('',(0.007711527945722834,0.022017721460089984,0.));
#5239=CARTESIAN_POINT('',(0.007704035971773351,0.021999281429973677,0.));
#5240=CARTESIAN_POINT('',(0.007694787996029033,0.021981785263319054,0.));
#5241=CARTESIAN_POINT('',(0.007683750342660961,0.021965419730240007,0.));
#5242=CARTESIAN_POINT('',(0.007670943288976301,0.02195032313843975,0.));
#5243=CARTESIAN_POINT('',(0.007656552160858981,0.021936438825988308,0.));
#5244=CARTESIAN_POINT('',(0.007640756774613382,0.021923554407659918,0.));
#5245=CARTESIAN_POINT('',(0.007623009396800197,0.021912872692192758,0.));
#5246=CARTESIAN_POINT('',(0.007604425528323474,0.021902598229093,0.));
#5247=CARTESIAN_POINT('',(0.007584094955628055,0.02189451318290451,0.));
#5248=CARTESIAN_POINT('',(0.007562599572746474,0.021888033388912927,0.));
#5249=CARTESIAN_POINT('',(0.007540104845228887,0.02188303330844935,0.));
#5250=CARTESIAN_POINT('',(0.007516601058584035,0.02188038690286299,0.));
#5251=CARTESIAN_POINT('',(0.007500632511890476,0.021879916333248723,0.));
#5252=CARTESIAN_POINT('',(0.007492530340897412,0.021879677574171138,0.));
#5253=B_SPLINE_CURVE_WITH_KNOTS('',3,(#5234,#5235,#5236,#5237,#5238,#5239,#5240,#5241,#5242,#5243,#5244,#5245,#5246,#5247,#5248,#5249,#5250,#5251,#5252),.UNSPECIFIED.,.F.,.F.,(4,1,1,1,1,1,1,1,1,1,1,1,1,1,1,1,4),(0.,0.06092035205094867,0.1206242290176138,0.1798152476408323,0.23863290175417629,0.29755413462685515,0.35583088664386187,0.41413463426256053,0.47357105342146,0.53381281401882,0.5952443947698791,0.6578180421507386,0.7228094500316754,0.7896745023075974,0.8577060630165474,0.9278024587433962,1.),.UNSPECIFIED.);
#5254=TRIMMED_CURVE('',#5253,(PARAMETER_VALUE(0.)),(PARAMETER_VALUE(1.)),.T.,.PARAMETER.);
#5255=EDGE_CURVE('',#4875,#4850,#5254,.T.);
#5256=ORIENTED_EDGE('',*,*,#5255,.F.);
#5257=CARTESIAN_POINT('',(0.007492530340897413,0.02187967757417114,0.));
#5258=CARTESIAN_POINT('',(0.007483651912152207,0.02187981274039342,0.));
#5259=CARTESIAN_POINT('',(0.007466412669418776,0.02188007519261126,0.));
#5260=CARTESIAN_POINT('',(0.00744126062659205,0.021882888824715625,0.));
#5261=CARTESIAN_POINT('',(0.007417600404873666,0.021887511470665835,0.));
#5262=CARTESIAN_POINT('',(0.007395335242697816,0.021893845379476407,0.));
#5263=CARTESIAN_POINT('',(0.007374548093786504,0.021901779610398804,0.));
#5264=CARTESIAN_POINT('',(0.007355533599666741,0.021911678029807934,0.));
#5265=CARTESIAN_POINT('',(0.007337804563952953,0.021922476434248394,0.));
#5266=CARTESIAN_POINT('',(0.0073221243323008086,0.02193533759569664,0.));
#5267=CARTESIAN_POINT('',(0.007308059009225542,0.021949536772393377,0.));
#5268=CARTESIAN_POINT('',(0.007295824190625319,0.02196525865419978,0.));
#5269=CARTESIAN_POINT('',(0.007285147884996309,0.021982185459794853,0.));
#5270=CARTESIAN_POINT('',(0.007276542332298552,0.022000534598633385,0.));
#5271=CARTESIAN_POINT('',(0.007269422971742663,0.022019991982724915,0.));
#5272=CARTESIAN_POINT('',(0.00726476591266434,0.022040660038599988,0.));
#5273=CARTESIAN_POINT('',(0.007261639589305655,0.022062280088005433,0.));
#5274=CARTESIAN_POINT('',(0.007261245580504729,0.022077006876581547,0.));
#5275=CARTESIAN_POINT('',(0.0072610437225877214,0.022084551679791942,0.));
#5276=B_SPLINE_CURVE_WITH_KNOTS('',3,(#5257,#5258,#5259,#5260,#5261,#5262,#5263,#5264,#5265,#5266,#5267,#5268,#5269,#5270,#5271,#5272,#5273,#5274,#5275),.UNSPECIFIED.,.F.,.F.,(4,1,1,1,1,1,1,1,1,1,1,1,1,1,1,1,4),(0.,0.07627812650115695,0.14810921794180407,0.21717288183678324,0.2832483019785075,0.3468476366209512,0.40800534187629606,0.46726893263224295,0.5249134467685034,0.5818196562239017,0.6387097791179972,0.6957926415463562,0.7534403312515016,0.8125802370333194,0.8734889974071804,0.9351860988850065,1.),.UNSPECIFIED.);
#5277=TRIMMED_CURVE('',#5276,(PARAMETER_VALUE(0.)),(PARAMETER_VALUE(1.)),.T.,.PARAMETER.);
#5278=EDGE_CURVE('',#4825,#4875,#5277,.T.);
#5279=ORIENTED_EDGE('',*,*,#5278,.F.);
#5280=EDGE_LOOP('',(#5210,#5233,#5256,#5279));
#5281=FACE_OUTER_BOUND('',#5280,.T.);
#5282=CARTESIAN_POINT('',(0.007815259859854718,0.022086663783973604,0.));
#5283=CARTESIAN_POINT('',(0.007814940460004735,0.022099152864534878,0.));
#5284=CARTESIAN_POINT('',(0.007814315893338373,0.022123574489693636,0.));
#5285=CARTESIAN_POINT('',(0.007808093640834818,0.022159038270902615,0.));
#5286=CARTESIAN_POINT('',(0.007798804963605084,0.02219248604640553,0.));
#5287=CARTESIAN_POINT('',(0.007785133364544243,0.022223580504917982,0.));
#5288=CARTESIAN_POINT('',(0.007767589519427932,0.02225229328813737,0.));
#5289=CARTESIAN_POINT('',(0.007746715549587975,0.022278808535527415,0.));
#5290=CARTESIAN_POINT('',(0.007721972746577351,0.022302645636161997,0.));
#5291=CARTESIAN_POINT('',(0.007694018222410388,0.022324329421308558,0.));
#5292=CARTESIAN_POINT('',(0.0076623176981966655,0.022343195752207667,0.));
#5293=CARTESIAN_POINT('',(0.007627421655871682,0.022359991997728864,0.));
#5294=CARTESIAN_POINT('',(0.007589100632099003,0.02237430435522756,0.));
#5295=CARTESIAN_POINT('',(0.007547309274069473,0.022385992036516714,0.));
#5296=CARTESIAN_POINT('',(0.007502319760646844,0.022395539502768833,0.));
#5297=CARTESIAN_POINT('',(0.0074541099785068446,0.02240214035609867,0.));
#5298=CARTESIAN_POINT('',(0.007402837646877813,0.02240623640872237,0.));
#5299=CARTESIAN_POINT('',(0.007367642717526103,0.022406647395057572,0.));
#5300=CARTESIAN_POINT('',(0.007349540887799181,0.022406858777912916,0.));
#5301=B_SPLINE_CURVE_WITH_KNOTS('',3,(#5282,#5283,#5284,#5285,#5286,#5287,#5288,#5289,#5290,#5291,#5292,#5293,#5294,#5295,#5296,#5297,#5298,#5299,#5300),.UNSPECIFIED.,.F.,.F.,(4,1,1,1,1,1,1,1,1,1,1,1,1,1,1,1,4),(0.,0.05876163891583921,0.11490475317830466,0.16905544448798251,0.22190962642128825,0.27428010027553773,0.3271488394389002,0.38037298702627387,0.43568263945146407,0.4933976012673747,0.553753055929845,0.6178605239592787,0.6857652546775675,0.7579460418642585,0.8342822601732254,0.9147662926355891,1.),.UNSPECIFIED.);
#5302=TRIMMED_CURVE('',#5301,(PARAMETER_VALUE(0.)),(PARAMETER_VALUE(1.)),.T.,.PARAMETER.);
#5303=EDGE_CURVE('',#3782,#3642,#5302,.T.);
#5304=ORIENTED_EDGE('',*,*,#5303,.F.);
#5305=CARTESIAN_POINT('',(0.007349540887799181,0.022406858777912916,0.));
#5306=CARTESIAN_POINT('',(0.007326859045577843,0.02240657574452684,0.));
#5307=CARTESIAN_POINT('',(0.00728269763037871,0.02240602468016637,0.));
#5308=CARTESIAN_POINT('',(0.00721838862925454,0.022400565219454223,0.));
#5309=CARTESIAN_POINT('',(0.007157870219449471,0.022392183923760293,0.));
#5310=CARTESIAN_POINT('',(0.007101317251945515,0.022379799775032728,0.));
#5311=CARTESIAN_POINT('',(0.0070486518274981876,0.02236467739236796,0.));
#5312=CARTESIAN_POINT('',(0.0070002174095482265,0.02234574163085907,0.));
#5313=CARTESIAN_POINT('',(0.006955844437494118,0.02232387821455602,0.));
#5314=CARTESIAN_POINT('',(0.006915760300690737,0.022298624862470084,0.));
#5315=CARTESIAN_POINT('',(0.006879709966152479,0.022270606741118023,0.));
#5316=CARTESIAN_POINT('',(0.0068485682949016155,0.022239063384429474,0.));
#5317=CARTESIAN_POINT('',(0.006821528242894847,0.02220487764718641,0.));
#5318=CARTESIAN_POINT('',(0.0067996381448058784,0.022167467875661886,0.));
#5319=CARTESIAN_POINT('',(0.006782014454873043,0.022127500655636737,0.));
#5320=CARTESIAN_POINT('',(0.006769901403441088,0.022084631683350953,0.));
#5321=CARTESIAN_POINT('',(0.006762299372534118,0.02203913033022038,0.));
#5322=CARTESIAN_POINT('',(0.006761372048140233,0.022007842909403854,0.));
#5323=CARTESIAN_POINT('',(0.006760897452371164,0.021991830306217167,0.));
#5324=B_SPLINE_CURVE_WITH_KNOTS('',3,(#5305,#5306,#5307,#5308,#5309,#5310,#5311,#5312,#5313,#5314,#5315,#5316,#5317,#5318,#5319,#5320,#5321,#5322,#5323),.UNSPECIFIED.,.F.,.F.,(4,1,1,1,1,1,1,1,1,1,1,1,1,1,1,1,4),(0.,0.08385173747593226,0.16325884633653623,0.23847404653220058,0.30960290383793654,0.3771530832008621,0.44086985079209207,0.5016425459636649,0.5597851030970115,0.6157709262310798,0.6700749127281272,0.7232973495226178,0.7765166028333292,0.8299113005165635,0.8843723073133106,0.9408228510991106,1.),.UNSPECIFIED.);
#5325=TRIMMED_CURVE('',#5324,(PARAMETER_VALUE(0.)),(PARAMETER_VALUE(1.)),.T.,.PARAMETER.);
#5326=EDGE_CURVE('',#3757,#3782,#5325,.T.);
#5327=ORIENTED_EDGE('',*,*,#5326,.F.);
#5328=CARTESIAN_POINT('',(0.006760897452371164,0.021991830306217167,0.));
#5329=CARTESIAN_POINT('',(0.006761359519415185,0.021975474676704763,0.));
#5330=CARTESIAN_POINT('',(0.00676225964595174,0.02194361320478917,0.));
#5331=CARTESIAN_POINT('',(0.006768794457148635,0.021897259102164512,0.));
#5332=CARTESIAN_POINT('',(0.00678004081458216,0.02185382945400373,0.));
#5333=CARTESIAN_POINT('',(0.006791280078203918,0.02182683446289848,0.));
#5334=CARTESIAN_POINT('',(0.006796803223459347,0.021813568713285256,0.));
#5335=B_SPLINE_CURVE_WITH_KNOTS('',3,(#5328,#5329,#5330,#5331,#5332,#5333,#5334),.UNSPECIFIED.,.F.,.F.,(4,1,1,1,4),(0.,0.26777210291056297,0.5216316088716404,0.7649224897001318,0.9999999999999999),.UNSPECIFIED.);
#5336=TRIMMED_CURVE('',#5335,(PARAMETER_VALUE(0.)),(PARAMETER_VALUE(0.9999999999999999)),.T.,.PARAMETER.);
#5337=EDGE_CURVE('',#3745,#3757,#5336,.T.);
#5338=ORIENTED_EDGE('',*,*,#5337,.F.);
#5339=CARTESIAN_POINT('',(0.006796803223459346,0.021813568713285252,0.));
#5340=DIRECTION('',(1.,0.,0.));
#5341=VECTOR('',#5340,1.);
#5342=LINE('',#5339,#5341);
#5343=EDGE_CURVE('',#3736,#3745,#5342,.T.);
#5344=ORIENTED_EDGE('',*,*,#5343,.F.);
#5345=CARTESIAN_POINT('',(0.0069095895867598706,0.021813568713285252,0.));
#5346=CARTESIAN_POINT('',(0.006905258848527841,0.0218206192736815,0.));
#5347=CARTESIAN_POINT('',(0.006896674628073249,0.02183459461957568,0.));
#5348=CARTESIAN_POINT('',(0.006885792092058554,0.021856400784282214,0.));
#5349=CARTESIAN_POINT('',(0.006876336786196627,0.02187850238971471,0.));
#5350=CARTESIAN_POINT('',(0.0068688083783633655,0.021901056887003893,0.));
#5351=CARTESIAN_POINT('',(0.006862852398048357,0.02192391765143659,0.));
#5352=CARTESIAN_POINT('',(0.006858602207992368,0.021947137729777435,0.));
#5353=CARTESIAN_POINT('',(0.006856009409424927,0.021970720190800163,0.));
#5354=CARTESIAN_POINT('',(0.006855683156674566,0.021986614004181938,0.));
#5355=CARTESIAN_POINT('',(0.006855519719709432,0.02199457604165332,0.));
#5356=B_SPLINE_CURVE_WITH_KNOTS('',3,(#5345,#5346,#5347,#5348,#5349,#5350,#5351,#5352,#5353,#5354,#5355),.UNSPECIFIED.,.F.,.F.,(4,1,1,1,1,1,1,1,4),(0.,0.12955472041821922,0.25679831507188494,0.3813320792995633,0.5058316584576903,0.6288720638369752,0.7510843389919896,0.8753052038201276,1.),.UNSPECIFIED.);
#5357=TRIMMED_CURVE('',#5356,(PARAMETER_VALUE(0.)),(PARAMETER_VALUE(1.)),.T.,.PARAMETER.);
#5358=EDGE_CURVE('',#3719,#3736,#5357,.T.);
#5359=ORIENTED_EDGE('',*,*,#5358,.F.);
#5360=CARTESIAN_POINT('',(0.006855519719709432,0.02199457604165332,0.));
#5361=CARTESIAN_POINT('',(0.006855788740638188,0.022005796781430706,0.));
#5362=CARTESIAN_POINT('',(0.006856316678956587,0.022027816846994674,0.));
#5363=CARTESIAN_POINT('',(0.006862105088713871,0.022059821114706463,0.));
#5364=CARTESIAN_POINT('',(0.0068707750120890025,0.022090171811583296,0.));
#5365=CARTESIAN_POINT('',(0.006883724078951252,0.02211833377322676,0.));
#5366=CARTESIAN_POINT('',(0.006899537135658873,0.022144783632217932,0.));
#5367=CARTESIAN_POINT('',(0.006919048742377886,0.02216902364773767,0.));
#5368=CARTESIAN_POINT('',(0.006941687372700585,0.022191270152510826,0.));
#5369=CARTESIAN_POINT('',(0.0069677352590169755,0.022211183639794043,0.));
#5370=CARTESIAN_POINT('',(0.006996860018514274,0.022228940076164695,0.));
#5371=CARTESIAN_POINT('',(0.007029148100476272,0.0222446471181571,0.));
#5372=CARTESIAN_POINT('',(0.007064701649553745,0.022257806767699714,0.));
#5373=CARTESIAN_POINT('',(0.007103266859916627,0.0222687652253535,0.));
#5374=CARTESIAN_POINT('',(0.007144849522163839,0.022277354849659287,0.));
#5375=CARTESIAN_POINT('',(0.007189347828251043,0.022283698427393417,0.));
#5376=CARTESIAN_POINT('',(0.007236909038107081,0.022287203003574195,0.));
#5377=CARTESIAN_POINT('',(0.0072695569887014765,0.022287694114985976,0.));
#5378=CARTESIAN_POINT('',(0.007286388972767614,0.022287947312485585,0.));
#5379=B_SPLINE_CURVE_WITH_KNOTS('',3,(#5360,#5361,#5362,#5363,#5364,#5365,#5366,#5367,#5368,#5369,#5370,#5371,#5372,#5373,#5374,#5375,#5376,#5377,#5378),.UNSPECIFIED.,.F.,.F.,(4,1,1,1,1,1,1,1,1,1,1,1,1,1,1,1,4),(0.,0.057335267788295396,0.11251721195520642,0.16584765710232305,0.21839531071740376,0.270586318738933,0.32311916046225453,0.37710947849777615,0.4325762693795917,0.4904519168426405,0.5513364260749527,0.6159548590924063,0.6841238680468292,0.7562398693233335,0.8329944040179916,0.9138985608791124,1.),.UNSPECIFIED.);
#5380=TRIMMED_CURVE('',#5379,(PARAMETER_VALUE(0.)),(PARAMETER_VALUE(1.)),.T.,.PARAMETER.);
#5381=EDGE_CURVE('',#3695,#3719,#5380,.T.);
#5382=ORIENTED_EDGE('',*,*,#5381,.F.);
#5383=CARTESIAN_POINT('',(0.007286388972767614,0.022287947312485585,0.));
#5384=DIRECTION('',(0.,-1.,0.));
#5385=VECTOR('',#5384,1.);
#5386=LINE('',#5383,#5385);
#5387=EDGE_CURVE('',#3686,#3695,#5386,.T.);
#5388=ORIENTED_EDGE('',*,*,#5387,.F.);
#5389=CARTESIAN_POINT('',(0.007286388972767614,0.02228520157704943,0.));
#5390=CARTESIAN_POINT('',(0.007275795815548462,0.02227949921356667,0.));
#5391=CARTESIAN_POINT('',(0.00725510990217493,0.02226836385565698,0.));
#5392=CARTESIAN_POINT('',(0.0072276369598144,0.022247268064841383,0.));
#5393=CARTESIAN_POINT('',(0.0072044302371422585,0.02222304176182317,0.));
#5394=CARTESIAN_POINT('',(0.007185436007300882,0.02219576061338045,0.));
#5395=CARTESIAN_POINT('',(0.007170820663395794,0.02216534241412936,0.));
#5396=CARTESIAN_POINT('',(0.007160137127811914,0.022132046493670017,0.));
#5397=CARTESIAN_POINT('',(0.00715409231117445,0.022095613025182596,0.));
#5398=CARTESIAN_POINT('',(0.007153308709085398,0.022070352354001635,0.));
#5399=CARTESIAN_POINT('',(0.007152903988486844,0.022057305535848556,0.));
#5400=B_SPLINE_CURVE_WITH_KNOTS('',3,(#5389,#5390,#5391,#5392,#5393,#5394,#5395,#5396,#5397,#5398,#5399),.UNSPECIFIED.,.F.,.F.,(4,1,1,1,1,1,1,1,4),(0.,0.12872191285944284,0.2513632417227611,0.3692535476383547,0.48683464521937153,0.6059059960645435,0.7294576571877989,0.8602682912067922,1.),.UNSPECIFIED.);
#5401=TRIMMED_CURVE('',#5400,(PARAMETER_VALUE(0.)),(PARAMETER_VALUE(1.)),.T.,.PARAMETER.);
#5402=EDGE_CURVE('',#3669,#3686,#5401,.T.);
#5403=ORIENTED_EDGE('',*,*,#5402,.F.);
#5404=CARTESIAN_POINT('',(0.007152903988486844,0.022057305535848556,0.));
#5405=CARTESIAN_POINT('',(0.007153203500481599,0.022046592124395664,0.));
#5406=CARTESIAN_POINT('',(0.007153793080930282,0.022025503092764395,0.));
#5407=CARTESIAN_POINT('',(0.007157996575989539,0.021994461667728036,0.));
#5408=CARTESIAN_POINT('',(0.007165478531876224,0.02196485257110402,0.));
#5409=CARTESIAN_POINT('',(0.00717555778223661,0.021936636139021186,0.));
#5410=CARTESIAN_POINT('',(0.00718852166529607,0.021910232178721005,0.));
#5411=CARTESIAN_POINT('',(0.007203809283657753,0.021885487562453603,0.));
#5412=CARTESIAN_POINT('',(0.00722161413803518,0.021862647346293434,0.));
#5413=CARTESIAN_POINT('',(0.007241711746838069,0.021841692014841856,0.));
#5414=CARTESIAN_POINT('',(0.0072640243705500325,0.021822824831603593,0.));
#5415=CARTESIAN_POINT('',(0.007288381691223009,0.021806021704517283,0.));
#5416=CARTESIAN_POINT('',(0.007314963761899264,0.02179176826659711,0.));
#5417=CARTESIAN_POINT('',(0.007343248664076179,0.021779317749435465,0.));
#5418=CARTESIAN_POINT('',(0.007373491650732,0.0217700464964688,0.));
#5419=CARTESIAN_POINT('',(0.007405159611359444,0.021762878034518773,0.));
#5420=CARTESIAN_POINT('',(0.007438432848218938,0.021758958493188256,0.));
#5421=CARTESIAN_POINT('',(0.007461121108873294,0.021758336939440695,0.));
#5422=CARTESIAN_POINT('',(0.0074726765615898295,0.021758020373307655,0.));
#5423=B_SPLINE_CURVE_WITH_KNOTS('',3,(#5404,#5405,#5406,#5407,#5408,#5409,#5410,#5411,#5412,#5413,#5414,#5415,#5416,#5417,#5418,#5419,#5420,#5421,#5422),.UNSPECIFIED.,.F.,.F.,(4,1,1,1,1,1,1,1,1,1,1,1,1,1,1,1,4),(0.,0.06544074740788547,0.12881816386188075,0.19088178626213617,0.25169298968127835,0.31151213541547235,0.37022963710507145,0.42907300710994023,0.4880827390934935,0.5472802411697062,0.6072846241734537,0.6684839171893076,0.7312808186377048,0.7957548465934905,0.8613889201165323,0.9294034124526839,1.),.UNSPECIFIED.);
#5424=TRIMMED_CURVE('',#5423,(PARAMETER_VALUE(0.)),(PARAMETER_VALUE(1.)),.T.,.PARAMETER.);
#5425=EDGE_CURVE('',#3644,#3669,#5424,.T.);
#5426=ORIENTED_EDGE('',*,*,#5425,.F.);
#5427=CARTESIAN_POINT('',(0.007472676561589829,0.02175802037330765,0.));
#5428=CARTESIAN_POINT('',(0.0074850838974085355,0.021758271351424323,0.));
#5429=CARTESIAN_POINT('',(0.007509426279599777,0.02175876375409053,0.));
#5430=CARTESIAN_POINT('',(0.007545042938225639,0.021763607929462737,0.));
#5431=CARTESIAN_POINT('',(0.007579104609630903,0.021771102663192956,0.));
#5432=CARTESIAN_POINT('',(0.007611383527889199,0.02178195150852355,0.));
#5433=CARTESIAN_POINT('',(0.007641847399057933,0.021795371229869482,0.));
#5434=CARTESIAN_POINT('',(0.007670001872853899,0.02181159845123605,0.));
#5435=CARTESIAN_POINT('',(0.00769623838219683,0.021829783271105643,0.));
#5436=CARTESIAN_POINT('',(0.007720171112678569,0.021850471731830332,0.));
#5437=CARTESIAN_POINT('',(0.007741452170526386,0.021873678807353882,0.));
#5438=CARTESIAN_POINT('',(0.007760703526270824,0.021898592180936788,0.));
#5439=CARTESIAN_POINT('',(0.007776927136280168,0.021925941706445615,0.));
#5440=CARTESIAN_POINT('',(0.007790905100877388,0.02195498613675534,0.));
#5441=CARTESIAN_POINT('',(0.007802020870306261,0.021985881494708256,0.));
#5442=CARTESIAN_POINT('',(0.007809335711279473,0.022018397464236412,0.));
#5443=CARTESIAN_POINT('',(0.007814580984329337,0.022052067525169083,0.));
#5444=CARTESIAN_POINT('',(0.00781503149684339,0.022075026148581093,0.));
#5445=CARTESIAN_POINT('',(0.007815259859854717,0.0220866637839736,0.));
#5446=B_SPLINE_CURVE_WITH_KNOTS('',3,(#5427,#5428,#5429,#5430,#5431,#5432,#5433,#5434,#5435,#5436,#5437,#5438,#5439,#5440,#5441,#5442,#5443,#5444,#5445),.UNSPECIFIED.,.F.,.F.,(4,1,1,1,1,1,1,1,1,1,1,1,1,1,1,1,4),(0.,0.06993561740149906,0.1372091118063338,0.20232490965095903,0.26635921376835403,0.3289266511949097,0.38974754490515234,0.4493377551899528,0.5087265660467991,0.5677278850932018,0.626651667536385,0.6859607903563663,0.7466973861831203,0.8082333517713112,0.8706405876355133,0.9344282255660015,1.),.UNSPECIFIED.);
#5447=TRIMMED_CURVE('',#5446,(PARAMETER_VALUE(0.)),(PARAMETER_VALUE(1.)),.T.,.PARAMETER.);
#5448=EDGE_CURVE('',#3642,#3644,#5447,.T.);
#5449=ORIENTED_EDGE('',*,*,#5448,.F.);
#5450=EDGE_LOOP('',(#5304,#5327,#5338,#5344,#5359,#5382,#5388,#5403,#5426,#5449));
#5451=FACE_BOUND('',#5450,.T.);
#5452=ADVANCED_FACE('',(#5281,#5451),#24,.T.);
#5453=CARTESIAN_POINT('',(0.006855519719709432,0.020995761974147372,0.));
#5454=CARTESIAN_POINT('',(0.0068558551178463665,0.02100416081469816,0.));
#5455=CARTESIAN_POINT('',(0.006856512046455945,0.021020611230003143,0.));
#5456=CARTESIAN_POINT('',(0.006861355107297331,0.021044554256221742,0.));
#5457=CARTESIAN_POINT('',(0.0068699768988795306,0.02106670971319285,0.));
#5458=CARTESIAN_POINT('',(0.0068816745449568496,0.021087318306207078,0.));
#5459=CARTESIAN_POINT('',(0.006896996137101549,0.021105996210230456,0.));
#5460=CARTESIAN_POINT('',(0.006915297601139115,0.021123295419811387,0.));
#5461=CARTESIAN_POINT('',(0.006937172928485422,0.02113867038200576,0.));
#5462=CARTESIAN_POINT('',(0.006962164221026039,0.021152689999511583,0.));
#5463=CARTESIAN_POINT('',(0.006990751211338437,0.02116457327336007,0.));
#5464=CARTESIAN_POINT('',(0.007022475163619081,0.02117503799771615,0.));
#5465=CARTESIAN_POINT('',(0.007057427715026723,0.021184206710461676,0.));
#5466=CARTESIAN_POINT('',(0.007095798123108945,0.021191169516953892,0.));
#5467=CARTESIAN_POINT('',(0.007137381395845226,0.021196810568711283,0.));
#5468=CARTESIAN_POINT('',(0.007182255138493073,0.02120110099384327,0.));
#5469=CARTESIAN_POINT('',(0.007230466605765455,0.021203279414479328,0.));
#5470=CARTESIAN_POINT('',(0.007263717181573269,0.021203625444799035,0.));
#5471=CARTESIAN_POINT('',(0.007280897501895304,0.021203804236040662,0.));
#5472=B_SPLINE_CURVE_WITH_KNOTS('',3,(#5453,#5454,#5455,#5456,#5457,#5458,#5459,#5460,#5461,#5462,#5463,#5464,#5465,#5466,#5467,#5468,#5469,#5470,#5471),.UNSPECIFIED.,.F.,.F.,(4,1,1,1,1,1,1,1,1,1,1,1,1,1,1,1,4),(0.,0.047898880593517344,0.09381729223720991,0.13856698710957083,0.18300019569704767,0.22840999606351028,0.27585552205687175,0.3262293550249424,0.38052779123762553,0.43900927258426803,0.502508615427303,0.5709867024413224,0.6449485825115202,0.724804402767206,0.8103227188539138,0.9019951874897485,1.),.UNSPECIFIED.);
#5473=CARTESIAN_POINT('',(0.007280897501895304,0.021203804236040662,0.));
#5474=VERTEX_POINT('',#5473);
#5475=CARTESIAN_POINT('',(0.006855519719709432,0.020995761974147372,0.));
#5476=VERTEX_POINT('',#5475);
#5477=TRIMMED_CURVE('',#5472,(PARAMETER_VALUE(0.)),(PARAMETER_VALUE(1.)),.T.,.PARAMETER.);
#5478=EDGE_CURVE('',#5474,#5476,#5477,.T.);
#5479=ORIENTED_EDGE('',*,*,#5478,.F.);
#5480=CARTESIAN_POINT('',(0.007280897501895304,0.021203804236040662,0.));
#5481=CARTESIAN_POINT('',(0.007298641396574577,0.02120363095245578,0.));
#5482=CARTESIAN_POINT('',(0.007333018534995399,0.021203295231697096,0.));
#5483=CARTESIAN_POINT('',(0.007382905783074355,0.02120103615783806,0.));
#5484=CARTESIAN_POINT('',(0.007429332074975833,0.021197026556182975,0.));
#5485=CARTESIAN_POINT('',(0.007472349016817241,0.021191655682707262,0.));
#5486=CARTESIAN_POINT('',(0.00751192427179796,0.021184540946990033,0.));
#5487=CARTESIAN_POINT('',(0.0075480481177926575,0.021175736530500217,0.));
#5488=CARTESIAN_POINT('',(0.007580744815310464,0.02116541659311785,0.));
#5489=CARTESIAN_POINT('',(0.0076100848914349645,0.02115368419078407,0.));
#5490=CARTESIAN_POINT('',(0.0076360634786281235,0.021140202533438415,0.));
#5491=CARTESIAN_POINT('',(0.007658584644301426,0.02112494264371242,0.));
#5492=CARTESIAN_POINT('',(0.0076779385344593765,0.021108277920734927,0.));
#5493=CARTESIAN_POINT('',(0.007693481606415906,0.021089657533562473,0.));
#5494=CARTESIAN_POINT('',(0.007705873237723497,0.02106960904880668,0.));
#5495=CARTESIAN_POINT('',(0.0077141819281206885,0.02104771770459441,0.));
#5496=CARTESIAN_POINT('',(0.007719817636795345,0.02102441822603252,0.));
#5497=CARTESIAN_POINT('',(0.007720359979018635,0.021008258171944145,0.));
#5498=CARTESIAN_POINT('',(0.007720637592516449,0.02099998618251069,0.));
#5499=B_SPLINE_CURVE_WITH_KNOTS('',3,(#5480,#5481,#5482,#5483,#5484,#5485,#5486,#5487,#5488,#5489,#5490,#5491,#5492,#5493,#5494,#5495,#5496,#5497,#5498),.UNSPECIFIED.,.F.,.F.,(4,1,1,1,1,1,1,1,1,1,1,1,1,1,1,1,4),(0.,0.0992923304982293,0.192369615090841,0.27936510963280925,0.35999382109809386,0.4348735713720952,0.5042443113760201,0.5679124427876094,0.626585839406918,0.6808619306036273,0.7313451491954646,0.7785243062768836,0.8232669504068525,0.8665765119292147,0.9097406877460035,0.9537981696625029,1.),.UNSPECIFIED.);
#5500=CARTESIAN_POINT('',(0.007720637592516449,0.02099998618251069,0.));
#5501=VERTEX_POINT('',#5500);
#5502=TRIMMED_CURVE('',#5499,(PARAMETER_VALUE(0.)),(PARAMETER_VALUE(1.)),.T.,.PARAMETER.);
#5503=EDGE_CURVE('',#5501,#5474,#5502,.T.);
#5504=ORIENTED_EDGE('',*,*,#5503,.F.);
#5505=CARTESIAN_POINT('',(0.007720637592516449,0.02099998618251069,0.));
#5506=CARTESIAN_POINT('',(0.007720344403860537,0.02099129816726886,0.));
#5507=CARTESIAN_POINT('',(0.0077197689598803906,0.02097424612255464,0.));
#5508=CARTESIAN_POINT('',(0.0077143220671517165,0.02094960089205763,0.));
#5509=CARTESIAN_POINT('',(0.007705570454434999,0.020926570534142517,0.));
#5510=CARTESIAN_POINT('',(0.0076932492611086895,0.020905235176042293,0.));
#5511=CARTESIAN_POINT('',(0.007677018493674255,0.020885886072232848,0.));
#5512=CARTESIAN_POINT('',(0.007657633705113192,0.02086798332085947,0.));
#5513=CARTESIAN_POINT('',(0.0076346518980121994,0.020851942147362065,0.));
#5514=CARTESIAN_POINT('',(0.0076081560573161644,0.020837888074344404,0.));
#5515=CARTESIAN_POINT('',(0.007578382128812473,0.02082512743462422,0.));
#5516=CARTESIAN_POINT('',(0.007545006945384496,0.020814258252642354,0.));
#5517=CARTESIAN_POINT('',(0.007508097204376021,0.02080536049801243,0.));
#5518=CARTESIAN_POINT('',(0.007467860619049759,0.02079771472629518,0.));
#5519=CARTESIAN_POINT('',(0.0074241385052552285,0.02079191762669922,0.));
#5520=CARTESIAN_POINT('',(0.007376924132226138,0.02078775404584537,0.));
#5521=CARTESIAN_POINT('',(0.007326195045413165,0.02078520678001188,0.));
#5522=CARTESIAN_POINT('',(0.007291179492986807,0.02078491405359207,0.));
#5523=CARTESIAN_POINT('',(0.00727308271642317,0.02078476276639976,0.));
#5524=B_SPLINE_CURVE_WITH_KNOTS('',3,(#5505,#5506,#5507,#5508,#5509,#5510,#5511,#5512,#5513,#5514,#5515,#5516,#5517,#5518,#5519,#5520,#5521,#5522,#5523),.UNSPECIFIED.,.F.,.F.,(4,1,1,1,1,1,1,1,1,1,1,1,1,1,1,1,4),(0.,0.04725749774986817,0.09275271074959049,0.1366847452972183,0.1810065246021162,0.22621814431052645,0.2736990683396663,0.3243307315329003,0.3783679813829029,0.4367653053027071,0.5005384505931368,0.5692564522506938,0.6433979796875157,0.723483958967792,0.8093247031441975,0.901454982020884,1.),.UNSPECIFIED.);
#5525=CARTESIAN_POINT('',(0.00727308271642317,0.02078476276639976,0.));
#5526=VERTEX_POINT('',#5525);
#5527=TRIMMED_CURVE('',#5524,(PARAMETER_VALUE(0.)),(PARAMETER_VALUE(1.)),.T.,.PARAMETER.);
#5528=EDGE_CURVE('',#5526,#5501,#5527,.T.);
#5529=ORIENTED_EDGE('',*,*,#5528,.F.);
#5530=CARTESIAN_POINT('',(0.00727308271642317,0.02078476276639976,0.));
#5531=CARTESIAN_POINT('',(0.007256252552894577,0.02078490883093387,0.));
#5532=CARTESIAN_POINT('',(0.007223628105649957,0.02078519196987541,0.));
#5533=CARTESIAN_POINT('',(0.007176288595304356,0.020787823432617408,0.));
#5534=CARTESIAN_POINT('',(0.007132164951956499,0.020791705384869748,0.));
#5535=CARTESIAN_POINT('',(0.007091227563947496,0.020797248965691725,0.));
#5536=CARTESIAN_POINT('',(0.007053716140694353,0.02080499641941694,0.));
#5537=CARTESIAN_POINT('',(0.007019282520741502,0.020813566862375614,0.));
#5538=CARTESIAN_POINT('',(0.006988239912634653,0.020824453213482745,0.));
#5539=CARTESIAN_POINT('',(0.006960357463967612,0.020836800291142755,0.));
#5540=CARTESIAN_POINT('',(0.0069355858401087865,0.020850680426776513,0.));
#5541=CARTESIAN_POINT('',(0.006914234926990534,0.020866436216093527,0.));
#5542=CARTESIAN_POINT('',(0.006896024413634703,0.020883776158250045,0.));
#5543=CARTESIAN_POINT('',(0.00688133764168117,0.02090301638770407,0.));
#5544=CARTESIAN_POINT('',(0.006869665957137684,0.02092380643479855,0.));
#5545=CARTESIAN_POINT('',(0.006861453244687577,0.020946334837790015,0.));
#5546=CARTESIAN_POINT('',(0.006856473764161919,0.020970552209049496,0.));
#5547=CARTESIAN_POINT('',(0.006855843019782976,0.020987219060985517,0.));
#5548=CARTESIAN_POINT('',(0.006855519719709432,0.020995761974147372,0.));
#5549=B_SPLINE_CURVE_WITH_KNOTS('',3,(#5530,#5531,#5532,#5533,#5534,#5535,#5536,#5537,#5538,#5539,#5540,#5541,#5542,#5543,#5544,#5545,#5546,#5547,#5548),.UNSPECIFIED.,.F.,.F.,(4,1,1,1,1,1,1,1,1,1,1,1,1,1,1,1,4),(0.,0.09692320320203035,0.18788087972358325,0.272975588831674,0.3519952361132579,0.42563194456442804,0.49349135631793634,0.5561992760099665,0.6148257976181064,0.6689417598424583,0.719384468860171,0.7672739993087909,0.8132579637726898,0.8582735080688018,0.9040711713262936,0.9508298473986628,1.),.UNSPECIFIED.);
#5550=TRIMMED_CURVE('',#5549,(PARAMETER_VALUE(0.)),(PARAMETER_VALUE(1.)),.T.,.PARAMETER.);
#5551=EDGE_CURVE('',#5476,#5526,#5550,.T.);
#5552=ORIENTED_EDGE('',*,*,#5551,.F.);
#5553=EDGE_LOOP('',(#5479,#5504,#5529,#5552));
#5554=FACE_OUTER_BOUND('',#5553,.T.);
#5555=ADVANCED_FACE('',(#5554),#24,.T.);
#5556=CARTESIAN_POINT('',(0.006923107053522481,0.021541107273851407,0.));
#5557=CARTESIAN_POINT('',(0.006922873011821175,0.02154664150160249,0.));
#5558=CARTESIAN_POINT('',(0.00692241683209539,0.021557428478811428,0.));
#5559=CARTESIAN_POINT('',(0.006917344430171041,0.021572768939718205,0.));
#5560=CARTESIAN_POINT('',(0.00691002918264217,0.02158703008936683,0.));
#5561=CARTESIAN_POINT('',(0.006899332465431275,0.02159932018358157,0.));
#5562=CARTESIAN_POINT('',(0.006886771834864256,0.021609645496477817,0.));
#5563=CARTESIAN_POINT('',(0.00687277545079272,0.021617368781781148,0.));
#5564=CARTESIAN_POINT('',(0.0068575019246359305,0.02162205581743351,0.));
#5565=CARTESIAN_POINT('',(0.006846963365915727,0.021622578630855878,0.));
#5566=CARTESIAN_POINT('',(0.006841579832110491,0.02162284570568156,0.));
#5567=B_SPLINE_CURVE_WITH_KNOTS('',3,(#5556,#5557,#5558,#5559,#5560,#5561,#5562,#5563,#5564,#5565,#5566),.UNSPECIFIED.,.F.,.F.,(4,1,1,1,1,1,1,1,4),(0.,0.1290732688816212,0.25158169709146605,0.37470941720392903,0.5021731779379329,0.6298498752733152,0.7537583192723422,0.8742095150151888,1.),.UNSPECIFIED.);
#5568=TRIMMED_CURVE('',#5567,(PARAMETER_VALUE(0.)),(PARAMETER_VALUE(1.)),.T.,.PARAMETER.);
#5569=EDGE_CURVE('',#3564,#3566,#5568,.T.);
#5570=ORIENTED_EDGE('',*,*,#5569,.T.);
#5571=CARTESIAN_POINT('',(0.006841579832110491,0.021460636104530244,0.));
#5572=CARTESIAN_POINT('',(0.006846968619291398,0.021460893242824935,0.));
#5573=CARTESIAN_POINT('',(0.006857517461778733,0.021461396604950243,0.));
#5574=CARTESIAN_POINT('',(0.006872652258339479,0.021466205964947353,0.));
#5575=CARTESIAN_POINT('',(0.0068868900333511375,0.02147332789866919,0.));
#5576=CARTESIAN_POINT('',(0.00689932048401333,0.021483770567484677,0.));
#5577=CARTESIAN_POINT('',(0.006909968156843012,0.021495987069087234,0.));
#5578=CARTESIAN_POINT('',(0.0069173486074742855,0.02151006825236452,0.));
#5579=CARTESIAN_POINT('',(0.006922393164547018,0.021525137327880414,0.));
#5580=CARTESIAN_POINT('',(0.006922865988911461,0.021535714574221862,0.));
#5581=CARTESIAN_POINT('',(0.006923107053522481,0.021541107273851407,0.));
#5582=B_SPLINE_CURVE_WITH_KNOTS('',3,(#5571,#5572,#5573,#5574,#5575,#5576,#5577,#5578,#5579,#5580,#5581),.UNSPECIFIED.,.F.,.F.,(4,1,1,1,1,1,1,1,4),(0.,0.12678626212756977,0.2481909683648934,0.37152383839135844,0.5002112444213173,0.6286840282104541,0.7513213011367124,0.8732137378724105,1.),.UNSPECIFIED.);
#5583=TRIMMED_CURVE('',#5582,(PARAMETER_VALUE(0.)),(PARAMETER_VALUE(1.)),.T.,.PARAMETER.);
#5584=EDGE_CURVE('',#3566,#3583,#5583,.T.);
#5585=ORIENTED_EDGE('',*,*,#5584,.T.);
#5586=CARTESIAN_POINT('',(0.006760897452371165,0.021541107273851407,0.));
#5587=CARTESIAN_POINT('',(0.0067611669664088625,0.021535724989200106,0.));
#5588=CARTESIAN_POINT('',(0.0067616945547207315,0.021525188875766318,0.));
#5589=CARTESIAN_POINT('',(0.006766328463409619,0.021509957107961303,0.));
#5590=CARTESIAN_POINT('',(0.0067741124157832695,0.021496123976960994,0.));
#5591=CARTESIAN_POINT('',(0.006784422792095548,0.0214837511604541,0.));
#5592=CARTESIAN_POINT('',(0.0067966611971759005,0.021473417469930263,0.));
#5593=CARTESIAN_POINT('',(0.006810595302739287,0.02146610607517034,0.));
#5594=CARTESIAN_POINT('',(0.00682565065473653,0.021461412907949215,0.));
#5595=CARTESIAN_POINT('',(0.006836193902795904,0.021460898755149775,0.));
#5596=CARTESIAN_POINT('',(0.006841579832110491,0.021460636104530244,0.));
#5597=B_SPLINE_CURVE_WITH_KNOTS('',3,(#5586,#5587,#5588,#5589,#5590,#5591,#5592,#5593,#5594,#5595,#5596),.UNSPECIFIED.,.F.,.F.,(4,1,1,1,1,1,1,1,4),(0.,0.12742151516581404,0.2494345105599845,0.37348648291104714,0.5015299160897823,0.6295733492685333,0.7505654894400132,0.8725784848342053,1.),.UNSPECIFIED.);
#5598=TRIMMED_CURVE('',#5597,(PARAMETER_VALUE(0.)),(PARAMETER_VALUE(1.)),.T.,.PARAMETER.);
#5599=EDGE_CURVE('',#3583,#3600,#5598,.T.);
#5600=ORIENTED_EDGE('',*,*,#5599,.T.);
#5601=CARTESIAN_POINT('',(0.006841579832110491,0.02162284570568156,0.));
#5602=CARTESIAN_POINT('',(0.006836199415118652,0.02162257295594892,0.));
#5603=CARTESIAN_POINT('',(0.006825666957729319,0.02162203903358912,0.));
#5604=CARTESIAN_POINT('',(0.006810468073464895,0.021617469245174433,0.));
#5605=CARTESIAN_POINT('',(0.0067967824418474435,0.021609557459097695,0.));
#5606=CARTESIAN_POINT('',(0.0067844103967252935,0.021599339470211663,0.));
#5607=CARTESIAN_POINT('',(0.006774051944657767,0.021586893653681796,0.));
#5608=CARTESIAN_POINT('',(0.006766331372509847,0.02157287926585873,0.));
#5609=CARTESIAN_POINT('',(0.006761672627264434,0.021557376963519177,0.));
#5610=CARTESIAN_POINT('',(0.006761160630514826,0.021546630965036295,0.));
#5611=CARTESIAN_POINT('',(0.006760897452371165,0.021541107273851407,0.));
#5612=B_SPLINE_CURVE_WITH_KNOTS('',3,(#5601,#5602,#5603,#5604,#5605,#5606,#5607,#5608,#5609,#5610,#5611),.UNSPECIFIED.,.F.,.F.,(4,1,1,1,1,1,1,1,4),(0.,0.12641142351316312,0.2474572014951341,0.3690795257864064,0.49610793726446933,0.6231363487425374,0.7476564409665867,0.8702895878110886,1.),.UNSPECIFIED.);
#5613=TRIMMED_CURVE('',#5612,(PARAMETER_VALUE(0.)),(PARAMETER_VALUE(1.)),.T.,.PARAMETER.);
#5614=EDGE_CURVE('',#3600,#3564,#5613,.T.);
#5615=ORIENTED_EDGE('',*,*,#5614,.T.);
#5616=EDGE_LOOP('',(#5570,#5585,#5600,#5615));
#5617=FACE_OUTER_BOUND('',#5616,.T.);
#5618=ADVANCED_FACE('',(#5617),#24,.T.);
#5619=CARTESIAN_POINT('',(0.006855519719709432,0.020995761974147372,0.));
#5620=CARTESIAN_POINT('',(0.0068558551178463665,0.02100416081469816,0.));
#5621=CARTESIAN_POINT('',(0.006856512046455945,0.021020611230003143,0.));
#5622=CARTESIAN_POINT('',(0.006861355107297331,0.021044554256221742,0.));
#5623=CARTESIAN_POINT('',(0.0068699768988795306,0.02106670971319285,0.));
#5624=CARTESIAN_POINT('',(0.0068816745449568496,0.021087318306207078,0.));
#5625=CARTESIAN_POINT('',(0.006896996137101549,0.021105996210230456,0.));
#5626=CARTESIAN_POINT('',(0.006915297601139115,0.021123295419811387,0.));
#5627=CARTESIAN_POINT('',(0.006937172928485422,0.02113867038200576,0.));
#5628=CARTESIAN_POINT('',(0.006962164221026039,0.021152689999511583,0.));
#5629=CARTESIAN_POINT('',(0.006990751211338437,0.02116457327336007,0.));
#5630=CARTESIAN_POINT('',(0.007022475163619081,0.02117503799771615,0.));
#5631=CARTESIAN_POINT('',(0.007057427715026723,0.021184206710461676,0.));
#5632=CARTESIAN_POINT('',(0.007095798123108945,0.021191169516953892,0.));
#5633=CARTESIAN_POINT('',(0.007137381395845226,0.021196810568711283,0.));
#5634=CARTESIAN_POINT('',(0.007182255138493073,0.02120110099384327,0.));
#5635=CARTESIAN_POINT('',(0.007230466605765455,0.021203279414479328,0.));
#5636=CARTESIAN_POINT('',(0.007263717181573269,0.021203625444799035,0.));
#5637=CARTESIAN_POINT('',(0.007280897501895304,0.021203804236040662,0.));
#5638=B_SPLINE_CURVE_WITH_KNOTS('',3,(#5619,#5620,#5621,#5622,#5623,#5624,#5625,#5626,#5627,#5628,#5629,#5630,#5631,#5632,#5633,#5634,#5635,#5636,#5637),.UNSPECIFIED.,.F.,.F.,(4,1,1,1,1,1,1,1,1,1,1,1,1,1,1,1,4),(0.,0.047898880593517344,0.09381729223720991,0.13856698710957083,0.18300019569704767,0.22840999606351028,0.27585552205687175,0.3262293550249424,0.38052779123762553,0.43900927258426803,0.502508615427303,0.5709867024413224,0.6449485825115202,0.724804402767206,0.8103227188539138,0.9019951874897485,1.),.UNSPECIFIED.);
#5639=TRIMMED_CURVE('',#5638,(PARAMETER_VALUE(0.)),(PARAMETER_VALUE(1.)),.T.,.PARAMETER.);
#5640=EDGE_CURVE('',#5474,#5476,#5639,.T.);
#5641=ORIENTED_EDGE('',*,*,#5640,.F.);
#5642=CARTESIAN_POINT('',(0.007280897501895304,0.021203804236040662,0.));
#5643=CARTESIAN_POINT('',(0.007298641396574577,0.02120363095245578,0.));
#5644=CARTESIAN_POINT('',(0.007333018534995399,0.021203295231697096,0.));
#5645=CARTESIAN_POINT('',(0.007382905783074355,0.02120103615783806,0.));
#5646=CARTESIAN_POINT('',(0.007429332074975833,0.021197026556182975,0.));
#5647=CARTESIAN_POINT('',(0.007472349016817241,0.021191655682707262,0.));
#5648=CARTESIAN_POINT('',(0.00751192427179796,0.021184540946990033,0.));
#5649=CARTESIAN_POINT('',(0.0075480481177926575,0.021175736530500217,0.));
#5650=CARTESIAN_POINT('',(0.007580744815310464,0.02116541659311785,0.));
#5651=CARTESIAN_POINT('',(0.0076100848914349645,0.02115368419078407,0.));
#5652=CARTESIAN_POINT('',(0.0076360634786281235,0.021140202533438415,0.));
#5653=CARTESIAN_POINT('',(0.007658584644301426,0.02112494264371242,0.));
#5654=CARTESIAN_POINT('',(0.0076779385344593765,0.021108277920734927,0.));
#5655=CARTESIAN_POINT('',(0.007693481606415906,0.021089657533562473,0.));
#5656=CARTESIAN_POINT('',(0.007705873237723497,0.02106960904880668,0.));
#5657=CARTESIAN_POINT('',(0.0077141819281206885,0.02104771770459441,0.));
#5658=CARTESIAN_POINT('',(0.007719817636795345,0.02102441822603252,0.));
#5659=CARTESIAN_POINT('',(0.007720359979018635,0.021008258171944145,0.));
#5660=CARTESIAN_POINT('',(0.007720637592516449,0.02099998618251069,0.));
#5661=B_SPLINE_CURVE_WITH_KNOTS('',3,(#5642,#5643,#5644,#5645,#5646,#5647,#5648,#5649,#5650,#5651,#5652,#5653,#5654,#5655,#5656,#5657,#5658,#5659,#5660),.UNSPECIFIED.,.F.,.F.,(4,1,1,1,1,1,1,1,1,1,1,1,1,1,1,1,4),(0.,0.0992923304982293,0.192369615090841,0.27936510963280925,0.35999382109809386,0.4348735713720952,0.5042443113760201,0.5679124427876094,0.626585839406918,0.6808619306036273,0.7313451491954646,0.7785243062768836,0.8232669504068525,0.8665765119292147,0.9097406877460035,0.9537981696625029,1.),.UNSPECIFIED.);
#5662=TRIMMED_CURVE('',#5661,(PARAMETER_VALUE(0.)),(PARAMETER_VALUE(1.)),.T.,.PARAMETER.);
#5663=EDGE_CURVE('',#5501,#5474,#5662,.T.);
#5664=ORIENTED_EDGE('',*,*,#5663,.F.);
#5665=CARTESIAN_POINT('',(0.007720637592516449,0.02099998618251069,0.));
#5666=CARTESIAN_POINT('',(0.007720344403860537,0.02099129816726886,0.));
#5667=CARTESIAN_POINT('',(0.0077197689598803906,0.02097424612255464,0.));
#5668=CARTESIAN_POINT('',(0.0077143220671517165,0.02094960089205763,0.));
#5669=CARTESIAN_POINT('',(0.007705570454434999,0.020926570534142517,0.));
#5670=CARTESIAN_POINT('',(0.0076932492611086895,0.020905235176042293,0.));
#5671=CARTESIAN_POINT('',(0.007677018493674255,0.020885886072232848,0.));
#5672=CARTESIAN_POINT('',(0.007657633705113192,0.02086798332085947,0.));
#5673=CARTESIAN_POINT('',(0.0076346518980121994,0.020851942147362065,0.));
#5674=CARTESIAN_POINT('',(0.0076081560573161644,0.020837888074344404,0.));
#5675=CARTESIAN_POINT('',(0.007578382128812473,0.02082512743462422,0.));
#5676=CARTESIAN_POINT('',(0.007545006945384496,0.020814258252642354,0.));
#5677=CARTESIAN_POINT('',(0.007508097204376021,0.02080536049801243,0.));
#5678=CARTESIAN_POINT('',(0.007467860619049759,0.02079771472629518,0.));
#5679=CARTESIAN_POINT('',(0.0074241385052552285,0.02079191762669922,0.));
#5680=CARTESIAN_POINT('',(0.007376924132226138,0.02078775404584537,0.));
#5681=CARTESIAN_POINT('',(0.007326195045413165,0.02078520678001188,0.));
#5682=CARTESIAN_POINT('',(0.007291179492986807,0.02078491405359207,0.));
#5683=CARTESIAN_POINT('',(0.00727308271642317,0.02078476276639976,0.));
#5684=B_SPLINE_CURVE_WITH_KNOTS('',3,(#5665,#5666,#5667,#5668,#5669,#5670,#5671,#5672,#5673,#5674,#5675,#5676,#5677,#5678,#5679,#5680,#5681,#5682,#5683),.UNSPECIFIED.,.F.,.F.,(4,1,1,1,1,1,1,1,1,1,1,1,1,1,1,1,4),(0.,0.04725749774986817,0.09275271074959049,0.1366847452972183,0.1810065246021162,0.22621814431052645,0.2736990683396663,0.3243307315329003,0.3783679813829029,0.4367653053027071,0.5005384505931368,0.5692564522506938,0.6433979796875157,0.723483958967792,0.8093247031441975,0.901454982020884,1.),.UNSPECIFIED.);
#5685=TRIMMED_CURVE('',#5684,(PARAMETER_VALUE(0.)),(PARAMETER_VALUE(1.)),.T.,.PARAMETER.);
#5686=EDGE_CURVE('',#5526,#5501,#5685,.T.);
#5687=ORIENTED_EDGE('',*,*,#5686,.F.);
#5688=CARTESIAN_POINT('',(0.00727308271642317,0.02078476276639976,0.));
#5689=CARTESIAN_POINT('',(0.007256252552894577,0.02078490883093387,0.));
#5690=CARTESIAN_POINT('',(0.007223628105649957,0.02078519196987541,0.));
#5691=CARTESIAN_POINT('',(0.007176288595304356,0.020787823432617408,0.));
#5692=CARTESIAN_POINT('',(0.007132164951956499,0.020791705384869748,0.));
#5693=CARTESIAN_POINT('',(0.007091227563947496,0.020797248965691725,0.));
#5694=CARTESIAN_POINT('',(0.007053716140694353,0.02080499641941694,0.));
#5695=CARTESIAN_POINT('',(0.007019282520741502,0.020813566862375614,0.));
#5696=CARTESIAN_POINT('',(0.006988239912634653,0.020824453213482745,0.));
#5697=CARTESIAN_POINT('',(0.006960357463967612,0.020836800291142755,0.));
#5698=CARTESIAN_POINT('',(0.0069355858401087865,0.020850680426776513,0.));
#5699=CARTESIAN_POINT('',(0.006914234926990534,0.020866436216093527,0.));
#5700=CARTESIAN_POINT('',(0.006896024413634703,0.020883776158250045,0.));
#5701=CARTESIAN_POINT('',(0.00688133764168117,0.02090301638770407,0.));
#5702=CARTESIAN_POINT('',(0.006869665957137684,0.02092380643479855,0.));
#5703=CARTESIAN_POINT('',(0.006861453244687577,0.020946334837790015,0.));
#5704=CARTESIAN_POINT('',(0.006856473764161919,0.020970552209049496,0.));
#5705=CARTESIAN_POINT('',(0.006855843019782976,0.020987219060985517,0.));
#5706=CARTESIAN_POINT('',(0.006855519719709432,0.020995761974147372,0.));
#5707=B_SPLINE_CURVE_WITH_KNOTS('',3,(#5688,#5689,#5690,#5691,#5692,#5693,#5694,#5695,#5696,#5697,#5698,#5699,#5700,#5701,#5702,#5703,#5704,#5705,#5706),.UNSPECIFIED.,.F.,.F.,(4,1,1,1,1,1,1,1,1,1,1,1,1,1,1,1,4),(0.,0.09692320320203035,0.18788087972358325,0.272975588831674,0.3519952361132579,0.42563194456442804,0.49349135631793634,0.5561992760099665,0.6148257976181064,0.6689417598424583,0.719384468860171,0.7672739993087909,0.8132579637726898,0.8582735080688018,0.9040711713262936,0.9508298473986628,1.),.UNSPECIFIED.);
#5708=TRIMMED_CURVE('',#5707,(PARAMETER_VALUE(0.)),(PARAMETER_VALUE(1.)),.T.,.PARAMETER.);
#5709=EDGE_CURVE('',#5476,#5526,#5708,.T.);
#5710=ORIENTED_EDGE('',*,*,#5709,.F.);
#5711=EDGE_LOOP('',(#5641,#5664,#5687,#5710));
#5712=FACE_OUTER_BOUND('',#5711,.T.);
#5713=CARTESIAN_POINT('',(0.007815259859854718,0.021005688863801168,0.));
#5714=CARTESIAN_POINT('',(0.007814862178633501,0.021018599060841033,0.));
#5715=CARTESIAN_POINT('',(0.007814086009651649,0.021043796364503795,0.));
#5716=CARTESIAN_POINT('',(0.007807811484582777,0.021080318777232685,0.));
#5717=CARTESIAN_POINT('',(0.0077978333924135414,0.02111443126038874,0.));
#5718=CARTESIAN_POINT('',(0.007783207667066233,0.021145853134748083,0.));
#5719=CARTESIAN_POINT('',(0.007764651155973718,0.021174812659881973,0.));
#5720=CARTESIAN_POINT('',(0.007742159770879784,0.02120149909407301,0.));
#5721=CARTESIAN_POINT('',(0.007715099513027241,0.02122516772337514,0.));
#5722=CARTESIAN_POINT('',(0.00768437068226056,0.02124665202449397,0.));
#5723=CARTESIAN_POINT('',(0.0076493384713016005,0.021265122611404192,0.));
#5724=CARTESIAN_POINT('',(0.007610494999466115,0.021281449925605385,0.));
#5725=CARTESIAN_POINT('',(0.007567419732180357,0.02129509053350743,0.));
#5726=CARTESIAN_POINT('',(0.007520282091665347,0.02130605704377035,0.));
#5727=CARTESIAN_POINT('',(0.007469185261644168,0.021315060252747927,0.));
#5728=CARTESIAN_POINT('',(0.0074139964342133866,0.021320863678573023,0.));
#5729=CARTESIAN_POINT('',(0.0073547382155511164,0.021324824459808604,0.));
#5730=CARTESIAN_POINT('',(0.007313853527069852,0.021325244414324884,0.));
#5731=CARTESIAN_POINT('',(0.007292725285312588,0.02132546143690415,0.));
#5732=B_SPLINE_CURVE_WITH_KNOTS('',3,(#5713,#5714,#5715,#5716,#5717,#5718,#5719,#5720,#5721,#5722,#5723,#5724,#5725,#5726,#5727,#5728,#5729,#5730,#5731),.UNSPECIFIED.,.F.,.F.,(4,1,1,1,1,1,1,1,1,1,1,1,1,1,1,1,4),(0.,0.05600840772502458,0.10931365747226497,0.16036273758288636,0.20985971380572951,0.25919794249270867,0.30928387655575584,0.3608027936550077,0.41480516944806145,0.47168307957627365,0.5323569893762715,0.5974966026462489,0.6675439118722009,0.7423037968749461,0.8225564895742005,0.9083013830898629,1.),.UNSPECIFIED.);
#5733=TRIMMED_CURVE('',#5732,(PARAMETER_VALUE(0.)),(PARAMETER_VALUE(1.)),.T.,.PARAMETER.);
#5734=EDGE_CURVE('',#3522,#3470,#5733,.T.);
#5735=ORIENTED_EDGE('',*,*,#5734,.F.);
#5736=CARTESIAN_POINT('',(0.007292725285312588,0.02132546143690415,0.));
#5737=CARTESIAN_POINT('',(0.007272019844185605,0.02132517094121958,0.));
#5738=CARTESIAN_POINT('',(0.007231690748852353,0.021324605127234494,0.));
#5739=CARTESIAN_POINT('',(0.007173082881623973,0.02132042837709943,0.));
#5740=CARTESIAN_POINT('',(0.007118060674133197,0.02131329780630078,0.));
#5741=CARTESIAN_POINT('',(0.007066742239316891,0.02130327198231964,0.));
#5742=CARTESIAN_POINT('',(0.00701922450420963,0.021290345264797842,0.));
#5743=CARTESIAN_POINT('',(0.006975318650891194,0.0212753666483623,0.));
#5744=CARTESIAN_POINT('',(0.006935575609889731,0.021257047587517668,0.));
#5745=CARTESIAN_POINT('',(0.006899407535803022,0.021236689033164696,0.));
#5746=CARTESIAN_POINT('',(0.006867267175970987,0.02121357520848024,0.));
#5747=CARTESIAN_POINT('',(0.006839205342118453,0.021187962235866265,0.));
#5748=CARTESIAN_POINT('',(0.0068151705519062895,0.021159786054634686,0.));
#5749=CARTESIAN_POINT('',(0.006795543368695059,0.021129039274301962,0.));
#5750=CARTESIAN_POINT('',(0.006779848932018162,0.021096022009785106,0.));
#5751=CARTESIAN_POINT('',(0.006769026313641172,0.021060648029393367,0.));
#5752=CARTESIAN_POINT('',(0.0067619193696242625,0.021023222115020265,0.));
#5753=CARTESIAN_POINT('',(0.0067612426523875665,0.020997485240512745,0.));
#5754=CARTESIAN_POINT('',(0.006760897452371164,0.02098435661156642,0.));
#5755=B_SPLINE_CURVE_WITH_KNOTS('',3,(#5736,#5737,#5738,#5739,#5740,#5741,#5742,#5743,#5744,#5745,#5746,#5747,#5748,#5749,#5750,#5751,#5752,#5753,#5754),.UNSPECIFIED.,.F.,.F.,(4,1,1,1,1,1,1,1,1,1,1,1,1,1,1,1,4),(0.,0.08761252995940473,0.17064761148776275,0.2484702209794111,0.3222629765944558,0.39171415497878304,0.4567257052156465,0.5183161138530117,0.5766265425532779,0.632108004152826,0.6854551819102924,0.7370284564163259,0.78834812851074,0.8393903386972645,0.8912142620642987,0.9445073414958353,1.),.UNSPECIFIED.);
#5756=TRIMMED_CURVE('',#5755,(PARAMETER_VALUE(0.)),(PARAMETER_VALUE(1.)),.T.,.PARAMETER.);
#5757=EDGE_CURVE('',#3497,#3522,#5756,.T.);
#5758=ORIENTED_EDGE('',*,*,#5757,.F.);
#5759=CARTESIAN_POINT('',(0.006760897452371164,0.02098435661156642,0.));
#5760=CARTESIAN_POINT('',(0.006761277026574792,0.020971865915420784,0.));
#5761=CARTESIAN_POINT('',(0.0067620177763212065,0.020947489970180158,0.));
#5762=CARTESIAN_POINT('',(0.0067685839040372104,0.020911998815479612,0.));
#5763=CARTESIAN_POINT('',(0.0067791022442503885,0.020878588735294006,0.));
#5764=CARTESIAN_POINT('',(0.006794000844202971,0.020847332906433,0.));
#5765=CARTESIAN_POINT('',(0.006812991119432207,0.020818428045318162,0.));
#5766=CARTESIAN_POINT('',(0.006835798533787478,0.020791764199070823,0.));
#5767=CARTESIAN_POINT('',(0.006862662189809894,0.020767638788381063,0.));
#5768=CARTESIAN_POINT('',(0.006893315368569932,0.020745848934988497,0.));
#5769=CARTESIAN_POINT('',(0.0069275984387663645,0.020726362314843687,0.));
#5770=CARTESIAN_POINT('',(0.006965818541587434,0.020709834091005935,0.));
#5771=CARTESIAN_POINT('',(0.007007390701264617,0.020695157144277058,0.));
#5772=CARTESIAN_POINT('',(0.007052797830646504,0.02068352197751533,0.));
#5773=CARTESIAN_POINT('',(0.00710160612572147,0.020674213483002364,0.));
#5774=CARTESIAN_POINT('',(0.007153966019713362,0.02066785738236086,0.));
#5775=CARTESIAN_POINT('',(0.007209722882054093,0.020663717055558237,0.));
#5776=CARTESIAN_POINT('',(0.007248081566762233,0.02066331319665616,0.));
#5777=CARTESIAN_POINT('',(0.007267802455969026,0.020663105565536275,0.));
#5778=B_SPLINE_CURVE_WITH_KNOTS('',3,(#5759,#5760,#5761,#5762,#5763,#5764,#5765,#5766,#5767,#5768,#5769,#5770,#5771,#5772,#5773,#5774,#5775,#5776,#5777),.UNSPECIFIED.,.F.,.F.,(4,1,1,1,1,1,1,1,1,1,1,1,1,1,1,1,4),(0.,0.05560346552068968,0.10851172864331746,0.16019065677036762,0.21125682259744416,0.26223429834670753,0.3138417947423514,0.36713538924212963,0.4226644996113701,0.4810965832295021,0.5424634412610573,0.607931634945808,0.6773114379131164,0.7510657410246956,0.8291434976952515,0.912159601460543,1.),.UNSPECIFIED.);
#5779=TRIMMED_CURVE('',#5778,(PARAMETER_VALUE(0.)),(PARAMETER_VALUE(1.)),.T.,.PARAMETER.);
#5780=EDGE_CURVE('',#3472,#3497,#5779,.T.);
#5781=ORIENTED_EDGE('',*,*,#5780,.F.);
#5782=CARTESIAN_POINT('',(0.007267802455969026,0.020663105565536275,0.));
#5783=CARTESIAN_POINT('',(0.007289423529738291,0.02066338869544285,0.));
#5784=CARTESIAN_POINT('',(0.007331441370883727,0.020663938922853595,0.));
#5785=CARTESIAN_POINT('',(0.007392492126247595,0.020668198727224068,0.));
#5786=CARTESIAN_POINT('',(0.007449686803023679,0.02067507087372218,0.));
#5787=CARTESIAN_POINT('',(0.007502902068552004,0.020684666369994893,0.));
#5788=CARTESIAN_POINT('',(0.007552141516843911,0.020697032806488932,0.));
#5789=CARTESIAN_POINT('',(0.007597205275732044,0.02071230433765102,0.));
#5790=CARTESIAN_POINT('',(0.007638439710871047,0.020729639673686063,0.));
#5791=CARTESIAN_POINT('',(0.007675458646597766,0.020749938968855432,0.));
#5792=CARTESIAN_POINT('',(0.007708192656108266,0.020773043862185932,0.));
#5793=CARTESIAN_POINT('',(0.007736797576148066,0.02079864171799714,0.));
#5794=CARTESIAN_POINT('',(0.007760948412584421,0.020827115237909373,0.));
#5795=CARTESIAN_POINT('',(0.007780961667705045,0.020858079755388066,0.));
#5796=CARTESIAN_POINT('',(0.0077965065888092,0.020891637610894503,0.));
#5797=CARTESIAN_POINT('',(0.0078071372058913764,0.020927667125104032,0.));
#5798=CARTESIAN_POINT('',(0.007814255392969094,0.020965841684011242,0.));
#5799=CARTESIAN_POINT('',(0.00781492003944782,0.020992208195554484,0.));
#5800=CARTESIAN_POINT('',(0.007815259859854717,0.021005688863801164,0.));
#5801=B_SPLINE_CURVE_WITH_KNOTS('',3,(#5782,#5783,#5784,#5785,#5786,#5787,#5788,#5789,#5790,#5791,#5792,#5793,#5794,#5795,#5796,#5797,#5798,#5799,#5800),.UNSPECIFIED.,.F.,.F.,(4,1,1,1,1,1,1,1,1,1,1,1,1,1,1,1,4),(0.,0.08926761439691189,0.17348039607976706,0.25255304115729443,0.32701951696035836,0.3966082526774571,0.46196887137908715,0.523308995716903,0.5810783152598854,0.6359248744476101,0.688409427615015,0.7391427587707811,0.7896205973074939,0.8402163231132903,0.8912543916232926,0.9444005526705762,1.),.UNSPECIFIED.);
#5802=TRIMMED_CURVE('',#5801,(PARAMETER_VALUE(0.)),(PARAMETER_VALUE(1.)),.T.,.PARAMETER.);
#5803=EDGE_CURVE('',#3470,#3472,#5802,.T.);
#5804=ORIENTED_EDGE('',*,*,#5803,.F.);
#5805=EDGE_LOOP('',(#5735,#5758,#5781,#5804));
#5806=FACE_BOUND('',#5805,.T.);
#5807=ADVANCED_FACE('',(#5712,#5806),#24,.T.);
#5808=CARTESIAN_POINT('',(0.0069887934935720375,0.019354234604162957,0.));
#5809=DIRECTION('',(0.9427187180524912,0.33358869680111713,0.));
#5810=VECTOR('',#5809,1.);
#5811=LINE('',#5808,#5810);
#5812=EDGE_CURVE('',#3362,#3364,#5811,.T.);
#5813=ORIENTED_EDGE('',*,*,#5812,.T.);
#5814=CARTESIAN_POINT('',(0.006896283330415428,0.019331001458164722,0.));
#5815=CARTESIAN_POINT('',(0.006903549945628553,0.01933211573797895,0.));
#5816=CARTESIAN_POINT('',(0.006918517602467569,0.019334410913572093,0.));
#5817=CARTESIAN_POINT('',(0.006941213030131468,0.019339550644514793,0.));
#5818=CARTESIAN_POINT('',(0.0069648190384640095,0.019346135507528388,0.));
#5819=CARTESIAN_POINT('',(0.0069806503970980096,0.019351483687616553,0.));
#5820=CARTESIAN_POINT('',(0.0069887934935720375,0.019354234604162957,0.));
#5821=B_SPLINE_CURVE_WITH_KNOTS('',3,(#5814,#5815,#5816,#5817,#5818,#5819,#5820),.UNSPECIFIED.,.F.,.F.,(4,1,1,1,4),(0.,0.2307848615952397,0.475366936418894,0.7301471245157443,1.),.UNSPECIFIED.);
#5822=TRIMMED_CURVE('',#5821,(PARAMETER_VALUE(0.)),(PARAMETER_VALUE(1.)),.T.,.PARAMETER.);
#5823=EDGE_CURVE('',#3364,#3376,#5822,.T.);
#5824=ORIENTED_EDGE('',*,*,#5823,.T.);
#5825=CARTESIAN_POINT('',(0.006896283330415428,0.0193280445123104,0.));
#5826=DIRECTION('',(0.,1.,0.));
#5827=VECTOR('',#5826,1.);
#5828=LINE('',#5825,#5827);
#5829=EDGE_CURVE('',#3376,#3385,#5828,.T.);
#5830=ORIENTED_EDGE('',*,*,#5829,.T.);
#5831=CARTESIAN_POINT('',(0.006987315020644877,0.01930755710174832,0.));
#5832=CARTESIAN_POINT('',(0.0069805087898907135,0.01930974778482021,0.));
#5833=CARTESIAN_POINT('',(0.00696651641029977,0.019314251433052616,0.));
#5834=CARTESIAN_POINT('',(0.006944423450520628,0.019319676650959162,0.));
#5835=CARTESIAN_POINT('',(0.006920859674667706,0.019324254135175578,0.));
#5836=CARTESIAN_POINT('',(0.006904600226769674,0.01932676180836346,0.));
#5837=CARTESIAN_POINT('',(0.006896283330415428,0.0193280445123104,0.));
#5838=B_SPLINE_CURVE_WITH_KNOTS('',3,(#5831,#5832,#5833,#5834,#5835,#5836,#5837),.UNSPECIFIED.,.F.,.F.,(4,1,1,1,4),(0.,0.22950857397159122,0.4718281237265394,0.7298339537885576,1.),.UNSPECIFIED.);
#5839=TRIMMED_CURVE('',#5838,(PARAMETER_VALUE(0.)),(PARAMETER_VALUE(1.)),.T.,.PARAMETER.);
#5840=EDGE_CURVE('',#3385,#3397,#5839,.T.);
#5841=ORIENTED_EDGE('',*,*,#5840,.T.);
#5842=CARTESIAN_POINT('',(0.007801742393092109,0.01902559119349701,0.));
#5843=DIRECTION('',(-0.9449685906095483,0.32716106547296214,0.));
#5844=VECTOR('',#5843,1.);
#5845=LINE('',#5842,#5844);
#5846=EDGE_CURVE('',#3397,#3406,#5845,.T.);
#5847=ORIENTED_EDGE('',*,*,#5846,.T.);
#5848=CARTESIAN_POINT('',(0.007801742393092109,0.018892317419634406,0.));
#5849=DIRECTION('',(0.,1.,0.));
#5850=VECTOR('',#5849,1.);
#5851=LINE('',#5848,#5850);
#5852=EDGE_CURVE('',#3406,#3414,#5851,.T.);
#5853=ORIENTED_EDGE('',*,*,#5852,.T.);
#5854=CARTESIAN_POINT('',(0.0067744149191337755,0.019261935651424516,0.));
#5855=DIRECTION('',(0.9409515137298048,-0.3385413546519674,0.));
#5856=VECTOR('',#5855,1.);
#5857=LINE('',#5854,#5856);
#5858=EDGE_CURVE('',#3414,#3422,#5857,.T.);
#5859=ORIENTED_EDGE('',*,*,#5858,.T.);
#5860=CARTESIAN_POINT('',(0.0067744149191337755,0.019393519741941794,0.));
#5861=DIRECTION('',(0.,-1.,0.));
#5862=VECTOR('',#5861,1.);
#5863=LINE('',#5860,#5862);
#5864=EDGE_CURVE('',#3422,#3430,#5863,.T.);
#5865=ORIENTED_EDGE('',*,*,#5864,.T.);
#5866=CARTESIAN_POINT('',(0.007801742393092109,0.019770952759204034,0.));
#5867=DIRECTION('',(-0.9386557366923963,-0.34485563352576226,0.));
#5868=VECTOR('',#5867,1.);
#5869=LINE('',#5866,#5868);
#5870=EDGE_CURVE('',#3430,#3438,#5869,.T.);
#5871=ORIENTED_EDGE('',*,*,#5870,.T.);
#5872=CARTESIAN_POINT('',(0.007801742393092109,0.019641903193704745,0.));
#5873=DIRECTION('',(0.,1.,0.));
#5874=VECTOR('',#5873,1.);
#5875=LINE('',#5872,#5874);
#5876=EDGE_CURVE('',#3438,#3362,#5875,.T.);
#5877=ORIENTED_EDGE('',*,*,#5876,.T.);
#5878=EDGE_LOOP('',(#5813,#5824,#5830,#5841,#5847,#5853,#5859,#5865,#5871,#5877));
#5879=FACE_OUTER_BOUND('',#5878,.T.);
#5880=ADVANCED_FACE('',(#5879),#24,.T.);
#5881=CARTESIAN_POINT('',(0.007801742393092109,0.018162374214453488,0.));
#5882=DIRECTION('',(0.,1.,0.));
#5883=VECTOR('',#5882,1.);
#5884=LINE('',#5881,#5883);
#5885=EDGE_CURVE('',#3264,#3266,#5884,.T.);
#5886=ORIENTED_EDGE('',*,*,#5885,.T.);
#5887=CARTESIAN_POINT('',(0.007693602658991231,0.018162374214453488,0.));
#5888=DIRECTION('',(1.,0.,0.));
#5889=VECTOR('',#5888,1.);
#5890=LINE('',#5887,#5889);
#5891=EDGE_CURVE('',#3266,#3274,#5890,.T.);
#5892=ORIENTED_EDGE('',*,*,#5891,.T.);
#5893=CARTESIAN_POINT('',(0.007693602658991231,0.018672236163905672,0.));
#5894=DIRECTION('',(0.,-1.,0.));
#5895=VECTOR('',#5894,1.);
#5896=LINE('',#5893,#5895);
#5897=EDGE_CURVE('',#3274,#3282,#5896,.T.);
#5898=ORIENTED_EDGE('',*,*,#5897,.T.);
#5899=CARTESIAN_POINT('',(0.006774414919133776,0.0183110663488422,0.));
#5900=CARTESIAN_POINT('',(0.006789781924308669,0.01831341967891509,0.));
#5901=CARTESIAN_POINT('',(0.006820750563770351,0.018318162270573795,0.));
#5902=CARTESIAN_POINT('',(0.006867221892764177,0.018327373613920186,0.));
#5903=CARTESIAN_POINT('',(0.006914239077313504,0.01833808502174094,0.));
#5904=CARTESIAN_POINT('',(0.006977379437410294,0.018355144374301913,0.));
#5905=CARTESIAN_POINT('',(0.007055940226199744,0.01837901319129262,0.));
#5906=CARTESIAN_POINT('',(0.007148436544683696,0.01841120660804575,0.));
#5907=CARTESIAN_POINT('',(0.007238074947517446,0.01844669264967015,0.));
#5908=CARTESIAN_POINT('',(0.007310825077656502,0.018477306544208975,0.));
#5909=CARTESIAN_POINT('',(0.007366601642014566,0.018503077044144063,0.));
#5910=CARTESIAN_POINT('',(0.007406718813499073,0.01852146309029668,0.));
#5911=CARTESIAN_POINT('',(0.007445024649776637,0.018539980807583196,0.));
#5912=CARTESIAN_POINT('',(0.007481619254348297,0.018557970107397785,0.));
#5913=CARTESIAN_POINT('',(0.007516160436169215,0.01857576744717905,0.));
#5914=CARTESIAN_POINT('',(0.0075487347017143495,0.01859270727305297,0.));
#5915=CARTESIAN_POINT('',(0.007579286390084407,0.01860863427873236,0.));
#5916=CARTESIAN_POINT('',(0.007607486337106181,0.018623833082150525,0.));
#5917=CARTESIAN_POINT('',(0.0076331536166344945,0.018637844546011955,0.));
#5918=CARTESIAN_POINT('',(0.007655844084542997,0.018650802657725802,0.));
#5919=CARTESIAN_POINT('',(0.007675775187567383,0.018661930987232515,0.));
#5920=CARTESIAN_POINT('',(0.007687977732950585,0.018668984673257102,0.));
#5921=CARTESIAN_POINT('',(0.007693602658991231,0.018672236163905672,0.));
#5922=B_SPLINE_CURVE_WITH_KNOTS('',3,(#5899,#5900,#5901,#5902,#5903,#5904,#5905,#5906,#5907,#5908,#5909,#5910,#5911,#5912,#5913,#5914,#5915,#5916,#5917,#5918,#5919,#5920,#5921),.UNSPECIFIED.,.F.,.F.,(4,1,1,1,1,1,1,1,1,1,1,1,1,1,1,1,1,1,1,1,4),(0.,0.04696805063285431,0.09465322681373457,0.14310844912218398,0.19264428094640193,0.29223983565158906,0.3911354896066426,0.48847109191405,0.5834968172240601,0.6295699525317228,0.6741124705573793,0.7168327210841827,0.7581212128357708,0.7973181706027431,0.8342344839904273,0.8690598090848677,0.9014192759024737,0.9310278926894945,0.957413581138876,0.9803692222477061,1.),.UNSPECIFIED.);
#5923=TRIMMED_CURVE('',#5922,(PARAMETER_VALUE(0.)),(PARAMETER_VALUE(1.)),.T.,.PARAMETER.);
#5924=EDGE_CURVE('',#3282,#3310,#5923,.T.);
#5925=ORIENTED_EDGE('',*,*,#5924,.T.);
#5926=CARTESIAN_POINT('',(0.0067744149191337755,0.018432723549705682,0.));
#5927=DIRECTION('',(0.,-1.,0.));
#5928=VECTOR('',#5927,1.);
#5929=LINE('',#5926,#5928);
#5930=EDGE_CURVE('',#3310,#3319,#5929,.T.);
#5931=ORIENTED_EDGE('',*,*,#5930,.T.);
#5932=CARTESIAN_POINT('',(0.007732254165515568,0.018811212619058753,0.));
#5933=CARTESIAN_POINT('',(0.007725081959876804,0.018806973106356508,0.));
#5934=CARTESIAN_POINT('',(0.007709873596200455,0.018797983396045114,0.));
#5935=CARTESIAN_POINT('',(0.007685709460121095,0.018784137800496037,0.));
#5936=CARTESIAN_POINT('',(0.00765893223095724,0.018769168158047904,0.));
#5937=CARTESIAN_POINT('',(0.007630093316072484,0.018752675708332747,0.));
#5938=CARTESIAN_POINT('',(0.007598797213235885,0.018735627397722072,0.));
#5939=CARTESIAN_POINT('',(0.007565569015824829,0.018717947202342756,0.));
#5940=CARTESIAN_POINT('',(0.007530396315588067,0.0186997894918968,0.));
#5941=CARTESIAN_POINT('',(0.007480373629901356,0.018674227671597734,0.));
#5942=CARTESIAN_POINT('',(0.007413686399626803,0.018642196875269103,0.));
#5943=CARTESIAN_POINT('',(0.007330075064653666,0.018603028756554445,0.));
#5944=CARTESIAN_POINT('',(0.007241912365771264,0.01856535516086095,0.));
#5945=CARTESIAN_POINT('',(0.007150761084070061,0.018529472451302913,0.));
#5946=CARTESIAN_POINT('',(0.007057271467228238,0.01849763018880227,0.));
#5947=CARTESIAN_POINT('',(0.006978351495225186,0.01847401746551383,0.));
#5948=CARTESIAN_POINT('',(0.006915006484018113,0.018457818304728296,0.));
#5949=CARTESIAN_POINT('',(0.006867780839293106,0.01844772993897386,0.));
#5950=CARTESIAN_POINT('',(0.0068210168206306225,0.01843920102897728,0.));
#5951=CARTESIAN_POINT('',(0.006789850105324281,0.018434868979299558,0.));
#5952=CARTESIAN_POINT('',(0.0067744149191337755,0.018432723549705682,0.));
#5953=B_SPLINE_CURVE_WITH_KNOTS('',3,(#5932,#5933,#5934,#5935,#5936,#5937,#5938,#5939,#5940,#5941,#5942,#5943,#5944,#5945,#5946,#5947,#5948,#5949,#5950,#5951,#5952),.UNSPECIFIED.,.F.,.F.,(4,1,1,1,1,1,1,1,1,1,1,1,1,1,1,1,1,1,4),(0.,0.02412179890172773,0.051149271047452205,0.08062966886146446,0.11294157682799849,0.14733213586335037,0.18380705227146923,0.2219153594553418,0.26193501073645165,0.346445175275668,0.4360932705924441,0.5292359846676681,0.6239819612976351,0.7196422617689184,0.815096025061145,0.8624082369785484,0.9089050380100406,0.9548855987706268,1.),.UNSPECIFIED.);
#5954=TRIMMED_CURVE('',#5953,(PARAMETER_VALUE(0.)),(PARAMETER_VALUE(1.)),.T.,.PARAMETER.);
#5955=EDGE_CURVE('',#3319,#3345,#5954,.T.);
#5956=ORIENTED_EDGE('',*,*,#5955,.T.);
#5957=CARTESIAN_POINT('',(0.007801742393092109,0.018811212619058753,0.));
#5958=DIRECTION('',(-1.,0.,0.));
#5959=VECTOR('',#5958,1.);
#5960=LINE('',#5957,#5959);
#5961=EDGE_CURVE('',#3345,#3264,#5960,.T.);
#5962=ORIENTED_EDGE('',*,*,#5961,.T.);
#5963=EDGE_LOOP('',(#5886,#5892,#5898,#5925,#5931,#5956,#5962));
#5964=FACE_OUTER_BOUND('',#5963,.T.);
#5965=ADVANCED_FACE('',(#5964),#24,.T.);
#5966=CARTESIAN_POINT('',(0.006923107053522482,0.017945461114997233,0.));
#5967=CARTESIAN_POINT('',(0.006922873011821176,0.01795099534274832,0.));
#5968=CARTESIAN_POINT('',(0.0069224168320953915,0.01796178231995725,0.));
#5969=CARTESIAN_POINT('',(0.006917344430171042,0.01797712278086403,0.));
#5970=CARTESIAN_POINT('',(0.006910029182642172,0.017991383930512653,0.));
#5971=CARTESIAN_POINT('',(0.006899332465431275,0.018003674024727398,0.));
#5972=CARTESIAN_POINT('',(0.006886771834864257,0.01801399933762364,0.));
#5973=CARTESIAN_POINT('',(0.00687277545079272,0.01802172262292697,0.));
#5974=CARTESIAN_POINT('',(0.006857501924635934,0.01802640965857934,0.));
#5975=CARTESIAN_POINT('',(0.006846963365915727,0.018026932472001704,0.));
#5976=CARTESIAN_POINT('',(0.006841579832110492,0.018027199546827386,0.));
#5977=B_SPLINE_CURVE_WITH_KNOTS('',3,(#5966,#5967,#5968,#5969,#5970,#5971,#5972,#5973,#5974,#5975,#5976),.UNSPECIFIED.,.F.,.F.,(4,1,1,1,1,1,1,1,4),(0.,0.1290732688816212,0.25158169709146605,0.37470941720392903,0.5021731779379329,0.6298498752733152,0.7537583192723422,0.8742095150151888,1.),.UNSPECIFIED.);
#5978=TRIMMED_CURVE('',#5977,(PARAMETER_VALUE(0.)),(PARAMETER_VALUE(1.)),.T.,.PARAMETER.);
#5979=EDGE_CURVE('',#3202,#3204,#5978,.T.);
#5980=ORIENTED_EDGE('',*,*,#5979,.T.);
#5981=CARTESIAN_POINT('',(0.006841579832110492,0.01786498994567607,0.));
#5982=CARTESIAN_POINT('',(0.006846968619291398,0.017865247083970765,0.));
#5983=CARTESIAN_POINT('',(0.006857517461778733,0.01786575044609607,0.));
#5984=CARTESIAN_POINT('',(0.00687265225833948,0.01787055980609318,0.));
#5985=CARTESIAN_POINT('',(0.0068868900333511375,0.017877681739815018,0.));
#5986=CARTESIAN_POINT('',(0.00689932048401333,0.017888124408630503,0.));
#5987=CARTESIAN_POINT('',(0.006909968156843013,0.01790034091023306,0.));
#5988=CARTESIAN_POINT('',(0.0069173486074742855,0.01791442209351034,0.));
#5989=CARTESIAN_POINT('',(0.006922393164547019,0.017929491169026236,0.));
#5990=CARTESIAN_POINT('',(0.006922865988911462,0.01794006841536769,0.));
#5991=CARTESIAN_POINT('',(0.006923107053522482,0.017945461114997233,0.));
#5992=B_SPLINE_CURVE_WITH_KNOTS('',3,(#5981,#5982,#5983,#5984,#5985,#5986,#5987,#5988,#5989,#5990,#5991),.UNSPECIFIED.,.F.,.F.,(4,1,1,1,1,1,1,1,4),(0.,0.12678626212756977,0.2481909683648934,0.37152383839135844,0.5002112444213173,0.6286840282104541,0.7513213011367124,0.8732137378724105,1.),.UNSPECIFIED.);
#5993=TRIMMED_CURVE('',#5992,(PARAMETER_VALUE(0.)),(PARAMETER_VALUE(1.)),.T.,.PARAMETER.);
#5994=EDGE_CURVE('',#3204,#3221,#5993,.T.);
#5995=ORIENTED_EDGE('',*,*,#5994,.T.);
#5996=CARTESIAN_POINT('',(0.006760897452371166,0.017945461114997233,0.));
#5997=CARTESIAN_POINT('',(0.006761166966408864,0.01794007883034593,0.));
#5998=CARTESIAN_POINT('',(0.006761694554720733,0.01792954271691214,0.));
#5999=CARTESIAN_POINT('',(0.006766328463409619,0.017914310949107132,0.));
#6000=CARTESIAN_POINT('',(0.006774112415783272,0.017900477818106816,0.));
#6001=CARTESIAN_POINT('',(0.006784422792095548,0.01788810500159993,0.));
#6002=CARTESIAN_POINT('',(0.0067966611971759005,0.01787777131107609,0.));
#6003=CARTESIAN_POINT('',(0.0068105953027392885,0.01787045991631617,0.));
#6004=CARTESIAN_POINT('',(0.006825650654736528,0.01786576674909504,0.));
#6005=CARTESIAN_POINT('',(0.006836193902795906,0.0178652525962956,0.));
#6006=CARTESIAN_POINT('',(0.006841579832110492,0.01786498994567607,0.));
#6007=B_SPLINE_CURVE_WITH_KNOTS('',3,(#5996,#5997,#5998,#5999,#6000,#6001,#6002,#6003,#6004,#6005,#6006),.UNSPECIFIED.,.F.,.F.,(4,1,1,1,1,1,1,1,4),(0.,0.12742151516581404,0.2494345105599845,0.37348648291104714,0.5015299160897823,0.6295733492685333,0.7505654894400132,0.8725784848342053,1.),.UNSPECIFIED.);
#6008=TRIMMED_CURVE('',#6007,(PARAMETER_VALUE(0.)),(PARAMETER_VALUE(1.)),.T.,.PARAMETER.);
#6009=EDGE_CURVE('',#3221,#3238,#6008,.T.);
#6010=ORIENTED_EDGE('',*,*,#6009,.T.);
#6011=CARTESIAN_POINT('',(0.006841579832110492,0.018027199546827386,0.));
#6012=CARTESIAN_POINT('',(0.006836199415118654,0.018026926797094743,0.));
#6013=CARTESIAN_POINT('',(0.0068256669577293205,0.018026392874734943,0.));
#6014=CARTESIAN_POINT('',(0.006810468073464895,0.01802182308632026,0.));
#6015=CARTESIAN_POINT('',(0.006796782441847446,0.01801391130024352,0.));
#6016=CARTESIAN_POINT('',(0.0067844103967252935,0.01800369331135749,0.));
#6017=CARTESIAN_POINT('',(0.006774051944657768,0.01799124749482762,0.));
#6018=CARTESIAN_POINT('',(0.006766331372509849,0.017977233107004557,0.));
#6019=CARTESIAN_POINT('',(0.006761672627264435,0.017961730804665003,0.));
#6020=CARTESIAN_POINT('',(0.0067611606305148265,0.01795098480618212,0.));
#6021=CARTESIAN_POINT('',(0.006760897452371166,0.017945461114997233,0.));
#6022=B_SPLINE_CURVE_WITH_KNOTS('',3,(#6011,#6012,#6013,#6014,#6015,#6016,#6017,#6018,#6019,#6020,#6021),.UNSPECIFIED.,.F.,.F.,(4,1,1,1,1,1,1,1,4),(0.,0.12641142351316312,0.2474572014951341,0.3690795257864064,0.49610793726446933,0.6231363487425374,0.7476564409665867,0.8702895878110886,1.),.UNSPECIFIED.);
#6023=TRIMMED_CURVE('',#6022,(PARAMETER_VALUE(0.)),(PARAMETER_VALUE(1.)),.T.,.PARAMETER.);
#6024=EDGE_CURVE('',#3238,#3202,#6023,.T.);
#6025=ORIENTED_EDGE('',*,*,#6024,.T.);
#6026=EDGE_LOOP('',(#5980,#5995,#6010,#6025));
#6027=FACE_OUTER_BOUND('',#6026,.T.);
#6028=ADVANCED_FACE('',(#6027),#24,.T.);
#6029=CARTESIAN_POINT('',(0.007315536010474493,0.017431374957181736,0.));
#6030=DIRECTION('',(-1.,0.,0.));
#6031=VECTOR('',#6030,1.);
#6032=LINE('',#6029,#6031);
#6033=EDGE_CURVE('',#2876,#2878,#6032,.T.);
#6034=ORIENTED_EDGE('',*,*,#6033,.T.);
#6035=CARTESIAN_POINT('',(0.00757321272063674,0.01763519301071171,0.));
#6036=CARTESIAN_POINT('',(0.007565041277177737,0.01763501540940774,0.));
#6037=CARTESIAN_POINT('',(0.0075490169739631215,0.0176346671310209,0.));
#6038=CARTESIAN_POINT('',(0.007525559086161394,0.017632393071252788,0.));
#6039=CARTESIAN_POINT('',(0.007503268264319011,0.017628314304146863,0.));
#6040=CARTESIAN_POINT('',(0.007482041671212217,0.017622881751927246,0.));
#6041=CARTESIAN_POINT('',(0.0074619231790110955,0.017615747202279822,0.));
#6042=CARTESIAN_POINT('',(0.007443007617828866,0.017606701641196498,0.));
#6043=CARTESIAN_POINT('',(0.007425056513175295,0.01759644562863783,0.));
#6044=CARTESIAN_POINT('',(0.007408226879826985,0.017584568944700976,0.));
#6045=CARTESIAN_POINT('',(0.007392722000847956,0.017570911674965713,0.));
#6046=CARTESIAN_POINT('',(0.00737838480843803,0.01755564285979361,0.));
#6047=CARTESIAN_POINT('',(0.007364968114500673,0.017538874803721627,0.));
#6048=CARTESIAN_POINT('',(0.007352793706492724,0.017520435664158514,0.));
#6049=CARTESIAN_POINT('',(0.007341492476150505,0.01750053252449729,0.));
#6050=CARTESIAN_POINT('',(0.007331635741866283,0.01747894590358243,0.));
#6051=CARTESIAN_POINT('',(0.0073229600191902465,0.017455751431017873,0.));
#6052=CARTESIAN_POINT('',(0.007318053454571226,0.01743964089712167,0.));
#6053=CARTESIAN_POINT('',(0.007315536010474493,0.017431374957181736,0.));
#6054=B_SPLINE_CURVE_WITH_KNOTS('',3,(#6035,#6036,#6037,#6038,#6039,#6040,#6041,#6042,#6043,#6044,#6045,#6046,#6047,#6048,#6049,#6050,#6051,#6052,#6053),.UNSPECIFIED.,.F.,.F.,(4,1,1,1,1,1,1,1,1,1,1,1,1,1,1,1,4),(0.,0.0685576219650406,0.13444235740631819,0.19746916320375346,0.25849925039709387,0.31809769512390385,0.37622624922770875,0.43417747633979076,0.49137426764212544,0.5487172646352518,0.6072137719876403,0.6668970377470936,0.7286573356156881,0.7923969533144862,0.8587328960850965,0.927519137232093,1.),.UNSPECIFIED.);
#6055=TRIMMED_CURVE('',#6054,(PARAMETER_VALUE(0.)),(PARAMETER_VALUE(1.)),.T.,.PARAMETER.);
#6056=EDGE_CURVE('',#2878,#2902,#6055,.T.);
#6057=ORIENTED_EDGE('',*,*,#6056,.T.);
#6058=CARTESIAN_POINT('',(0.00781525985985472,0.01735238226078774,0.));
#6059=CARTESIAN_POINT('',(0.007815083014642947,0.01736281209112427,0.));
#6060=CARTESIAN_POINT('',(0.007814735517282616,0.01738330650244753,0.));
#6061=CARTESIAN_POINT('',(0.007811252088403502,0.017413173879035748,0.));
#6062=CARTESIAN_POINT('',(0.0078058406458883555,0.017441612603483682,0.));
#6063=CARTESIAN_POINT('',(0.007797950018850902,0.017468341970761983,0.));
#6064=CARTESIAN_POINT('',(0.00778840976276387,0.017493530383044312,0.));
#6065=CARTESIAN_POINT('',(0.00777655850902996,0.017516622125684157,0.));
#6066=CARTESIAN_POINT('',(0.007763590839258134,0.017538179462256324,0.));
#6067=CARTESIAN_POINT('',(0.007748465398099172,0.017557635819910593,0.));
#6068=CARTESIAN_POINT('',(0.007731787856064206,0.01757529415178915,0.));
#6069=CARTESIAN_POINT('',(0.0077133051438693576,0.017590730540859776,0.));
#6070=CARTESIAN_POINT('',(0.007693307824154411,0.01760418508713516,0.));
#6071=CARTESIAN_POINT('',(0.00767175202698603,0.017615328545089057,0.));
#6072=CARTESIAN_POINT('',(0.00764884265976562,0.017624300574242174,0.));
#6073=CARTESIAN_POINT('',(0.007624664923611399,0.01763056726545929,0.));
#6074=CARTESIAN_POINT('',(0.007599320951200967,0.017634508775245902,0.));
#6075=CARTESIAN_POINT('',(0.007582027940789361,0.017634961984474506,0.));
#6076=CARTESIAN_POINT('',(0.00757321272063674,0.01763519301071171,0.));
#6077=B_SPLINE_CURVE_WITH_KNOTS('',3,(#6058,#6059,#6060,#6061,#6062,#6063,#6064,#6065,#6066,#6067,#6068,#6069,#6070,#6071,#6072,#6073,#6074,#6075,#6076),.UNSPECIFIED.,.F.,.F.,(4,1,1,1,1,1,1,1,1,1,1,1,1,1,1,1,4),(0.,0.07483943340739357,0.14705801359779572,0.21554633836705145,0.2823984736285905,0.34687598383221036,0.4085783239786119,0.4684721351271138,0.5272032670923276,0.585113250454817,0.6425093345738112,0.6996981193952638,0.7577908505313303,0.8163543126825229,0.8759295772714973,0.9367543264736254,1.),.UNSPECIFIED.);
#6078=TRIMMED_CURVE('',#6077,(PARAMETER_VALUE(0.)),(PARAMETER_VALUE(1.)),.T.,.PARAMETER.);
#6079=EDGE_CURVE('',#2902,#2927,#6078,.T.);
#6080=ORIENTED_EDGE('',*,*,#6079,.T.);
#6081=CARTESIAN_POINT('',(0.0077601339407134505,0.01712026201122355,0.));
#6082=CARTESIAN_POINT('',(0.007764559768310107,0.017128505455248272,0.));
#6083=CARTESIAN_POINT('',(0.007773478636204813,0.017145117532119364,0.));
#6084=CARTESIAN_POINT('',(0.007784535084826989,0.01717138890631294,0.));
#6085=CARTESIAN_POINT('',(0.007794099556728393,0.01719874582411915,0.));
#6086=CARTESIAN_POINT('',(0.00780195166664526,0.01722724039695287,0.));
#6087=CARTESIAN_POINT('',(0.007807708302610256,0.017256926761496996,0.));
#6088=CARTESIAN_POINT('',(0.007812286334200562,0.017287632453083415,0.));
#6089=CARTESIAN_POINT('',(0.007814774689706757,0.017319602994959923,0.));
#6090=CARTESIAN_POINT('',(0.007815096199980344,0.01734132500479212,0.));
#6091=CARTESIAN_POINT('',(0.007815259859854718,0.017352382260787738,0.));
#6092=B_SPLINE_CURVE_WITH_KNOTS('',3,(#6081,#6082,#6083,#6084,#6085,#6086,#6087,#6088,#6089,#6090,#6091),.UNSPECIFIED.,.F.,.F.,(4,1,1,1,1,1,1,1,4),(0.,0.11630714953892876,0.23438059420365454,0.3540053905828852,0.4765677555859449,0.6015764691938253,0.7298600704803045,0.8624894115042244,1.),.UNSPECIFIED.);
#6093=TRIMMED_CURVE('',#6092,(PARAMETER_VALUE(0.)),(PARAMETER_VALUE(1.)),.T.,.PARAMETER.);
#6094=EDGE_CURVE('',#2927,#2944,#6093,.T.);
#6095=ORIENTED_EDGE('',*,*,#6094,.T.);
#6096=CARTESIAN_POINT('',(0.007653050258703402,0.01712026201122355,0.));
#6097=DIRECTION('',(1.,0.,0.));
#6098=VECTOR('',#6097,1.);
#6099=LINE('',#6096,#6098);
#6100=EDGE_CURVE('',#2944,#2953,#6099,.T.);
#6101=ORIENTED_EDGE('',*,*,#6100,.T.);
#6102=CARTESIAN_POINT('',(0.007720637592516451,0.01732217917099003,0.));
#6103=CARTESIAN_POINT('',(0.007720432816831959,0.017313299409328433,0.));
#6104=CARTESIAN_POINT('',(0.007720023594119899,0.017295554137673506,0.));
#6105=CARTESIAN_POINT('',(0.007716776277793725,0.017269198997124455,0.));
#6106=CARTESIAN_POINT('',(0.007711441852627204,0.017243220311275,0.));
#6107=CARTESIAN_POINT('',(0.007704100116410664,0.017217695346631406,0.));
#6108=CARTESIAN_POINT('',(0.007694447161502702,0.017192598433517534,0.));
#6109=CARTESIAN_POINT('',(0.007682884482795005,0.017167917749427927,0.));
#6110=CARTESIAN_POINT('',(0.007669048789668294,0.017143659237644215,0.));
#6111=CARTESIAN_POINT('',(0.007658441345179647,0.01712814626454749,0.));
#6112=CARTESIAN_POINT('',(0.007653050258703402,0.01712026201122355,0.));
#6113=B_SPLINE_CURVE_WITH_KNOTS('',3,(#6102,#6103,#6104,#6105,#6106,#6107,#6108,#6109,#6110,#6111,#6112),.UNSPECIFIED.,.F.,.F.,(4,1,1,1,1,1,1,1,4),(0.,0.1230335798413801,0.24586969562550529,0.36737726680539134,0.4902753662522283,0.6134945055477671,0.7396341611030872,0.8676726751240166,1.),.UNSPECIFIED.);
#6114=TRIMMED_CURVE('',#6113,(PARAMETER_VALUE(0.)),(PARAMETER_VALUE(1.)),.T.,.PARAMETER.);
#6115=EDGE_CURVE('',#2953,#2969,#6114,.T.);
#6116=ORIENTED_EDGE('',*,*,#6115,.T.);
#6117=CARTESIAN_POINT('',(0.007545332945438857,0.017513535809848223,0.));
#6118=CARTESIAN_POINT('',(0.007552447708749788,0.017513343219135783,0.));
#6119=CARTESIAN_POINT('',(0.007566216281215177,0.017512970515355688,0.));
#6120=CARTESIAN_POINT('',(0.007586172748495314,0.017510974080686335,0.));
#6121=CARTESIAN_POINT('',(0.007604694393313967,0.017507137097094987,0.));
#6122=CARTESIAN_POINT('',(0.007621835956826915,0.017501800580715984,0.));
#6123=CARTESIAN_POINT('',(0.0076378402461517204,0.01749539670340176,0.));
#6124=CARTESIAN_POINT('',(0.007652277665578439,0.01748706907023934,0.));
#6125=CARTESIAN_POINT('',(0.007665293287921521,0.017477240117507703,0.));
#6126=CARTESIAN_POINT('',(0.007677060165001226,0.017465948753617493,0.));
#6127=CARTESIAN_POINT('',(0.007687356167417513,0.017453055349608244,0.));
#6128=CARTESIAN_POINT('',(0.007696284938422197,0.017438709798644415,0.));
#6129=CARTESIAN_POINT('',(0.0077040066875157,0.017422975932434453,0.));
#6130=CARTESIAN_POINT('',(0.007709941769844156,0.01740561137246925,0.));
#6131=CARTESIAN_POINT('',(0.007714948371606619,0.01738686569755099,0.));
#6132=CARTESIAN_POINT('',(0.007718119193795526,0.017366617567709165,0.));
#6133=CARTESIAN_POINT('',(0.007720380312390012,0.017344900243758867,0.));
#6134=CARTESIAN_POINT('',(0.007720549824700214,0.01732993017363096,0.));
#6135=CARTESIAN_POINT('',(0.007720637592516451,0.01732217917099003,0.));
#6136=B_SPLINE_CURVE_WITH_KNOTS('',3,(#6117,#6118,#6119,#6120,#6121,#6122,#6123,#6124,#6125,#6126,#6127,#6128,#6129,#6130,#6131,#6132,#6133,#6134,#6135),.UNSPECIFIED.,.F.,.F.,(4,1,1,1,1,1,1,1,1,1,1,1,1,1,1,1,4),(0.,0.07174098734874769,0.13883399065887847,0.2018900322753254,0.2620557718001716,0.3196549803445342,0.3752923508343893,0.4295174680407167,0.48372864861355885,0.5392617994801021,0.5953859611647141,0.653792857290975,0.7155248247991316,0.7800809068506044,0.8491567981547368,0.9218984249319214,1.),.UNSPECIFIED.);
#6137=TRIMMED_CURVE('',#6136,(PARAMETER_VALUE(0.)),(PARAMETER_VALUE(1.)),.T.,.PARAMETER.);
#6138=EDGE_CURVE('',#2969,#2994,#6137,.T.);
#6139=ORIENTED_EDGE('',*,*,#6138,.T.);
#6140=CARTESIAN_POINT('',(0.007355665989925991,0.01726282904348545,0.));
#6141=CARTESIAN_POINT('',(0.007355860504158748,0.017272969370091117,0.));
#6142=CARTESIAN_POINT('',(0.007356236458032606,0.01729256842469783,0.));
#6143=CARTESIAN_POINT('',(0.007358201807900469,0.01732102094112291,0.));
#6144=CARTESIAN_POINT('',(0.007362132875985143,0.01734743478376469,0.));
#6145=CARTESIAN_POINT('',(0.007366980739322031,0.0173720837066611,0.));
#6146=CARTESIAN_POINT('',(0.007373835698829959,0.017394628176349222,0.));
#6147=CARTESIAN_POINT('',(0.007381731856447099,0.01741540343478955,0.));
#6148=CARTESIAN_POINT('',(0.007391570867402468,0.017433984059512835,0.));
#6149=CARTESIAN_POINT('',(0.007402519115732683,0.017450931317460776,0.));
#6150=CARTESIAN_POINT('',(0.007415228640188859,0.017465786399390174,0.));
#6151=CARTESIAN_POINT('',(0.007429529009173978,0.01747850563319777,0.));
#6152=CARTESIAN_POINT('',(0.007445124428936481,0.017489484160473117,0.));
#6153=CARTESIAN_POINT('',(0.007462311031990034,0.01749837245828767,0.));
#6154=CARTESIAN_POINT('',(0.00748108848453574,0.017505104652732684,0.));
#6155=CARTESIAN_POINT('',(0.007501206903946538,0.017509903428447392,0.));
#6156=CARTESIAN_POINT('',(0.007522782791965707,0.017512944092579075,0.));
#6157=CARTESIAN_POINT('',(0.007537648403118453,0.01751333416703449,0.));
#6158=CARTESIAN_POINT('',(0.007545332945438857,0.017513535809848223,0.));
#6159=B_SPLINE_CURVE_WITH_KNOTS('',3,(#6140,#6141,#6142,#6143,#6144,#6145,#6146,#6147,#6148,#6149,#6150,#6151,#6152,#6153,#6154,#6155,#6156,#6157,#6158),.UNSPECIFIED.,.F.,.F.,(4,1,1,1,1,1,1,1,1,1,1,1,1,1,1,1,4),(0.,0.08484841563922227,0.16399360652522083,0.2383777706128513,0.3081485454194586,0.3739293557379926,0.4352898231742259,0.4937758629551454,0.5494821137802857,0.6037850384590602,0.6567588443149566,0.7092094311398529,0.7629504479089124,0.8181027987074772,0.8756741437901088,0.9357317170650791,1.),.UNSPECIFIED.);
#6160=TRIMMED_CURVE('',#6159,(PARAMETER_VALUE(0.)),(PARAMETER_VALUE(1.)),.T.,.PARAMETER.);
#6161=EDGE_CURVE('',#2994,#3019,#6160,.T.);
#6162=ORIENTED_EDGE('',*,*,#6161,.T.);
#6163=CARTESIAN_POINT('',(0.00735566598992599,0.01718278029500062,0.));
#6164=DIRECTION('',(0.,1.,0.));
#6165=VECTOR('',#6164,1.);
#6166=LINE('',#6163,#6165);
#6167=EDGE_CURVE('',#3019,#3028,#6166,.T.);
#6168=ORIENTED_EDGE('',*,*,#6167,.T.);
#6169=CARTESIAN_POINT('',(0.007261043722587723,0.01718278029500062,0.));
#6170=DIRECTION('',(1.,0.,0.));
#6171=VECTOR('',#6170,1.);
#6172=LINE('',#6169,#6171);
#6173=EDGE_CURVE('',#3028,#3036,#6172,.T.);
#6174=ORIENTED_EDGE('',*,*,#6173,.T.);
#6175=CARTESIAN_POINT('',(0.007261043722587723,0.017267898093521427,0.));
#6176=DIRECTION('',(0.,-1.,0.));
#6177=VECTOR('',#6176,1.);
#6178=LINE('',#6175,#6177);
#6179=EDGE_CURVE('',#3036,#3044,#6178,.T.);
#6180=ORIENTED_EDGE('',*,*,#6179,.T.);
#6181=CARTESIAN_POINT('',(0.007056380827385086,0.017554088210136053,0.));
#6182=CARTESIAN_POINT('',(0.0070646296360414255,0.017553910223499523,0.));
#6183=CARTESIAN_POINT('',(0.007080708198508594,0.01755356329227915,0.));
#6184=CARTESIAN_POINT('',(0.007104025550650004,0.01755015546119016,0.));
#6185=CARTESIAN_POINT('',(0.0071257573765528565,0.01754441582515551,0.));
#6186=CARTESIAN_POINT('',(0.007145902637479572,0.01753660492768222,0.));
#6187=CARTESIAN_POINT('',(0.007164608061147145,0.017526705752800596,0.));
#6188=CARTESIAN_POINT('',(0.007181236368772776,0.017513980805922535,0.));
#6189=CARTESIAN_POINT('',(0.007196773363478645,0.017499532569247377,0.));
#6190=CARTESIAN_POINT('',(0.007210415301797913,0.017482527573021,0.));
#6191=CARTESIAN_POINT('',(0.007222500785472137,0.017463387194942684,0.));
#6192=CARTESIAN_POINT('',(0.007232906437587314,0.017442070968378853,0.));
#6193=CARTESIAN_POINT('',(0.007241482046741141,0.017418456430696047,0.));
#6194=CARTESIAN_POINT('',(0.007248624856305942,0.01739260063625443,0.));
#6195=CARTESIAN_POINT('',(0.00725427888508175,0.017364584463210136,0.));
#6196=CARTESIAN_POINT('',(0.007258277856683277,0.017334315860291848,0.));
#6197=CARTESIAN_POINT('',(0.007260532140877722,0.017301867243150547,0.));
#6198=CARTESIAN_POINT('',(0.007260869782467368,0.017279447759702374,0.));
#6199=CARTESIAN_POINT('',(0.007261043722587723,0.017267898093521427,0.));
#6200=B_SPLINE_CURVE_WITH_KNOTS('',3,(#6181,#6182,#6183,#6184,#6185,#6186,#6187,#6188,#6189,#6190,#6191,#6192,#6193,#6194,#6195,#6196,#6197,#6198,#6199),.UNSPECIFIED.,.F.,.F.,(4,1,1,1,1,1,1,1,1,1,1,1,1,1,1,1,4),(0.,0.06177771293888437,0.12041700298178437,0.17607862506070493,0.22986114043081424,0.28202560694681283,0.3340404823045114,0.3862849107495878,0.4406617829635671,0.49686077829594216,0.5556067521300431,0.6180297742280033,0.6848413839818377,0.7564344543404382,0.8320117480716612,0.9134588342956875,1.),.UNSPECIFIED.);
#6201=TRIMMED_CURVE('',#6200,(PARAMETER_VALUE(0.)),(PARAMETER_VALUE(1.)),.T.,.PARAMETER.);
#6202=EDGE_CURVE('',#3044,#3068,#6201,.T.);
#6203=ORIENTED_EDGE('',*,*,#6202,.T.);
#6204=CARTESIAN_POINT('',(0.0068555197197094336,0.01731816617304488,0.));
#6205=CARTESIAN_POINT('',(0.006855680923953164,0.017326901541931,0.));
#6206=CARTESIAN_POINT('',(0.006855996243272248,0.017343988130381793,0.));
#6207=CARTESIAN_POINT('',(0.006858483803502164,0.017368939059376448,0.));
#6208=CARTESIAN_POINT('',(0.006862984868589278,0.017392583257888502,0.));
#6209=CARTESIAN_POINT('',(0.006869082805417576,0.017414892594415546,0.));
#6210=CARTESIAN_POINT('',(0.006876628571016523,0.017435944317554027,0.));
#6211=CARTESIAN_POINT('',(0.006885922556271678,0.01745539189607089,0.));
#6212=CARTESIAN_POINT('',(0.006896778363443786,0.01747327039368692,0.));
#6213=CARTESIAN_POINT('',(0.006909013122536964,0.0174896160941222,0.));
#6214=CARTESIAN_POINT('',(0.006922830071974253,0.017504278776764567,0.));
#6215=CARTESIAN_POINT('',(0.006938044644059428,0.017517200587122157,0.));
#6216=CARTESIAN_POINT('',(0.00695472422430305,0.017528282837896852,0.));
#6217=CARTESIAN_POINT('',(0.0069727020071323614,0.017537582941579404,0.));
#6218=CARTESIAN_POINT('',(0.006991955185619741,0.017545001957626972,0.));
#6219=CARTESIAN_POINT('',(0.0070124302720492825,0.017550281971821544,0.));
#6220=CARTESIAN_POINT('',(0.007034030423869832,0.017553509199385878,0.));
#6221=CARTESIAN_POINT('',(0.0070488363198928415,0.017553892761721,0.));
#6222=CARTESIAN_POINT('',(0.007056380827385086,0.017554088210136053,0.));
#6223=B_SPLINE_CURVE_WITH_KNOTS('',3,(#6204,#6205,#6206,#6207,#6208,#6209,#6210,#6211,#6212,#6213,#6214,#6215,#6216,#6217,#6218,#6219,#6220,#6221,#6222),.UNSPECIFIED.,.F.,.F.,(4,1,1,1,1,1,1,1,1,1,1,1,1,1,1,1,4),(0.,0.07505128043992014,0.14680208223603844,0.21514129142149402,0.2816211538233118,0.34534667143984055,0.4070384439413047,0.4664856837113134,0.5248017938222556,0.582146559949049,0.6392322875232924,0.6959417594062569,0.7538422202381195,0.8128228606369441,0.8728337681802772,0.9352010450949199,0.9999999999999999),.UNSPECIFIED.);
#6224=TRIMMED_CURVE('',#6223,(PARAMETER_VALUE(0.)),(PARAMETER_VALUE(0.9999999999999999)),.T.,.PARAMETER.);
#6225=EDGE_CURVE('',#3068,#3093,#6224,.T.);
#6226=ORIENTED_EDGE('',*,*,#6225,.T.);
#6227=CARTESIAN_POINT('',(0.006936624520285092,0.017080976873444714,0.));
#6228=CARTESIAN_POINT('',(0.00693013880873955,0.017089674321850983,0.));
#6229=CARTESIAN_POINT('',(0.0069173055423089385,0.017106883948255196,0.));
#6230=CARTESIAN_POINT('',(0.006900797499187895,0.017134330540420538,0.));
#6231=CARTESIAN_POINT('',(0.006886832650626057,0.017162671149534396,0.));
#6232=CARTESIAN_POINT('',(0.006875336062258896,0.01719197935838017,0.));
#6233=CARTESIAN_POINT('',(0.0068664737153099585,0.017222239128393203,0.));
#6234=CARTESIAN_POINT('',(0.006860156982230312,0.01725339599469063,0.));
#6235=CARTESIAN_POINT('',(0.0068562210182189255,0.01728546830151056,0.));
#6236=CARTESIAN_POINT('',(0.00685575552310432,0.01730717189741338,0.));
#6237=CARTESIAN_POINT('',(0.0068555197197094336,0.01731816617304488,0.));
#6238=B_SPLINE_CURVE_WITH_KNOTS('',3,(#6227,#6228,#6229,#6230,#6231,#6232,#6233,#6234,#6235,#6236,#6237),.UNSPECIFIED.,.F.,.F.,(4,1,1,1,1,1,1,1,4),(0.,0.1273396958009037,0.2519668400192205,0.37545631611372865,0.49796781839930926,0.6211830239304438,0.745216466586342,0.870935654844446,1.),.UNSPECIFIED.);
#6239=TRIMMED_CURVE('',#6238,(PARAMETER_VALUE(0.)),(PARAMETER_VALUE(1.)),.T.,.PARAMETER.);
#6240=EDGE_CURVE('',#3093,#3110,#6239,.T.);
#6241=ORIENTED_EDGE('',*,*,#6240,.T.);
#6242=CARTESIAN_POINT('',(0.006814756109003439,0.017080976873444714,0.));
#6243=DIRECTION('',(1.,0.,0.));
#6244=VECTOR('',#6243,1.);
#6245=LINE('',#6242,#6244);
#6246=EDGE_CURVE('',#3110,#3119,#6245,.T.);
#6247=ORIENTED_EDGE('',*,*,#6246,.T.);
#6248=CARTESIAN_POINT('',(0.006760897452371166,0.017314575595936063,0.));
#6249=CARTESIAN_POINT('',(0.006761053620706568,0.017302672933577828,0.));
#6250=CARTESIAN_POINT('',(0.006761358935700669,0.01727940277911058,0.));
#6251=CARTESIAN_POINT('',(0.006763906332459433,0.017245482795562313,0.));
#6252=CARTESIAN_POINT('',(0.006768113460270634,0.017213393580639388,0.));
#6253=CARTESIAN_POINT('',(0.006773948125562024,0.01718317528557893,0.));
#6254=CARTESIAN_POINT('',(0.006781600315326895,0.017154834115792605,0.));
#6255=CARTESIAN_POINT('',(0.006790578525528689,0.01712826386317066,0.));
#6256=CARTESIAN_POINT('',(0.006801505352665763,0.017103623658821832,0.));
#6257=CARTESIAN_POINT('',(0.006810391932059477,0.0170884356611606,0.));
#6258=CARTESIAN_POINT('',(0.00681475610900344,0.017080976873444717,0.));
#6259=B_SPLINE_CURVE_WITH_KNOTS('',3,(#6248,#6249,#6250,#6251,#6252,#6253,#6254,#6255,#6256,#6257,#6258),.UNSPECIFIED.,.F.,.F.,(4,1,1,1,1,1,1,1,4),(0.,0.14709164783188053,0.28756972708053236,0.42010547948608,0.546895588648376,0.6676262618751475,0.7826469235366431,0.8932584470385365,1.),.UNSPECIFIED.);
#6260=TRIMMED_CURVE('',#6259,(PARAMETER_VALUE(0.)),(PARAMETER_VALUE(1.)),.T.,.PARAMETER.);
#6261=EDGE_CURVE('',#3119,#3135,#6260,.T.);
#6262=ORIENTED_EDGE('',*,*,#6261,.T.);
#6263=CARTESIAN_POINT('',(0.007068631031638701,0.01767574541099954,0.));
#6264=CARTESIAN_POINT('',(0.007057349250182044,0.01767541369884597,0.));
#6265=CARTESIAN_POINT('',(0.007035171660753367,0.017674761623109658,0.));
#6266=CARTESIAN_POINT('',(0.0070026473096197785,0.017669824745202505,0.));
#6267=CARTESIAN_POINT('',(0.006971692644812856,0.01766160005843378,0.));
#6268=CARTESIAN_POINT('',(0.006942409694713836,0.01765009315112553,0.));
#6269=CARTESIAN_POINT('',(0.006914927957460256,0.017635826347129152,0.));
#6270=CARTESIAN_POINT('',(0.006889581083010582,0.01761847713366211,0.));
#6271=CARTESIAN_POINT('',(0.006866205297731324,0.017598582266452185,0.));
#6272=CARTESIAN_POINT('',(0.006845120343048252,0.017575845260722547,0.));
#6273=CARTESIAN_POINT('',(0.006825985199129051,0.017550762479427964,0.));
#6274=CARTESIAN_POINT('',(0.006809029889874384,0.017523292921911668,0.));
#6275=CARTESIAN_POINT('',(0.0067947559698289675,0.017493241395857315,0.));
#6276=CARTESIAN_POINT('',(0.006782436851055709,0.017461155830261803,0.));
#6277=CARTESIAN_POINT('',(0.006772828223427394,0.017427001717763294,0.));
#6278=CARTESIAN_POINT('',(0.006765768154362223,0.017391066075922435,0.));
#6279=CARTESIAN_POINT('',(0.0067618284894627664,0.0173533856102344,0.));
#6280=CARTESIAN_POINT('',(0.006761211806628097,0.017327679363032224,0.));
#6281=CARTESIAN_POINT('',(0.006760897452371166,0.017314575595936063,0.));
#6282=B_SPLINE_CURVE_WITH_KNOTS('',3,(#6263,#6264,#6265,#6266,#6267,#6268,#6269,#6270,#6271,#6272,#6273,#6274,#6275,#6276,#6277,#6278,#6279,#6280,#6281),.UNSPECIFIED.,.F.,.F.,(4,1,1,1,1,1,1,1,1,1,1,1,1,1,1,1,4),(0.,0.06351959410944681,0.12486604923588544,0.18478511962789165,0.24354240310581543,0.3017134704770975,0.35879050167611926,0.41616149849495215,0.47423112939438944,0.5330739713937542,0.5935973970726424,0.6556661320906797,0.720173022050978,0.7869456784864374,0.8552200781110828,0.926198392098562,1.),.UNSPECIFIED.);
#6283=TRIMMED_CURVE('',#6282,(PARAMETER_VALUE(0.)),(PARAMETER_VALUE(1.)),.T.,.PARAMETER.);
#6284=EDGE_CURVE('',#3135,#3160,#6283,.T.);
#6285=ORIENTED_EDGE('',*,*,#6284,.T.);
#6286=CARTESIAN_POINT('',(0.007312579064620172,0.017431374957181736,0.));
#6287=CARTESIAN_POINT('',(0.0073114182767379035,0.0174400510280409,0.));
#6288=CARTESIAN_POINT('',(0.007309131165641138,0.01745714557067136,0.));
#6289=CARTESIAN_POINT('',(0.007303904670222764,0.01748219229803955,0.));
#6290=CARTESIAN_POINT('',(0.007296648307682902,0.017506098462776818,0.));
#6291=CARTESIAN_POINT('',(0.007287849335714725,0.017528957188081146,0.));
#6292=CARTESIAN_POINT('',(0.007277191486848783,0.017550504404520557,0.));
#6293=CARTESIAN_POINT('',(0.007265348191025882,0.017570798701357367,0.));
#6294=CARTESIAN_POINT('',(0.007251560879388587,0.01758931177665452,0.));
#6295=CARTESIAN_POINT('',(0.007236660909682902,0.017606483936115504,0.));
#6296=CARTESIAN_POINT('',(0.007220166212594695,0.01762190816713472,0.));
#6297=CARTESIAN_POINT('',(0.007202258597674702,0.017635556601681267,0.));
#6298=CARTESIAN_POINT('',(0.007182974296390636,0.017647369163462715,0.));
#6299=CARTESIAN_POINT('',(0.007162429858015087,0.01765752502313935,0.));
#6300=CARTESIAN_POINT('',(0.007140665939383225,0.017665961548489224,0.));
#6301=CARTESIAN_POINT('',(0.007117552118535868,0.01767140107672672,0.));
#6302=CARTESIAN_POINT('',(0.007093474751221301,0.017675306427063785,0.));
#6303=CARTESIAN_POINT('',(0.0070770258276608945,0.017675597076504557,0.));
#6304=CARTESIAN_POINT('',(0.007068631031638701,0.01767574541099954,0.));
#6305=B_SPLINE_CURVE_WITH_KNOTS('',3,(#6286,#6287,#6288,#6289,#6290,#6291,#6292,#6293,#6294,#6295,#6296,#6297,#6298,#6299,#6300,#6301,#6302,#6303,#6304),.UNSPECIFIED.,.F.,.F.,(4,1,1,1,1,1,1,1,1,1,1,1,1,1,1,1,4),(0.,0.06894276094684143,0.1358385593199698,0.20128407155155692,0.26555105796231565,0.3285516232782211,0.390471261568304,0.4503709606807844,0.5101086885096445,0.5693578458312485,0.6279256106151906,0.6871851497762538,0.747207962213679,0.8082898807871175,0.8705686200802127,0.9339440037332858,0.9999999999999999),.UNSPECIFIED.);
#6306=TRIMMED_CURVE('',#6305,(PARAMETER_VALUE(0.)),(PARAMETER_VALUE(0.9999999999999999)),.T.,.PARAMETER.);
#6307=EDGE_CURVE('',#3160,#2876,#6306,.T.);
#6308=ORIENTED_EDGE('',*,*,#6307,.T.);
#6309=EDGE_LOOP('',(#6034,#6057,#6080,#6095,#6101,#6116,#6139,#6162,#6168,#6174,#6180,#6203,#6226,#6241,#6247,#6262,#6285,#6308));
#6310=FACE_OUTER_BOUND('',#6309,.T.);
#6311=ADVANCED_FACE('',(#6310),#24,.T.);
#6312=CARTESIAN_POINT('',(0.007166421455249455,0.01470718298367956,0.));
#6313=DIRECTION('',(0.,1.,0.));
#6314=VECTOR('',#6313,1.);
#6315=LINE('',#6312,#6314);
#6316=CARTESIAN_POINT('',(0.007166421455249455,0.015068986429997535,0.));
#6317=VERTEX_POINT('',#6316);
#6318=CARTESIAN_POINT('',(0.007166421455249455,0.01470718298367956,0.));
#6319=VERTEX_POINT('',#6318);
#6320=EDGE_CURVE('',#6317,#6319,#6315,.T.);
#6321=ORIENTED_EDGE('',*,*,#6320,.F.);
#6322=CARTESIAN_POINT('',(0.007166421455249455,0.015068986429997535,0.));
#6323=DIRECTION('',(0.9384192070976481,-0.345498757957567,0.));
#6324=VECTOR('',#6323,1.);
#6325=LINE('',#6322,#6324);
#6326=CARTESIAN_POINT('',(0.007611019385488413,0.014905298355919059,0.));
#6327=VERTEX_POINT('',#6326);
#6328=EDGE_CURVE('',#6327,#6317,#6325,.T.);
#6329=ORIENTED_EDGE('',*,*,#6328,.F.);
#6330=CARTESIAN_POINT('',(0.007611019385488413,0.014905298355919059,0.));
#6331=CARTESIAN_POINT('',(0.007615163306712833,0.01490399786036083,0.));
#6332=CARTESIAN_POINT('',(0.007624439728516037,0.014901086621295708,0.));
#6333=CARTESIAN_POINT('',(0.007640062438425975,0.014897089148497,0.));
#6334=CARTESIAN_POINT('',(0.007659000665864074,0.01489342659986228,0.));
#6335=CARTESIAN_POINT('',(0.007672689606967297,0.014890986871988754,0.));
#6336=CARTESIAN_POINT('',(0.007680085192228622,0.014889668784974792,0.));
#6337=B_SPLINE_CURVE_WITH_KNOTS('',3,(#6330,#6331,#6332,#6333,#6334,#6335,#6336),.UNSPECIFIED.,.F.,.F.,(4,1,1,1,4),(0.,0.18380848949332435,0.4114665765125455,0.682039021154369,1.),.UNSPECIFIED.);
#6338=CARTESIAN_POINT('',(0.007680085192228622,0.014889668784974792,0.));
#6339=VERTEX_POINT('',#6338);
#6340=TRIMMED_CURVE('',#6337,(PARAMETER_VALUE(0.)),(PARAMETER_VALUE(1.)),.T.,.PARAMETER.);
#6341=EDGE_CURVE('',#6339,#6327,#6340,.T.);
#6342=ORIENTED_EDGE('',*,*,#6341,.F.);
#6343=CARTESIAN_POINT('',(0.007680085192228622,0.014889668784974792,0.));
#6344=DIRECTION('',(0.,-1.,0.));
#6345=VECTOR('',#6344,1.);
#6346=LINE('',#6343,#6345);
#6347=CARTESIAN_POINT('',(0.007680085192228622,0.014886923049538637,0.));
#6348=VERTEX_POINT('',#6347);
#6349=EDGE_CURVE('',#6348,#6339,#6346,.T.);
#6350=ORIENTED_EDGE('',*,*,#6349,.F.);
#6351=CARTESIAN_POINT('',(0.007680085192228622,0.014886923049538637,0.));
#6352=CARTESIAN_POINT('',(0.0076731787906972595,0.01488569293449588,0.));
#6353=CARTESIAN_POINT('',(0.007660032204390952,0.01488335136580735,0.));
#6354=CARTESIAN_POINT('',(0.007641525940678338,0.014879464690594884,0.));
#6355=CARTESIAN_POINT('',(0.007625378284104224,0.014875063991099455,0.));
#6356=CARTESIAN_POINT('',(0.0076155791903508305,0.014871626009469226,0.));
#6357=CARTESIAN_POINT('',(0.007611019385488413,0.014870026216085373,0.));
#6358=B_SPLINE_CURVE_WITH_KNOTS('',3,(#6351,#6352,#6353,#6354,#6355,#6356,#6357),.UNSPECIFIED.,.F.,.F.,(4,1,1,1,4),(0.,0.2955453750335106,0.5625813620399667,0.7964563170351988,1.),.UNSPECIFIED.);
#6359=CARTESIAN_POINT('',(0.007611019385488413,0.014870026216085373,0.));
#6360=VERTEX_POINT('',#6359);
#6361=TRIMMED_CURVE('',#6358,(PARAMETER_VALUE(0.)),(PARAMETER_VALUE(1.)),.T.,.PARAMETER.);
#6362=EDGE_CURVE('',#6360,#6348,#6361,.T.);
#6363=ORIENTED_EDGE('',*,*,#6362,.F.);
#6364=CARTESIAN_POINT('',(0.007611019385488413,0.014870026216085373,0.));
#6365=DIRECTION('',(-0.9389964073236863,-0.3439269501408839,0.));
#6366=VECTOR('',#6365,1.);
#6367=LINE('',#6364,#6366);
#6368=EDGE_CURVE('',#6319,#6360,#6367,.T.);
#6369=ORIENTED_EDGE('',*,*,#6368,.F.);
#6370=EDGE_LOOP('',(#6321,#6329,#6342,#6350,#6363,#6369));
#6371=FACE_OUTER_BOUND('',#6370,.T.);
#6372=ADVANCED_FACE('',(#6371),#24,.T.);
#6373=CARTESIAN_POINT('',(0.007517875591077306,0.01584877529386558,0.));
#6374=CARTESIAN_POINT('',(0.007517734222629198,0.015858717042480132,0.));
#6375=CARTESIAN_POINT('',(0.007517460493739843,0.015877967050829913,0.));
#6376=CARTESIAN_POINT('',(0.0075135991581131364,0.015905846394157586,0.));
#6377=CARTESIAN_POINT('',(0.0075082127591549076,0.015931925495000755,0.));
#6378=CARTESIAN_POINT('',(0.0074997279186599635,0.015955970355519385,0.));
#6379=CARTESIAN_POINT('',(0.0074895412056468465,0.015978285119720104,0.));
#6380=CARTESIAN_POINT('',(0.0074767094724748195,0.0159985661635497,0.));
#6381=CARTESIAN_POINT('',(0.007461525341605961,0.016016868993142978,0.));
#6382=CARTESIAN_POINT('',(0.007444195504182578,0.016033465969726636,0.));
#6383=CARTESIAN_POINT('',(0.007424300107256258,0.01604787635650771,0.));
#6384=CARTESIAN_POINT('',(0.007402175791618661,0.016060355355383197,0.));
#6385=CARTESIAN_POINT('',(0.007377777685112654,0.016070974388641572,0.));
#6386=CARTESIAN_POINT('',(0.007350949367341552,0.01607926514201263,0.));
#6387=CARTESIAN_POINT('',(0.007321954178965247,0.016086050687683772,0.));
#6388=CARTESIAN_POINT('',(0.007290679542140416,0.016090869864089696,0.));
#6389=CARTESIAN_POINT('',(0.007257077172982658,0.016093533289429727,0.));
#6390=CARTESIAN_POINT('',(0.007233943052404649,0.016093973806492114,0.));
#6391=CARTESIAN_POINT('',(0.007221969795227054,0.01609420179977421,0.));
#6392=B_SPLINE_CURVE_WITH_KNOTS('',3,(#6373,#6374,#6375,#6376,#6377,#6378,#6379,#6380,#6381,#6382,#6383,#6384,#6385,#6386,#6387,#6388,#6389,#6390,#6391),.UNSPECIFIED.,.F.,.F.,(4,1,1,1,1,1,1,1,1,1,1,1,1,1,1,1,4),(0.,0.06773246468912839,0.1311490122480645,0.191603575242785,0.24899156257755867,0.3046176098861574,0.3585588060426397,0.41209687423726216,0.4664276040491391,0.5217357915638343,0.5791378330178526,0.639338348003909,0.7028021223971173,0.7703420656995041,0.8422453217905552,0.9183527497057347,1.),.UNSPECIFIED.);
#6393=TRIMMED_CURVE('',#6392,(PARAMETER_VALUE(0.)),(PARAMETER_VALUE(1.)),.T.,.PARAMETER.);
#6394=EDGE_CURVE('',#2726,#2728,#6393,.T.);
#6395=ORIENTED_EDGE('',*,*,#6394,.T.);
#6396=CARTESIAN_POINT('',(0.007383334554705707,0.015610318731756419,0.));
#6397=CARTESIAN_POINT('',(0.00739400251319485,0.0156173981842396,0.));
#6398=CARTESIAN_POINT('',(0.007414860515232661,0.015631239936105348,0.));
#6399=CARTESIAN_POINT('',(0.007442503859076013,0.015655658204316757,0.));
#6400=CARTESIAN_POINT('',(0.007465692442230261,0.015682557322022003,0.));
#6401=CARTESIAN_POINT('',(0.007484996017714844,0.015711382127510522,0.));
#6402=CARTESIAN_POINT('',(0.007499654821946106,0.0157426967675261,0.));
#6403=CARTESIAN_POINT('',(0.007510231497993981,0.015776053599820455,0.));
#6404=CARTESIAN_POINT('',(0.007516746739690641,0.01581170194304704,0.));
#6405=CARTESIAN_POINT('',(0.007517493152519694,0.015836215377670784,0.));
#6406=CARTESIAN_POINT('',(0.007517875591077306,0.01584877529386558,0.));
#6407=B_SPLINE_CURVE_WITH_KNOTS('',3,(#6396,#6397,#6398,#6399,#6400,#6401,#6402,#6403,#6404,#6405,#6406),.UNSPECIFIED.,.F.,.F.,(4,1,1,1,1,1,1,1,4),(0.,0.13368922751706794,0.2613892979451075,0.3839676763332818,0.5039551118070286,0.6227660492285119,0.7439944923459543,0.868830795402795,1.),.UNSPECIFIED.);
#6408=TRIMMED_CURVE('',#6407,(PARAMETER_VALUE(0.)),(PARAMETER_VALUE(1.)),.T.,.PARAMETER.);
#6409=EDGE_CURVE('',#2728,#2745,#6408,.T.);
#6410=ORIENTED_EDGE('',*,*,#6409,.T.);
#6411=CARTESIAN_POINT('',(0.007383334554705707,0.015607572996320264,0.));
#6412=DIRECTION('',(0.,1.,0.));
#6413=VECTOR('',#6412,1.);
#6414=LINE('',#6411,#6413);
#6415=EDGE_CURVE('',#2745,#2754,#6414,.T.);
#6416=ORIENTED_EDGE('',*,*,#6415,.T.);
#6417=CARTESIAN_POINT('',(0.007855812260142547,0.015607572996320264,0.));
#6418=DIRECTION('',(-1.,0.,0.));
#6419=VECTOR('',#6418,1.);
#6420=LINE('',#6417,#6419);
#6421=EDGE_CURVE('',#2754,#2762,#6420,.T.);
#6422=ORIENTED_EDGE('',*,*,#6421,.T.);
#6423=CARTESIAN_POINT('',(0.007855812260142547,0.015485915795456776,0.));
#6424=DIRECTION('',(0.,1.,0.));
#6425=VECTOR('',#6424,1.);
#6426=LINE('',#6423,#6425);
#6427=EDGE_CURVE('',#2762,#2770,#6426,.T.);
#6428=ORIENTED_EDGE('',*,*,#6427,.T.);
#6429=CARTESIAN_POINT('',(0.0067744149191337755,0.015485915795456776,0.));
#6430=DIRECTION('',(1.,0.,0.));
#6431=VECTOR('',#6430,1.);
#6432=LINE('',#6429,#6431);
#6433=EDGE_CURVE('',#2770,#2778,#6432,.T.);
#6434=ORIENTED_EDGE('',*,*,#6433,.T.);
#6435=CARTESIAN_POINT('',(0.0067744149191337755,0.015607572996320264,0.));
#6436=DIRECTION('',(0.,-1.,0.));
#6437=VECTOR('',#6436,1.);
#6438=LINE('',#6435,#6437);
#6439=EDGE_CURVE('',#2778,#2786,#6438,.T.);
#6440=ORIENTED_EDGE('',*,*,#6439,.T.);
#6441=CARTESIAN_POINT('',(0.007187964917902364,0.015607572996320264,0.));
#6442=DIRECTION('',(-1.,0.,0.));
#6443=VECTOR('',#6442,1.);
#6444=LINE('',#6441,#6443);
#6445=EDGE_CURVE('',#2786,#2794,#6444,.T.);
#6446=ORIENTED_EDGE('',*,*,#6445,.T.);
#6447=CARTESIAN_POINT('',(0.0074232533237390385,0.015806110789396092,0.));
#6448=CARTESIAN_POINT('',(0.007423057209551767,0.015799268688463784,0.));
#6449=CARTESIAN_POINT('',(0.0074226688972416355,0.015785721111635433,0.));
#6450=CARTESIAN_POINT('',(0.0074193819099981,0.015765905663618306,0.));
#6451=CARTESIAN_POINT('',(0.00741430836731766,0.015746840079034624,0.));
#6452=CARTESIAN_POINT('',(0.0074071614675092524,0.01572865037888088,0.));
#6453=CARTESIAN_POINT('',(0.007397682618937095,0.01571135208288115,0.));
#6454=CARTESIAN_POINT('',(0.007386241130348904,0.015694896364658956,0.));
#6455=CARTESIAN_POINT('',(0.007372849143228162,0.015679140766625795,0.));
#6456=CARTESIAN_POINT('',(0.007357456164446004,0.015664471502238125,0.));
#6457=CARTESIAN_POINT('',(0.007340496777610875,0.01565098198740493,0.));
#6458=CARTESIAN_POINT('',(0.007322053848259306,0.015639359666285366,0.));
#6459=CARTESIAN_POINT('',(0.007302486005754023,0.01562962775105629,0.));
#6460=CARTESIAN_POINT('',(0.007281854324785037,0.015621556114582394,0.));
#6461=CARTESIAN_POINT('',(0.007260032038840967,0.01561515715199631,0.));
#6462=CARTESIAN_POINT('',(0.007236956837895412,0.015610872562414408,0.));
#6463=CARTESIAN_POINT('',(0.007212820782781284,0.015607971150903982,0.));
#6464=CARTESIAN_POINT('',(0.00719635183426358,0.015607707342447779,0.));
#6465=CARTESIAN_POINT('',(0.007187964917902364,0.015607572996320264,0.));
#6466=B_SPLINE_CURVE_WITH_KNOTS('',3,(#6447,#6448,#6449,#6450,#6451,#6452,#6453,#6454,#6455,#6456,#6457,#6458,#6459,#6460,#6461,#6462,#6463,#6464,#6465),.UNSPECIFIED.,.F.,.F.,(4,1,1,1,1,1,1,1,1,1,1,1,1,1,1,1,4),(0.,0.05967486580857946,0.11815812675981947,0.17479200780176374,0.23160888514688027,0.2882427661888126,0.34652883569244647,0.406238481673203,0.4683768871103989,0.5318019633613318,0.5950392896500687,0.658234817975316,0.7222404833434579,0.7881521525363804,0.8563521121302056,0.9268464031122619,1.),.UNSPECIFIED.);
#6467=TRIMMED_CURVE('',#6466,(PARAMETER_VALUE(0.)),(PARAMETER_VALUE(1.)),.T.,.PARAMETER.);
#6468=EDGE_CURVE('',#2794,#2818,#6467,.T.);
#6469=ORIENTED_EDGE('',*,*,#6468,.T.);
#6470=CARTESIAN_POINT('',(0.00719514607212,0.015972544598910725,0.));
#6471=CARTESIAN_POINT('',(0.007204371436214671,0.015972424697141895,0.));
#6472=CARTESIAN_POINT('',(0.007222209448912957,0.015972192857048328,0.));
#6473=CARTESIAN_POINT('',(0.007248111271052971,0.015970366220518513,0.));
#6474=CARTESIAN_POINT('',(0.007272132043209514,0.015966906914620563,0.));
#6475=CARTESIAN_POINT('',(0.007294555055417675,0.015962590088414372,0.));
#6476=CARTESIAN_POINT('',(0.007315128740653411,0.015956746877251626,0.));
#6477=CARTESIAN_POINT('',(0.007333928938494549,0.015949519144353396,0.));
#6478=CARTESIAN_POINT('',(0.007350929363549989,0.01594106825999209,0.));
#6479=CARTESIAN_POINT('',(0.007366218035918293,0.015931383536642068,0.));
#6480=CARTESIAN_POINT('',(0.007379763225845778,0.01592029567260339,0.));
#6481=CARTESIAN_POINT('',(0.007391292263651813,0.01590773436648606,0.));
#6482=CARTESIAN_POINT('',(0.007401545621780808,0.015894209940459335,0.));
#6483=CARTESIAN_POINT('',(0.007409181363579342,0.015878904267965146,0.));
#6484=CARTESIAN_POINT('',(0.007415694924530109,0.015862646904613045,0.));
#6485=CARTESIAN_POINT('',(0.007420006427190634,0.015844868864127285,0.));
#6486=CARTESIAN_POINT('',(0.007422855272802636,0.015825916785333988,0.));
#6487=CARTESIAN_POINT('',(0.007423118681182653,0.015812810258436193,0.));
#6488=CARTESIAN_POINT('',(0.007423253323739039,0.015806110789396095,0.));
#6489=B_SPLINE_CURVE_WITH_KNOTS('',3,(#6470,#6471,#6472,#6473,#6474,#6475,#6476,#6477,#6478,#6479,#6480,#6481,#6482,#6483,#6484,#6485,#6486,#6487,#6488),.UNSPECIFIED.,.F.,.F.,(4,1,1,1,1,1,1,1,1,1,1,1,1,1,1,1,4),(0.,0.08604870232080214,0.16638235942974694,0.24197854653385387,0.31229632575292365,0.3792269920009935,0.441178827907634,0.49991480139711003,0.5560222612919585,0.6096660866636422,0.6626344077019046,0.7147780931273452,0.767354171895462,0.821621411873669,0.877844042864527,0.9375593504461446,0.9999999999999999),.UNSPECIFIED.);
#6490=TRIMMED_CURVE('',#6489,(PARAMETER_VALUE(0.)),(PARAMETER_VALUE(0.9999999999999999)),.T.,.PARAMETER.);
#6491=EDGE_CURVE('',#2818,#2843,#6490,.T.);
#6492=ORIENTED_EDGE('',*,*,#6491,.T.);
#6493=CARTESIAN_POINT('',(0.0067744149191337755,0.015972544598910725,0.));
#6494=DIRECTION('',(1.,0.,0.));
#6495=VECTOR('',#6494,1.);
#6496=LINE('',#6493,#6495);
#6497=EDGE_CURVE('',#2843,#2852,#6496,.T.);
#6498=ORIENTED_EDGE('',*,*,#6497,.T.);
#6499=CARTESIAN_POINT('',(0.0067744149191337755,0.01609420179977421,0.));
#6500=DIRECTION('',(0.,-1.,0.));
#6501=VECTOR('',#6500,1.);
#6502=LINE('',#6499,#6501);
#6503=EDGE_CURVE('',#2852,#2860,#6502,.T.);
#6504=ORIENTED_EDGE('',*,*,#6503,.T.);
#6505=CARTESIAN_POINT('',(0.007221969795227054,0.01609420179977421,0.));
#6506=DIRECTION('',(-1.,0.,0.));
#6507=VECTOR('',#6506,1.);
#6508=LINE('',#6505,#6507);
#6509=EDGE_CURVE('',#2860,#2726,#6508,.T.);
#6510=ORIENTED_EDGE('',*,*,#6509,.T.);
#6511=EDGE_LOOP('',(#6395,#6410,#6416,#6422,#6428,#6434,#6440,#6446,#6469,#6492,#6498,#6504,#6510));
#6512=FACE_OUTER_BOUND('',#6511,.T.);
#6513=ADVANCED_FACE('',(#6512),#24,.T.);
#6514=CARTESIAN_POINT('',(0.007166421455249455,0.01470718298367956,0.));
#6515=DIRECTION('',(0.,1.,0.));
#6516=VECTOR('',#6515,1.);
#6517=LINE('',#6514,#6516);
#6518=EDGE_CURVE('',#6317,#6319,#6517,.T.);
#6519=ORIENTED_EDGE('',*,*,#6518,.F.);
#6520=CARTESIAN_POINT('',(0.007166421455249455,0.015068986429997535,0.));
#6521=DIRECTION('',(0.9384192070976481,-0.345498757957567,0.));
#6522=VECTOR('',#6521,1.);
#6523=LINE('',#6520,#6522);
#6524=EDGE_CURVE('',#6327,#6317,#6523,.T.);
#6525=ORIENTED_EDGE('',*,*,#6524,.F.);
#6526=CARTESIAN_POINT('',(0.007611019385488413,0.014905298355919059,0.));
#6527=CARTESIAN_POINT('',(0.007615163306712833,0.01490399786036083,0.));
#6528=CARTESIAN_POINT('',(0.007624439728516037,0.014901086621295708,0.));
#6529=CARTESIAN_POINT('',(0.007640062438425975,0.014897089148497,0.));
#6530=CARTESIAN_POINT('',(0.007659000665864074,0.01489342659986228,0.));
#6531=CARTESIAN_POINT('',(0.007672689606967297,0.014890986871988754,0.));
#6532=CARTESIAN_POINT('',(0.007680085192228622,0.014889668784974792,0.));
#6533=B_SPLINE_CURVE_WITH_KNOTS('',3,(#6526,#6527,#6528,#6529,#6530,#6531,#6532),.UNSPECIFIED.,.F.,.F.,(4,1,1,1,4),(0.,0.18380848949332435,0.4114665765125455,0.682039021154369,1.),.UNSPECIFIED.);
#6534=TRIMMED_CURVE('',#6533,(PARAMETER_VALUE(0.)),(PARAMETER_VALUE(1.)),.T.,.PARAMETER.);
#6535=EDGE_CURVE('',#6339,#6327,#6534,.T.);
#6536=ORIENTED_EDGE('',*,*,#6535,.F.);
#6537=CARTESIAN_POINT('',(0.007680085192228622,0.014889668784974792,0.));
#6538=DIRECTION('',(0.,-1.,0.));
#6539=VECTOR('',#6538,1.);
#6540=LINE('',#6537,#6539);
#6541=EDGE_CURVE('',#6348,#6339,#6540,.T.);
#6542=ORIENTED_EDGE('',*,*,#6541,.F.);
#6543=CARTESIAN_POINT('',(0.007680085192228622,0.014886923049538637,0.));
#6544=CARTESIAN_POINT('',(0.0076731787906972595,0.01488569293449588,0.));
#6545=CARTESIAN_POINT('',(0.007660032204390952,0.01488335136580735,0.));
#6546=CARTESIAN_POINT('',(0.007641525940678338,0.014879464690594884,0.));
#6547=CARTESIAN_POINT('',(0.007625378284104224,0.014875063991099455,0.));
#6548=CARTESIAN_POINT('',(0.0076155791903508305,0.014871626009469226,0.));
#6549=CARTESIAN_POINT('',(0.007611019385488413,0.014870026216085373,0.));
#6550=B_SPLINE_CURVE_WITH_KNOTS('',3,(#6543,#6544,#6545,#6546,#6547,#6548,#6549),.UNSPECIFIED.,.F.,.F.,(4,1,1,1,4),(0.,0.2955453750335106,0.5625813620399667,0.7964563170351988,1.),.UNSPECIFIED.);
#6551=TRIMMED_CURVE('',#6550,(PARAMETER_VALUE(0.)),(PARAMETER_VALUE(1.)),.T.,.PARAMETER.);
#6552=EDGE_CURVE('',#6360,#6348,#6551,.T.);
#6553=ORIENTED_EDGE('',*,*,#6552,.F.);
#6554=CARTESIAN_POINT('',(0.007611019385488413,0.014870026216085373,0.));
#6555=DIRECTION('',(-0.9389964073236863,-0.3439269501408839,0.));
#6556=VECTOR('',#6555,1.);
#6557=LINE('',#6554,#6556);
#6558=EDGE_CURVE('',#6319,#6360,#6557,.T.);
#6559=ORIENTED_EDGE('',*,*,#6558,.F.);
#6560=EDGE_LOOP('',(#6519,#6525,#6536,#6542,#6553,#6559));
#6561=FACE_OUTER_BOUND('',#6560,.T.);
#6562=CARTESIAN_POINT('',(0.007801742393092109,0.014953031910424524,0.));
#6563=DIRECTION('',(-0.9325576873977117,0.36102099616979616,0.));
#6564=VECTOR('',#6563,1.);
#6565=LINE('',#6562,#6564);
#6566=EDGE_CURVE('',#2694,#2644,#6565,.T.);
#6567=ORIENTED_EDGE('',*,*,#6566,.F.);
#6568=CARTESIAN_POINT('',(0.0067744149191337755,0.01535074112783068,0.));
#6569=DIRECTION('',(0.,-1.,0.));
#6570=VECTOR('',#6569,1.);
#6571=LINE('',#6568,#6570);
#6572=EDGE_CURVE('',#2686,#2694,#6571,.T.);
#6573=ORIENTED_EDGE('',*,*,#6572,.F.);
#6574=CARTESIAN_POINT('',(0.0067744149191337755,0.015216833722713577,0.));
#6575=DIRECTION('',(0.9344877349289696,-0.3559953275919838,0.));
#6576=VECTOR('',#6575,1.);
#6577=LINE('',#6574,#6576);
#6578=EDGE_CURVE('',#2678,#2686,#6577,.T.);
#6579=ORIENTED_EDGE('',*,*,#6578,.F.);
#6580=CARTESIAN_POINT('',(0.007058281721148578,0.015108693988612702,0.));
#6581=DIRECTION('',(0.,-1.,0.));
#6582=VECTOR('',#6581,1.);
#6583=LINE('',#6580,#6582);
#6584=EDGE_CURVE('',#2670,#2678,#6583,.T.);
#6585=ORIENTED_EDGE('',*,*,#6584,.F.);
#6586=CARTESIAN_POINT('',(0.007058281721148578,0.014667264214646229,0.));
#6587=DIRECTION('',(-0.9421851824858796,-0.33509264674720873,0.));
#6588=VECTOR('',#6587,1.);
#6589=LINE('',#6586,#6588);
#6590=EDGE_CURVE('',#2662,#2670,#6589,.T.);
#6591=ORIENTED_EDGE('',*,*,#6590,.F.);
#6592=CARTESIAN_POINT('',(0.0067744149191337755,0.014566305634762989,0.));
#6593=DIRECTION('',(0.,-1.,0.));
#6594=VECTOR('',#6593,1.);
#6595=LINE('',#6592,#6594);
#6596=EDGE_CURVE('',#2654,#2662,#6595,.T.);
#6597=ORIENTED_EDGE('',*,*,#6596,.F.);
#6598=CARTESIAN_POINT('',(0.0067744149191337755,0.014431553387973223,0.));
#6599=DIRECTION('',(0.9330090187956128,0.35985298504534863,0.));
#6600=VECTOR('',#6599,1.);
#6601=LINE('',#6598,#6600);
#6602=EDGE_CURVE('',#2646,#2654,#6601,.T.);
#6603=ORIENTED_EDGE('',*,*,#6602,.F.);
#6604=CARTESIAN_POINT('',(0.007801742393092109,0.01482778413245222,0.));
#6605=DIRECTION('',(0.,1.,0.));
#6606=VECTOR('',#6605,1.);
#6607=LINE('',#6604,#6606);
#6608=EDGE_CURVE('',#2644,#2646,#6607,.T.);
#6609=ORIENTED_EDGE('',*,*,#6608,.F.);
#6610=EDGE_LOOP('',(#6567,#6573,#6579,#6585,#6591,#6597,#6603,#6609));
#6611=FACE_BOUND('',#6610,.T.);
#6612=ADVANCED_FACE('',(#6561,#6611),#24,.T.);
#6613=CARTESIAN_POINT('',(0.0068555197197094336,0.012777142182480708,0.));
#6614=CARTESIAN_POINT('',(0.006855855117846367,0.012785541023031494,0.));
#6615=CARTESIAN_POINT('',(0.006856512046455947,0.012801991438336482,0.));
#6616=CARTESIAN_POINT('',(0.006861355107297334,0.012825934464555076,0.));
#6617=CARTESIAN_POINT('',(0.006869976898879534,0.012848089921526187,0.));
#6618=CARTESIAN_POINT('',(0.006881674544956849,0.012868698514540413,0.));
#6619=CARTESIAN_POINT('',(0.006896996137101551,0.012887376418563789,0.));
#6620=CARTESIAN_POINT('',(0.006915297601139115,0.01290467562814473,0.));
#6621=CARTESIAN_POINT('',(0.0069371729284854276,0.012920050590339101,0.));
#6622=CARTESIAN_POINT('',(0.006962164221026039,0.01293407020784491,0.));
#6623=CARTESIAN_POINT('',(0.0069907512113384414,0.012945953481693412,0.));
#6624=CARTESIAN_POINT('',(0.007022475163619082,0.012956418206049484,0.));
#6625=CARTESIAN_POINT('',(0.007057427715026723,0.012965586918795008,0.));
#6626=CARTESIAN_POINT('',(0.007095798123108948,0.012972549725287223,0.));
#6627=CARTESIAN_POINT('',(0.0071373813958452255,0.012978190777044624,0.));
#6628=CARTESIAN_POINT('',(0.0071822551384930775,0.0129824812021766,0.));
#6629=CARTESIAN_POINT('',(0.007230466605765454,0.012984659622812662,0.));
#6630=CARTESIAN_POINT('',(0.007263717181573269,0.012985005653132368,0.));
#6631=CARTESIAN_POINT('',(0.007280897501895305,0.012985184444373998,0.));
#6632=B_SPLINE_CURVE_WITH_KNOTS('',3,(#6613,#6614,#6615,#6616,#6617,#6618,#6619,#6620,#6621,#6622,#6623,#6624,#6625,#6626,#6627,#6628,#6629,#6630,#6631),.UNSPECIFIED.,.F.,.F.,(4,1,1,1,1,1,1,1,1,1,1,1,1,1,1,1,4),(0.,0.047898880593517316,0.09381729223720986,0.13856698710956766,0.18300019569705023,0.22840999606350768,0.27585552205687364,0.3262293550249442,0.3805277912376241,0.4390092725842692,0.5025086154273041,0.5709867024413228,0.6449485825115199,0.7248044027672061,0.8103227188539136,0.9019951874897485,1.),.UNSPECIFIED.);
#6633=CARTESIAN_POINT('',(0.007280897501895305,0.012985184444373998,0.));
#6634=VERTEX_POINT('',#6633);
#6635=CARTESIAN_POINT('',(0.0068555197197094336,0.012777142182480708,0.));
#6636=VERTEX_POINT('',#6635);
#6637=TRIMMED_CURVE('',#6632,(PARAMETER_VALUE(0.)),(PARAMETER_VALUE(1.)),.T.,.PARAMETER.);
#6638=EDGE_CURVE('',#6634,#6636,#6637,.T.);
#6639=ORIENTED_EDGE('',*,*,#6638,.F.);
#6640=CARTESIAN_POINT('',(0.007280897501895305,0.012985184444373998,0.));
#6641=CARTESIAN_POINT('',(0.007298641396574576,0.012985011160789112,0.));
#6642=CARTESIAN_POINT('',(0.007333018534995402,0.012984675440030435,0.));
#6643=CARTESIAN_POINT('',(0.007382905783074357,0.012982416366171397,0.));
#6644=CARTESIAN_POINT('',(0.007429332074975833,0.012978406764516306,0.));
#6645=CARTESIAN_POINT('',(0.007472349016817243,0.012973035891040603,0.));
#6646=CARTESIAN_POINT('',(0.007511924271797963,0.012965921155323377,0.));
#6647=CARTESIAN_POINT('',(0.007548048117792658,0.012957116738833546,0.));
#6648=CARTESIAN_POINT('',(0.007580744815310468,0.01294679680145119,0.));
#6649=CARTESIAN_POINT('',(0.007610084891434962,0.012935064399117402,0.));
#6650=CARTESIAN_POINT('',(0.007636063478628127,0.012921582741771753,0.));
#6651=CARTESIAN_POINT('',(0.007658584644301426,0.012906322852045756,0.));
#6652=CARTESIAN_POINT('',(0.007677938534459379,0.01288965812906826,0.));
#6653=CARTESIAN_POINT('',(0.007693481606415906,0.012871037741895812,0.));
#6654=CARTESIAN_POINT('',(0.0077058732377235,0.012850989257140018,0.));
#6655=CARTESIAN_POINT('',(0.007714181928120688,0.01282909791292774,0.));
#6656=CARTESIAN_POINT('',(0.007719817636795348,0.012805798434365854,0.));
#6657=CARTESIAN_POINT('',(0.007720359979018636,0.01278963838027748,0.));
#6658=CARTESIAN_POINT('',(0.007720637592516451,0.012781366390844024,0.));
#6659=B_SPLINE_CURVE_WITH_KNOTS('',3,(#6640,#6641,#6642,#6643,#6644,#6645,#6646,#6647,#6648,#6649,#6650,#6651,#6652,#6653,#6654,#6655,#6656,#6657,#6658),.UNSPECIFIED.,.F.,.F.,(4,1,1,1,1,1,1,1,1,1,1,1,1,1,1,1,4),(0.,0.09929233049822923,0.19236961509084122,0.27936510963280914,0.3599938210980937,0.43487357137209504,0.5042443113760208,0.56791244278761,0.6265858394069174,0.6808619306036267,0.7313451491954639,0.7785243062768806,0.8232669504068496,0.8665765119292173,0.909740687746,0.9537981696624996,1.),.UNSPECIFIED.);
#6660=CARTESIAN_POINT('',(0.007720637592516451,0.012781366390844024,0.));
#6661=VERTEX_POINT('',#6660);
#6662=TRIMMED_CURVE('',#6659,(PARAMETER_VALUE(0.)),(PARAMETER_VALUE(1.)),.T.,.PARAMETER.);
#6663=EDGE_CURVE('',#6661,#6634,#6662,.T.);
#6664=ORIENTED_EDGE('',*,*,#6663,.F.);
#6665=CARTESIAN_POINT('',(0.007720637592516451,0.012781366390844024,0.));
#6666=CARTESIAN_POINT('',(0.007720344403860537,0.012772678375602196,0.));
#6667=CARTESIAN_POINT('',(0.007719768959880388,0.012755626330887967,0.));
#6668=CARTESIAN_POINT('',(0.007714322067151724,0.012730981100390977,0.));
#6669=CARTESIAN_POINT('',(0.0077055704544349984,0.012707950742475844,0.));
#6670=CARTESIAN_POINT('',(0.007693249261108691,0.012686615384375632,0.));
#6671=CARTESIAN_POINT('',(0.007677018493674257,0.012667266280566187,0.));
#6672=CARTESIAN_POINT('',(0.007657633705113194,0.012649363529192808,0.));
#6673=CARTESIAN_POINT('',(0.007634651898012204,0.012633322355695399,0.));
#6674=CARTESIAN_POINT('',(0.007608156057316166,0.012619268282677738,0.));
#6675=CARTESIAN_POINT('',(0.007578382128812476,0.01260650764295756,0.));
#6676=CARTESIAN_POINT('',(0.0075450069453844954,0.01259563846097569,0.));
#6677=CARTESIAN_POINT('',(0.007508097204376025,0.01258674070634576,0.));
#6678=CARTESIAN_POINT('',(0.007467860619049761,0.012579094934628509,0.));
#6679=CARTESIAN_POINT('',(0.007424138505255232,0.012573297835032561,0.));
#6680=CARTESIAN_POINT('',(0.007376924132226139,0.012569134254178702,0.));
#6681=CARTESIAN_POINT('',(0.007326195045413169,0.012566586988345214,0.));
#6682=CARTESIAN_POINT('',(0.007291179492986808,0.012566294261925405,0.));
#6683=CARTESIAN_POINT('',(0.007273082716423173,0.0125661429747331,0.));
#6684=B_SPLINE_CURVE_WITH_KNOTS('',3,(#6665,#6666,#6667,#6668,#6669,#6670,#6671,#6672,#6673,#6674,#6675,#6676,#6677,#6678,#6679,#6680,#6681,#6682,#6683),.UNSPECIFIED.,.F.,.F.,(4,1,1,1,1,1,1,1,1,1,1,1,1,1,1,1,4),(0.,0.04725749774987132,0.09275271074959059,0.13668474529721544,0.18100652460211336,0.22621814431052603,0.2736990683396659,0.32433073153290176,0.37836798138290284,0.4367653053027058,0.5005384505931365,0.5692564522506942,0.6433979796875162,0.7234839589677916,0.8093247031441977,0.9014549820208841,1.),.UNSPECIFIED.);
#6685=CARTESIAN_POINT('',(0.007273082716423172,0.012566142974733099,0.));
#6686=VERTEX_POINT('',#6685);
#6687=TRIMMED_CURVE('',#6684,(PARAMETER_VALUE(0.)),(PARAMETER_VALUE(1.)),.T.,.PARAMETER.);
#6688=EDGE_CURVE('',#6686,#6661,#6687,.T.);
#6689=ORIENTED_EDGE('',*,*,#6688,.F.);
#6690=CARTESIAN_POINT('',(0.007273082716423172,0.012566142974733099,0.));
#6691=CARTESIAN_POINT('',(0.007256252552894576,0.012566289039267207,0.));
#6692=CARTESIAN_POINT('',(0.007223628105649958,0.012566572178208744,0.));
#6693=CARTESIAN_POINT('',(0.007176288595304361,0.012569203640950747,0.));
#6694=CARTESIAN_POINT('',(0.007132164951956499,0.012573085593203083,0.));
#6695=CARTESIAN_POINT('',(0.007091227563947495,0.012578629174025063,0.));
#6696=CARTESIAN_POINT('',(0.007053716140694355,0.012586376627750277,0.));
#6697=CARTESIAN_POINT('',(0.007019282520741505,0.012594947070708955,0.));
#6698=CARTESIAN_POINT('',(0.006988239912634655,0.01260583342181607,0.));
#6699=CARTESIAN_POINT('',(0.006960357463967614,0.012618180499476096,0.));
#6700=CARTESIAN_POINT('',(0.006935585840108787,0.01263206063510985,0.));
#6701=CARTESIAN_POINT('',(0.0069142349269905356,0.012647816424426857,0.));
#6702=CARTESIAN_POINT('',(0.006896024413634704,0.012665156366583387,0.));
#6703=CARTESIAN_POINT('',(0.006881337641681173,0.0126843965960374,0.));
#6704=CARTESIAN_POINT('',(0.006869665957137688,0.012705186643131893,0.));
#6705=CARTESIAN_POINT('',(0.006861453244687574,0.012727715046123337,0.));
#6706=CARTESIAN_POINT('',(0.006856473764161922,0.012751932417382835,0.));
#6707=CARTESIAN_POINT('',(0.006855843019782978,0.012768599269318852,0.));
#6708=CARTESIAN_POINT('',(0.0068555197197094336,0.012777142182480708,0.));
#6709=B_SPLINE_CURVE_WITH_KNOTS('',3,(#6690,#6691,#6692,#6693,#6694,#6695,#6696,#6697,#6698,#6699,#6700,#6701,#6702,#6703,#6704,#6705,#6706,#6707,#6708),.UNSPECIFIED.,.F.,.F.,(4,1,1,1,1,1,1,1,1,1,1,1,1,1,1,1,4),(0.,0.09692320320203036,0.1878808797235834,0.27297558883167455,0.35199523611325906,0.4256319445644292,0.4934913563179368,0.5561992760099671,0.614825797618107,0.668941759842459,0.7193844688601738,0.7672739993087914,0.8132579637726931,0.858273508068805,0.9040711713262937,0.9508298473986662,1.),.UNSPECIFIED.);
#6710=TRIMMED_CURVE('',#6709,(PARAMETER_VALUE(0.)),(PARAMETER_VALUE(1.)),.T.,.PARAMETER.);
#6711=EDGE_CURVE('',#6636,#6686,#6710,.T.);
#6712=ORIENTED_EDGE('',*,*,#6711,.F.);
#6713=EDGE_LOOP('',(#6639,#6664,#6689,#6712));
#6714=FACE_OUTER_BOUND('',#6713,.T.);
#6715=ADVANCED_FACE('',(#6714),#24,.T.);
#6716=CARTESIAN_POINT('',(0.007517875591077306,0.014082000145908866,0.));
#6717=CARTESIAN_POINT('',(0.007517724821462595,0.014091729527038625,0.));
#6718=CARTESIAN_POINT('',(0.007517430907181265,0.014110696240378163,0.));
#6719=CARTESIAN_POINT('',(0.007513659980365837,0.014138101518993777,0.));
#6720=CARTESIAN_POINT('',(0.007508131166758438,0.01416379496680716,0.));
#6721=CARTESIAN_POINT('',(0.007499790801947237,0.014187468303151391,0.));
#6722=CARTESIAN_POINT('',(0.007489468698545512,0.014209439176964095,0.));
#6723=CARTESIAN_POINT('',(0.0074767713230292675,0.014229454828465887,0.));
#6724=CARTESIAN_POINT('',(0.007461510005590952,0.014247362986141307,0.));
#6725=CARTESIAN_POINT('',(0.007444120474882915,0.014263526662135869,0.));
#6726=CARTESIAN_POINT('',(0.0074242946008862614,0.014277725236662075,0.));
#6727=CARTESIAN_POINT('',(0.007402173013462499,0.014290019717422225,0.));
#6728=CARTESIAN_POINT('',(0.007377685443730226,0.014300283023070218,0.));
#6729=CARTESIAN_POINT('',(0.007351028523227432,0.014309026735947925,0.));
#6730=CARTESIAN_POINT('',(0.007321934150438419,0.01431545915296247,0.));
#6731=CARTESIAN_POINT('',(0.0072906523538418715,0.014319950676312332,0.));
#6732=CARTESIAN_POINT('',(0.007257094256233403,0.014323099957213894,0.));
#6733=CARTESIAN_POINT('',(0.007233946241239997,0.014323306692199863,0.));
#6734=CARTESIAN_POINT('',(0.007221969795227054,0.014323413653872347,0.));
#6735=B_SPLINE_CURVE_WITH_KNOTS('',3,(#6716,#6717,#6718,#6719,#6720,#6721,#6722,#6723,#6724,#6725,#6726,#6727,#6728,#6729,#6730,#6731,#6732,#6733,#6734),.UNSPECIFIED.,.F.,.F.,(4,1,1,1,1,1,1,1,1,1,1,1,1,1,1,1,4),(0.,0.06677089618247166,0.1301649540116892,0.18963911955229865,0.24698379698419282,0.30213587674916625,0.3560575800700847,0.40923926419889056,0.46329953942404206,0.5187222643586941,0.5763008988740789,0.6367440581052335,0.7008131252226556,0.7687314223402258,0.8410801495140486,0.9177771826105984,0.9999999999999999),.UNSPECIFIED.);
#6736=TRIMMED_CURVE('',#6735,(PARAMETER_VALUE(0.)),(PARAMETER_VALUE(0.9999999999999999)),.T.,.PARAMETER.);
#6737=EDGE_CURVE('',#2386,#2388,#6736,.T.);
#6738=ORIENTED_EDGE('',*,*,#6737,.T.);
#6739=CARTESIAN_POINT('',(0.007370661929615761,0.01383931937543639,0.));
#6740=CARTESIAN_POINT('',(0.007382322257185049,0.013846224041283701,0.));
#6741=CARTESIAN_POINT('',(0.007405025294744133,0.013859667650576236,0.));
#6742=CARTESIAN_POINT('',(0.00743520539930207,0.013883965262606605,0.));
#6743=CARTESIAN_POINT('',(0.007460902414366416,0.013910721972122238,0.));
#6744=CARTESIAN_POINT('',(0.007481775554005802,0.013940136975970458,0.));
#6745=CARTESIAN_POINT('',(0.007498153818495445,0.013972038133658566,0.));
#6746=CARTESIAN_POINT('',(0.007509387315243717,0.014006561687147694,0.));
#6747=CARTESIAN_POINT('',(0.007516659997596438,0.014043468072770229,0.));
#6748=CARTESIAN_POINT('',(0.007517463569861573,0.014068939832679813,0.));
#6749=CARTESIAN_POINT('',(0.007517875591077306,0.014082000145908866,0.));
#6750=B_SPLINE_CURVE_WITH_KNOTS('',3,(#6739,#6740,#6741,#6742,#6743,#6744,#6745,#6746,#6747,#6748,#6749),.UNSPECIFIED.,.F.,.F.,(4,1,1,1,1,1,1,1,4),(0.,0.13568697838911267,0.26418696630444893,0.386971898338814,0.5064100241338634,0.6244411085677869,0.7449418129884097,0.8692222356904441,1.),.UNSPECIFIED.);
#6751=TRIMMED_CURVE('',#6750,(PARAMETER_VALUE(0.)),(PARAMETER_VALUE(1.)),.T.,.PARAMETER.);
#6752=EDGE_CURVE('',#2388,#2405,#6751,.T.);
#6753=ORIENTED_EDGE('',*,*,#6752,.T.);
#6754=CARTESIAN_POINT('',(0.007517875591077306,0.013633178007306592,0.));
#6755=CARTESIAN_POINT('',(0.007517419885517788,0.013645260318294754,0.));
#6756=CARTESIAN_POINT('',(0.007516530794377657,0.013668833161389475,0.));
#6757=CARTESIAN_POINT('',(0.007508651530660807,0.013702931331320984,0.));
#6758=CARTESIAN_POINT('',(0.007495888766444847,0.013734626731055261,0.));
#6759=CARTESIAN_POINT('',(0.007478090429276502,0.013763535200527668,0.));
#6760=CARTESIAN_POINT('',(0.007456145812682696,0.013789083322462157,0.));
#6761=CARTESIAN_POINT('',(0.0074307841989987794,0.01381059746198407,0.));
#6762=CARTESIAN_POINT('',(0.0074022895601865485,0.013828068222371119,0.));
#6763=CARTESIAN_POINT('',(0.007381316381794722,0.013835529180909368,0.));
#6764=CARTESIAN_POINT('',(0.007370661929615761,0.01383931937543639,0.));
#6765=B_SPLINE_CURVE_WITH_KNOTS('',3,(#6754,#6755,#6756,#6757,#6758,#6759,#6760,#6761,#6762,#6763,#6764),.UNSPECIFIED.,.F.,.F.,(4,1,1,1,1,1,1,1,4),(0.,0.13330320949944738,0.26007736803261894,0.3842660186499801,0.50923376085399,0.6333079282888254,0.7546843214578902,0.8753787281571662,1.),.UNSPECIFIED.);
#6766=TRIMMED_CURVE('',#6765,(PARAMETER_VALUE(0.)),(PARAMETER_VALUE(1.)),.T.,.PARAMETER.);
#6767=EDGE_CURVE('',#2405,#2422,#6766,.T.);
#6768=ORIENTED_EDGE('',*,*,#6767,.T.);
#6769=CARTESIAN_POINT('',(0.007389037235996183,0.013406971649451047,0.));
#6770=CARTESIAN_POINT('',(0.007399290370193608,0.013413546948791632,0.));
#6771=CARTESIAN_POINT('',(0.0074193008037242774,0.013426379570296972,0.));
#6772=CARTESIAN_POINT('',(0.0074455722759904155,0.013449481775859588,0.));
#6773=CARTESIAN_POINT('',(0.007468069981487907,0.013474446021727404,0.));
#6774=CARTESIAN_POINT('',(0.007486215018932633,0.013501911041804026,0.));
#6775=CARTESIAN_POINT('',(0.007500522042013407,0.013531504184838665,0.));
#6776=CARTESIAN_POINT('',(0.0075106738516547466,0.01356342106482279,0.));
#6777=CARTESIAN_POINT('',(0.0075166368455055945,0.013597613301173503,0.));
#6778=CARTESIAN_POINT('',(0.007517455431190378,0.013621115108153777,0.));
#6779=CARTESIAN_POINT('',(0.007517875591077306,0.013633178007306592,0.));
#6780=B_SPLINE_CURVE_WITH_KNOTS('',3,(#6769,#6770,#6771,#6772,#6773,#6774,#6775,#6776,#6777,#6778,#6779),.UNSPECIFIED.,.F.,.F.,(4,1,1,1,1,1,1,1,4),(0.,0.1334982338021742,0.2605405803262448,0.3825720199182651,0.501281105386883,0.6204944467720239,0.7421707550304987,0.8676625936327459,1.),.UNSPECIFIED.);
#6781=TRIMMED_CURVE('',#6780,(PARAMETER_VALUE(0.)),(PARAMETER_VALUE(1.)),.T.,.PARAMETER.);
#6782=EDGE_CURVE('',#2422,#2439,#6781,.T.);
#6783=ORIENTED_EDGE('',*,*,#6782,.T.);
#6784=CARTESIAN_POINT('',(0.007389037235996183,0.013404225914014892,0.));
#6785=DIRECTION('',(0.,1.,0.));
#6786=VECTOR('',#6785,1.);
#6787=LINE('',#6784,#6786);
#6788=EDGE_CURVE('',#2439,#2448,#6787,.T.);
#6789=ORIENTED_EDGE('',*,*,#6788,.T.);
#6790=CARTESIAN_POINT('',(0.007504358124314697,0.013404225914014892,0.));
#6791=DIRECTION('',(-1.,0.,0.));
#6792=VECTOR('',#6791,1.);
#6793=LINE('',#6790,#6792);
#6794=EDGE_CURVE('',#2448,#2456,#6793,.T.);
#6795=ORIENTED_EDGE('',*,*,#6794,.T.);
#6796=CARTESIAN_POINT('',(0.007504358124314697,0.013282568713151404,0.));
#6797=DIRECTION('',(0.,1.,0.));
#6798=VECTOR('',#6797,1.);
#6799=LINE('',#6796,#6798);
#6800=EDGE_CURVE('',#2456,#2464,#6799,.T.);
#6801=ORIENTED_EDGE('',*,*,#6800,.T.);
#6802=CARTESIAN_POINT('',(0.0067744149191337755,0.013282568713151404,0.));
#6803=DIRECTION('',(1.,0.,0.));
#6804=VECTOR('',#6803,1.);
#6805=LINE('',#6802,#6804);
#6806=EDGE_CURVE('',#2464,#2472,#6805,.T.);
#6807=ORIENTED_EDGE('',*,*,#6806,.T.);
#6808=CARTESIAN_POINT('',(0.0067744149191337755,0.013404225914014892,0.));
#6809=DIRECTION('',(0.,-1.,0.));
#6810=VECTOR('',#6809,1.);
#6811=LINE('',#6808,#6810);
#6812=EDGE_CURVE('',#2472,#2480,#6811,.T.);
#6813=ORIENTED_EDGE('',*,*,#6812,.T.);
#6814=CARTESIAN_POINT('',(0.00719071065333852,0.013404225914014892,0.));
#6815=DIRECTION('',(-1.,0.,0.));
#6816=VECTOR('',#6815,1.);
#6817=LINE('',#6814,#6816);
#6818=EDGE_CURVE('',#2480,#2488,#6817,.T.);
#6819=ORIENTED_EDGE('',*,*,#6818,.T.);
#6820=CARTESIAN_POINT('',(0.0074232533237390385,0.013578474509001657,0.));
#6821=CARTESIAN_POINT('',(0.007423038709510663,0.013572267782496181,0.));
#6822=CARTESIAN_POINT('',(0.007422616744896286,0.013560064402616494,0.));
#6823=CARTESIAN_POINT('',(0.007419629919750763,0.013542172437311116,0.));
#6824=CARTESIAN_POINT('',(0.007414555059332096,0.013525224837165912,0.));
#6825=CARTESIAN_POINT('',(0.0074074018974775654,0.013509088346915154,0.));
#6826=CARTESIAN_POINT('',(0.007398413099561095,0.013493661947018995,0.));
#6827=CARTESIAN_POINT('',(0.007387021614819364,0.013479268396431055,0.));
#6828=CARTESIAN_POINT('',(0.007373857297342402,0.013465681968363072,0.));
#6829=CARTESIAN_POINT('',(0.007358820645034466,0.013453077689414025,0.));
#6830=CARTESIAN_POINT('',(0.007342265796777061,0.013441395418309085,0.));
#6831=CARTESIAN_POINT('',(0.00732405500043277,0.013431666878210735,0.));
#6832=CARTESIAN_POINT('',(0.0073048430069058675,0.01342302602036043,0.));
#6833=CARTESIAN_POINT('',(0.0072844023969116135,0.013416117331289104,0.));
#6834=CARTESIAN_POINT('',(0.007262624939355103,0.013410829422941003,0.));
#6835=CARTESIAN_POINT('',(0.007239741177371982,0.01340712963055893,0.));
#6836=CARTESIAN_POINT('',(0.007215614015058291,0.013404713474451517,0.));
#6837=CARTESIAN_POINT('',(0.007199165102059936,0.013404391436033827,0.));
#6838=CARTESIAN_POINT('',(0.00719071065333852,0.013404225914014892,0.));
#6839=B_SPLINE_CURVE_WITH_KNOTS('',3,(#6820,#6821,#6822,#6823,#6824,#6825,#6826,#6827,#6828,#6829,#6830,#6831,#6832,#6833,#6834,#6835,#6836,#6837,#6838),.UNSPECIFIED.,.F.,.F.,(4,1,1,1,1,1,1,1,1,1,1,1,1,1,1,1,4),(0.,0.057381334798063684,0.11282053847970452,0.16719454335127723,0.22053770518684881,0.27569333051940953,0.33182011372511844,0.38982950885086703,0.45034549131772467,0.5130118173331331,0.5768141813254729,0.64093129340896,0.7076336795253464,0.7760021956705411,0.8479234044030711,0.9218353346917154,1.),.UNSPECIFIED.);
#6840=TRIMMED_CURVE('',#6839,(PARAMETER_VALUE(0.)),(PARAMETER_VALUE(1.)),.T.,.PARAMETER.);
#6841=EDGE_CURVE('',#2488,#2512,#6840,.T.);
#6842=ORIENTED_EDGE('',*,*,#6841,.T.);
#6843=CARTESIAN_POINT('',(0.007208029907628113,0.013742162583080133,0.));
#6844=CARTESIAN_POINT('',(0.007216692764465063,0.013742045514189243,0.));
#6845=CARTESIAN_POINT('',(0.007233547586550206,0.013741817739984402,0.));
#6846=CARTESIAN_POINT('',(0.0072579565841017855,0.013739935486234698,0.));
#6847=CARTESIAN_POINT('',(0.0072807343378429555,0.013736745460334187,0.));
#6848=CARTESIAN_POINT('',(0.007301846902920911,0.013732506355329526,0.));
#6849=CARTESIAN_POINT('',(0.00732119099256538,0.013726419947861678,0.));
#6850=CARTESIAN_POINT('',(0.00733899407569712,0.013719555425536904,0.));
#6851=CARTESIAN_POINT('',(0.007355217400781308,0.013711423441440595,0.));
#6852=CARTESIAN_POINT('',(0.007369391501662482,0.013701476609964049,0.));
#6853=CARTESIAN_POINT('',(0.007382308885633548,0.013690759605602008,0.));
#6854=CARTESIAN_POINT('',(0.007393262329054506,0.013678471127836366,0.));
#6855=CARTESIAN_POINT('',(0.007402508070256343,0.013664884034087684,0.));
#6856=CARTESIAN_POINT('',(0.007410123008440987,0.01365006799091324,0.));
#6857=CARTESIAN_POINT('',(0.007416003450532279,0.0136339487412381,0.));
#6858=CARTESIAN_POINT('',(0.007420257432776479,0.013616604050471692,0.));
#6859=CARTESIAN_POINT('',(0.007422799903540421,0.013597981481390669,0.));
#6860=CARTESIAN_POINT('',(0.007423099307674533,0.013585100563877336,0.));
#6861=CARTESIAN_POINT('',(0.0074232533237390385,0.013578474509001657,0.));
#6862=B_SPLINE_CURVE_WITH_KNOTS('',3,(#6843,#6844,#6845,#6846,#6847,#6848,#6849,#6850,#6851,#6852,#6853,#6854,#6855,#6856,#6857,#6858,#6859,#6860,#6861),.UNSPECIFIED.,.F.,.F.,(4,1,1,1,1,1,1,1,1,1,1,1,1,1,1,1,4),(0.,0.08422971875032476,0.1638809171777181,0.2378484178921031,0.30780074197419705,0.37298083925571046,0.43476492782749365,0.49324437699297363,0.5488818646667982,0.6027909503086972,0.6561187771523356,0.7083365035731068,0.7622238508030457,0.8176714848847542,0.8747886858946841,0.9355902219341906,1.),.UNSPECIFIED.);
#6863=TRIMMED_CURVE('',#6862,(PARAMETER_VALUE(0.)),(PARAMETER_VALUE(1.)),.T.,.PARAMETER.);
#6864=EDGE_CURVE('',#2512,#2537,#6863,.T.);
#6865=ORIENTED_EDGE('',*,*,#6864,.T.);
#6866=CARTESIAN_POINT('',(0.0067744149191337755,0.013742162583080133,0.));
#6867=DIRECTION('',(1.,0.,0.));
#6868=VECTOR('',#6867,1.);
#6869=LINE('',#6866,#6868);
#6870=EDGE_CURVE('',#2537,#2546,#6869,.T.);
#6871=ORIENTED_EDGE('',*,*,#6870,.T.);
#6872=CARTESIAN_POINT('',(0.0067744149191337755,0.01386381978394362,0.));
#6873=DIRECTION('',(0.,-1.,0.));
#6874=VECTOR('',#6873,1.);
#6875=LINE('',#6872,#6874);
#6876=EDGE_CURVE('',#2546,#2554,#6875,.T.);
#6877=ORIENTED_EDGE('',*,*,#6876,.T.);
#6878=CARTESIAN_POINT('',(0.00719071065333852,0.01386381978394362,0.));
#6879=DIRECTION('',(-1.,0.,0.));
#6880=VECTOR('',#6879,1.);
#6881=LINE('',#6878,#6880);
#6882=EDGE_CURVE('',#2554,#2562,#6881,.T.);
#6883=ORIENTED_EDGE('',*,*,#6882,.T.);
#6884=CARTESIAN_POINT('',(0.007423253323739039,0.014040814114366541,0.));
#6885=CARTESIAN_POINT('',(0.007423053223844893,0.01403474685408411,0.));
#6886=CARTESIAN_POINT('',(0.0074226594920989136,0.014022808452044852,0.));
#6887=CARTESIAN_POINT('',(0.007419442230790567,0.014005229937843713,0.));
#6888=CARTESIAN_POINT('',(0.0074137941160508395,0.01398850819168276,0.));
#6889=CARTESIAN_POINT('',(0.007406444730245205,0.013972221739403249,0.));
#6890=CARTESIAN_POINT('',(0.0073965957779218595,0.01395688349589728,0.));
#6891=CARTESIAN_POINT('',(0.007384866670249611,0.013942071251426012,0.));
#6892=CARTESIAN_POINT('',(0.007370782824686884,0.013928192677883016,0.));
#6893=CARTESIAN_POINT('',(0.007354912164936733,0.013915003750138644,0.));
#6894=CARTESIAN_POINT('',(0.007337448057415897,0.013903109722758948,0.));
#6895=CARTESIAN_POINT('',(0.007319075432996979,0.013892470263626056,0.));
#6896=CARTESIAN_POINT('',(0.007299772467674099,0.013883562196873067,0.));
#6897=CARTESIAN_POINT('',(0.007279591015502577,0.013876427298397718,0.));
#6898=CARTESIAN_POINT('',(0.007258582491778422,0.013870622390908501,0.));
#6899=CARTESIAN_POINT('',(0.007236664652968717,0.013866694020435033,0.));
#6900=CARTESIAN_POINT('',(0.007213925073140738,0.01386433789986033,0.));
#6901=CARTESIAN_POINT('',(0.007198531127568579,0.01386399432684451,0.));
#6902=CARTESIAN_POINT('',(0.00719071065333852,0.01386381978394362,0.));
#6903=B_SPLINE_CURVE_WITH_KNOTS('',3,(#6884,#6885,#6886,#6887,#6888,#6889,#6890,#6891,#6892,#6893,#6894,#6895,#6896,#6897,#6898,#6899,#6900,#6901,#6902),.UNSPECIFIED.,.F.,.F.,(4,1,1,1,1,1,1,1,1,1,1,1,1,1,1,1,4),(0.,0.056228554315786,0.1106395730956458,0.16492516651053168,0.21953938715936377,0.27585879149424425,0.3334535420221083,0.39437701255510077,0.4588112396635159,0.5245318889239023,0.590028506467518,0.6554470200967788,0.721306897887065,0.7882860872994987,0.857292321413016,0.9275012557638334,1.),.UNSPECIFIED.);
#6904=TRIMMED_CURVE('',#6903,(PARAMETER_VALUE(0.)),(PARAMETER_VALUE(1.)),.T.,.PARAMETER.);
#6905=EDGE_CURVE('',#2562,#2586,#6904,.T.);
#6906=ORIENTED_EDGE('',*,*,#6905,.T.);
#6907=CARTESIAN_POINT('',(0.00719366759919284,0.01420175645300886,0.));
#6908=CARTESIAN_POINT('',(0.007203455828750759,0.014201624184268886,0.));
#6909=CARTESIAN_POINT('',(0.007222273164643851,0.0142013699048516,0.));
#6910=CARTESIAN_POINT('',(0.007249491706350996,0.014199734005198111,0.));
#6911=CARTESIAN_POINT('',(0.007274586444058645,0.014196783055441465,0.));
#6912=CARTESIAN_POINT('',(0.007297656129843443,0.014192814856360642,0.));
#6913=CARTESIAN_POINT('',(0.007318669428290019,0.014187842711218356,0.));
#6914=CARTESIAN_POINT('',(0.007337580469405676,0.014181553013449137,0.));
#6915=CARTESIAN_POINT('',(0.007354342229128628,0.014173941651861985,0.));
#6916=CARTESIAN_POINT('',(0.007369140851497928,0.014165248702842276,0.));
#6917=CARTESIAN_POINT('',(0.0073821153752683605,0.01415520766111027,0.));
#6918=CARTESIAN_POINT('',(0.007393132242807537,0.014143459465975158,0.));
#6919=CARTESIAN_POINT('',(0.007402579671608489,0.014130205688868483,0.));
#6920=CARTESIAN_POINT('',(0.00741014667654949,0.014115299028673216,0.));
#6921=CARTESIAN_POINT('',(0.007416071734503982,0.014098907603427581,0.));
#6922=CARTESIAN_POINT('',(0.00742026573675083,0.014080977967848825,0.));
#6923=CARTESIAN_POINT('',(0.007422816322754187,0.01406144549148694,0.));
#6924=CARTESIAN_POINT('',(0.007423104026417244,0.014047862632460982,0.));
#6925=CARTESIAN_POINT('',(0.0074232533237390385,0.01404081411436654,0.));
#6926=B_SPLINE_CURVE_WITH_KNOTS('',3,(#6907,#6908,#6909,#6910,#6911,#6912,#6913,#6914,#6915,#6916,#6917,#6918,#6919,#6920,#6921,#6922,#6923,#6924,#6925),.UNSPECIFIED.,.F.,.F.,(4,1,1,1,1,1,1,1,1,1,1,1,1,1,1,1,4),(0.,0.09096593703653154,0.17487703796868634,0.2532731853516113,0.32566493246637407,0.392314721468747,0.4537647065166448,0.5105665104142205,0.5630802844097719,0.6129473207985096,0.6624697889808477,0.7122121951876281,0.7637135406509403,0.8173205024541425,0.8738162578867543,0.9345197952942538,1.),.UNSPECIFIED.);
#6927=TRIMMED_CURVE('',#6926,(PARAMETER_VALUE(0.)),(PARAMETER_VALUE(1.)),.T.,.PARAMETER.);
#6928=EDGE_CURVE('',#2586,#2611,#6927,.T.);
#6929=ORIENTED_EDGE('',*,*,#6928,.T.);
#6930=CARTESIAN_POINT('',(0.0067744149191337755,0.01420175645300886,0.));
#6931=DIRECTION('',(1.,0.,0.));
#6932=VECTOR('',#6931,1.);
#6933=LINE('',#6930,#6932);
#6934=EDGE_CURVE('',#2611,#2620,#6933,.T.);
#6935=ORIENTED_EDGE('',*,*,#6934,.T.);
#6936=CARTESIAN_POINT('',(0.0067744149191337755,0.014323413653872347,0.));
#6937=DIRECTION('',(0.,-1.,0.));
#6938=VECTOR('',#6937,1.);
#6939=LINE('',#6936,#6938);
#6940=EDGE_CURVE('',#2620,#2628,#6939,.T.);
#6941=ORIENTED_EDGE('',*,*,#6940,.T.);
#6942=CARTESIAN_POINT('',(0.007221969795227054,0.014323413653872347,0.));
#6943=DIRECTION('',(-1.,0.,0.));
#6944=VECTOR('',#6943,1.);
#6945=LINE('',#6942,#6944);
#6946=EDGE_CURVE('',#2628,#2386,#6945,.T.);
#6947=ORIENTED_EDGE('',*,*,#6946,.T.);
#6948=EDGE_LOOP('',(#6738,#6753,#6768,#6783,#6789,#6795,#6801,#6807,#6813,#6819,#6842,#6865,#6871,#6877,#6883,#6906,#6929,#6935,#6941,#6947));
#6949=FACE_OUTER_BOUND('',#6948,.T.);
#6950=ADVANCED_FACE('',(#6949),#24,.T.);
#6951=CARTESIAN_POINT('',(0.0068555197197094336,0.012777142182480708,0.));
#6952=CARTESIAN_POINT('',(0.006855855117846367,0.012785541023031494,0.));
#6953=CARTESIAN_POINT('',(0.006856512046455947,0.012801991438336482,0.));
#6954=CARTESIAN_POINT('',(0.006861355107297334,0.012825934464555076,0.));
#6955=CARTESIAN_POINT('',(0.006869976898879534,0.012848089921526187,0.));
#6956=CARTESIAN_POINT('',(0.006881674544956849,0.012868698514540413,0.));
#6957=CARTESIAN_POINT('',(0.006896996137101551,0.012887376418563789,0.));
#6958=CARTESIAN_POINT('',(0.006915297601139115,0.01290467562814473,0.));
#6959=CARTESIAN_POINT('',(0.0069371729284854276,0.012920050590339101,0.));
#6960=CARTESIAN_POINT('',(0.006962164221026039,0.01293407020784491,0.));
#6961=CARTESIAN_POINT('',(0.0069907512113384414,0.012945953481693412,0.));
#6962=CARTESIAN_POINT('',(0.007022475163619082,0.012956418206049484,0.));
#6963=CARTESIAN_POINT('',(0.007057427715026723,0.012965586918795008,0.));
#6964=CARTESIAN_POINT('',(0.007095798123108948,0.012972549725287223,0.));
#6965=CARTESIAN_POINT('',(0.0071373813958452255,0.012978190777044624,0.));
#6966=CARTESIAN_POINT('',(0.0071822551384930775,0.0129824812021766,0.));
#6967=CARTESIAN_POINT('',(0.007230466605765454,0.012984659622812662,0.));
#6968=CARTESIAN_POINT('',(0.007263717181573269,0.012985005653132368,0.));
#6969=CARTESIAN_POINT('',(0.007280897501895305,0.012985184444373998,0.));
#6970=B_SPLINE_CURVE_WITH_KNOTS('',3,(#6951,#6952,#6953,#6954,#6955,#6956,#6957,#6958,#6959,#6960,#6961,#6962,#6963,#6964,#6965,#6966,#6967,#6968,#6969),.UNSPECIFIED.,.F.,.F.,(4,1,1,1,1,1,1,1,1,1,1,1,1,1,1,1,4),(0.,0.047898880593517316,0.09381729223720986,0.13856698710956766,0.18300019569705023,0.22840999606350768,0.27585552205687364,0.3262293550249442,0.3805277912376241,0.4390092725842692,0.5025086154273041,0.5709867024413228,0.6449485825115199,0.7248044027672061,0.8103227188539136,0.9019951874897485,1.),.UNSPECIFIED.);
#6971=TRIMMED_CURVE('',#6970,(PARAMETER_VALUE(0.)),(PARAMETER_VALUE(1.)),.T.,.PARAMETER.);
#6972=EDGE_CURVE('',#6634,#6636,#6971,.T.);
#6973=ORIENTED_EDGE('',*,*,#6972,.F.);
#6974=CARTESIAN_POINT('',(0.007280897501895305,0.012985184444373998,0.));
#6975=CARTESIAN_POINT('',(0.007298641396574576,0.012985011160789112,0.));
#6976=CARTESIAN_POINT('',(0.007333018534995402,0.012984675440030435,0.));
#6977=CARTESIAN_POINT('',(0.007382905783074357,0.012982416366171397,0.));
#6978=CARTESIAN_POINT('',(0.007429332074975833,0.012978406764516306,0.));
#6979=CARTESIAN_POINT('',(0.007472349016817243,0.012973035891040603,0.));
#6980=CARTESIAN_POINT('',(0.007511924271797963,0.012965921155323377,0.));
#6981=CARTESIAN_POINT('',(0.007548048117792658,0.012957116738833546,0.));
#6982=CARTESIAN_POINT('',(0.007580744815310468,0.01294679680145119,0.));
#6983=CARTESIAN_POINT('',(0.007610084891434962,0.012935064399117402,0.));
#6984=CARTESIAN_POINT('',(0.007636063478628127,0.012921582741771753,0.));
#6985=CARTESIAN_POINT('',(0.007658584644301426,0.012906322852045756,0.));
#6986=CARTESIAN_POINT('',(0.007677938534459379,0.01288965812906826,0.));
#6987=CARTESIAN_POINT('',(0.007693481606415906,0.012871037741895812,0.));
#6988=CARTESIAN_POINT('',(0.0077058732377235,0.012850989257140018,0.));
#6989=CARTESIAN_POINT('',(0.007714181928120688,0.01282909791292774,0.));
#6990=CARTESIAN_POINT('',(0.007719817636795348,0.012805798434365854,0.));
#6991=CARTESIAN_POINT('',(0.007720359979018636,0.01278963838027748,0.));
#6992=CARTESIAN_POINT('',(0.007720637592516451,0.012781366390844024,0.));
#6993=B_SPLINE_CURVE_WITH_KNOTS('',3,(#6974,#6975,#6976,#6977,#6978,#6979,#6980,#6981,#6982,#6983,#6984,#6985,#6986,#6987,#6988,#6989,#6990,#6991,#6992),.UNSPECIFIED.,.F.,.F.,(4,1,1,1,1,1,1,1,1,1,1,1,1,1,1,1,4),(0.,0.09929233049822923,0.19236961509084122,0.27936510963280914,0.3599938210980937,0.43487357137209504,0.5042443113760208,0.56791244278761,0.6265858394069174,0.6808619306036267,0.7313451491954639,0.7785243062768806,0.8232669504068496,0.8665765119292173,0.909740687746,0.9537981696624996,1.),.UNSPECIFIED.);
#6994=TRIMMED_CURVE('',#6993,(PARAMETER_VALUE(0.)),(PARAMETER_VALUE(1.)),.T.,.PARAMETER.);
#6995=EDGE_CURVE('',#6661,#6634,#6994,.T.);
#6996=ORIENTED_EDGE('',*,*,#6995,.F.);
#6997=CARTESIAN_POINT('',(0.007720637592516451,0.012781366390844024,0.));
#6998=CARTESIAN_POINT('',(0.007720344403860537,0.012772678375602196,0.));
#6999=CARTESIAN_POINT('',(0.007719768959880388,0.012755626330887967,0.));
#7000=CARTESIAN_POINT('',(0.007714322067151724,0.012730981100390977,0.));
#7001=CARTESIAN_POINT('',(0.0077055704544349984,0.012707950742475844,0.));
#7002=CARTESIAN_POINT('',(0.007693249261108691,0.012686615384375632,0.));
#7003=CARTESIAN_POINT('',(0.007677018493674257,0.012667266280566187,0.));
#7004=CARTESIAN_POINT('',(0.007657633705113194,0.012649363529192808,0.));
#7005=CARTESIAN_POINT('',(0.007634651898012204,0.012633322355695399,0.));
#7006=CARTESIAN_POINT('',(0.007608156057316166,0.012619268282677738,0.));
#7007=CARTESIAN_POINT('',(0.007578382128812476,0.01260650764295756,0.));
#7008=CARTESIAN_POINT('',(0.0075450069453844954,0.01259563846097569,0.));
#7009=CARTESIAN_POINT('',(0.007508097204376025,0.01258674070634576,0.));
#7010=CARTESIAN_POINT('',(0.007467860619049761,0.012579094934628509,0.));
#7011=CARTESIAN_POINT('',(0.007424138505255232,0.012573297835032561,0.));
#7012=CARTESIAN_POINT('',(0.007376924132226139,0.012569134254178702,0.));
#7013=CARTESIAN_POINT('',(0.007326195045413169,0.012566586988345214,0.));
#7014=CARTESIAN_POINT('',(0.007291179492986808,0.012566294261925405,0.));
#7015=CARTESIAN_POINT('',(0.007273082716423173,0.0125661429747331,0.));
#7016=B_SPLINE_CURVE_WITH_KNOTS('',3,(#6997,#6998,#6999,#7000,#7001,#7002,#7003,#7004,#7005,#7006,#7007,#7008,#7009,#7010,#7011,#7012,#7013,#7014,#7015),.UNSPECIFIED.,.F.,.F.,(4,1,1,1,1,1,1,1,1,1,1,1,1,1,1,1,4),(0.,0.04725749774987132,0.09275271074959059,0.13668474529721544,0.18100652460211336,0.22621814431052603,0.2736990683396659,0.32433073153290176,0.37836798138290284,0.4367653053027058,0.5005384505931365,0.5692564522506942,0.6433979796875162,0.7234839589677916,0.8093247031441977,0.9014549820208841,1.),.UNSPECIFIED.);
#7017=TRIMMED_CURVE('',#7016,(PARAMETER_VALUE(0.)),(PARAMETER_VALUE(1.)),.T.,.PARAMETER.);
#7018=EDGE_CURVE('',#6686,#6661,#7017,.T.);
#7019=ORIENTED_EDGE('',*,*,#7018,.F.);
#7020=CARTESIAN_POINT('',(0.007273082716423172,0.012566142974733099,0.));
#7021=CARTESIAN_POINT('',(0.007256252552894576,0.012566289039267207,0.));
#7022=CARTESIAN_POINT('',(0.007223628105649958,0.012566572178208744,0.));
#7023=CARTESIAN_POINT('',(0.007176288595304361,0.012569203640950747,0.));
#7024=CARTESIAN_POINT('',(0.007132164951956499,0.012573085593203083,0.));
#7025=CARTESIAN_POINT('',(0.007091227563947495,0.012578629174025063,0.));
#7026=CARTESIAN_POINT('',(0.007053716140694355,0.012586376627750277,0.));
#7027=CARTESIAN_POINT('',(0.007019282520741505,0.012594947070708955,0.));
#7028=CARTESIAN_POINT('',(0.006988239912634655,0.01260583342181607,0.));
#7029=CARTESIAN_POINT('',(0.006960357463967614,0.012618180499476096,0.));
#7030=CARTESIAN_POINT('',(0.006935585840108787,0.01263206063510985,0.));
#7031=CARTESIAN_POINT('',(0.0069142349269905356,0.012647816424426857,0.));
#7032=CARTESIAN_POINT('',(0.006896024413634704,0.012665156366583387,0.));
#7033=CARTESIAN_POINT('',(0.006881337641681173,0.0126843965960374,0.));
#7034=CARTESIAN_POINT('',(0.006869665957137688,0.012705186643131893,0.));
#7035=CARTESIAN_POINT('',(0.006861453244687574,0.012727715046123337,0.));
#7036=CARTESIAN_POINT('',(0.006856473764161922,0.012751932417382835,0.));
#7037=CARTESIAN_POINT('',(0.006855843019782978,0.012768599269318852,0.));
#7038=CARTESIAN_POINT('',(0.0068555197197094336,0.012777142182480708,0.));
#7039=B_SPLINE_CURVE_WITH_KNOTS('',3,(#7020,#7021,#7022,#7023,#7024,#7025,#7026,#7027,#7028,#7029,#7030,#7031,#7032,#7033,#7034,#7035,#7036,#7037,#7038),.UNSPECIFIED.,.F.,.F.,(4,1,1,1,1,1,1,1,1,1,1,1,1,1,1,1,4),(0.,0.09692320320203036,0.1878808797235834,0.27297558883167455,0.35199523611325906,0.4256319445644292,0.4934913563179368,0.5561992760099671,0.614825797618107,0.668941759842459,0.7193844688601738,0.7672739993087914,0.8132579637726931,0.858273508068805,0.9040711713262937,0.9508298473986662,1.),.UNSPECIFIED.);
#7040=TRIMMED_CURVE('',#7039,(PARAMETER_VALUE(0.)),(PARAMETER_VALUE(1.)),.T.,.PARAMETER.);
#7041=EDGE_CURVE('',#6636,#6686,#7040,.T.);
#7042=ORIENTED_EDGE('',*,*,#7041,.F.);
#7043=EDGE_LOOP('',(#6973,#6996,#7019,#7042));
#7044=FACE_OUTER_BOUND('',#7043,.T.);
#7045=CARTESIAN_POINT('',(0.007815259859854718,0.0127870690721345,0.));
#7046=CARTESIAN_POINT('',(0.007814862178633503,0.012799979269174368,0.));
#7047=CARTESIAN_POINT('',(0.00781408600965165,0.012825176572837133,0.));
#7048=CARTESIAN_POINT('',(0.007807811484582781,0.012861698985566022,0.));
#7049=CARTESIAN_POINT('',(0.007797833392413542,0.012895811468722079,0.));
#7050=CARTESIAN_POINT('',(0.007783207667066236,0.012927233343081422,0.));
#7051=CARTESIAN_POINT('',(0.00776465115597372,0.012956192868215302,0.));
#7052=CARTESIAN_POINT('',(0.007742159770879785,0.012982879302406347,0.));
#7053=CARTESIAN_POINT('',(0.007715099513027243,0.013006547931708478,0.));
#7054=CARTESIAN_POINT('',(0.007684370682260563,0.013028032232827306,0.));
#7055=CARTESIAN_POINT('',(0.007649338471301601,0.013046502819737535,0.));
#7056=CARTESIAN_POINT('',(0.007610494999466113,0.013062830133938705,0.));
#7057=CARTESIAN_POINT('',(0.0075674197321803595,0.013076470741840767,0.));
#7058=CARTESIAN_POINT('',(0.0075202820916653495,0.013087437252103689,0.));
#7059=CARTESIAN_POINT('',(0.007469185261644168,0.013096440461081252,0.));
#7060=CARTESIAN_POINT('',(0.007413996434213386,0.013102243886906359,0.));
#7061=CARTESIAN_POINT('',(0.007354738215551122,0.013106204668141946,0.));
#7062=CARTESIAN_POINT('',(0.007313853527069854,0.013106624622658216,0.));
#7063=CARTESIAN_POINT('',(0.007292725285312589,0.013106841645237484,0.));
#7064=B_SPLINE_CURVE_WITH_KNOTS('',3,(#7045,#7046,#7047,#7048,#7049,#7050,#7051,#7052,#7053,#7054,#7055,#7056,#7057,#7058,#7059,#7060,#7061,#7062,#7063),.UNSPECIFIED.,.F.,.F.,(4,1,1,1,1,1,1,1,1,1,1,1,1,1,1,1,4),(0.,0.056008407725024606,0.10931365747226503,0.16036273758288644,0.2098597138057296,0.2591979424927109,0.3092838765557543,0.36080279365500617,0.4148051694480614,0.4716830795762736,0.5323569893762705,0.5974966026462487,0.6675439118722007,0.7423037968749455,0.8225564895742002,0.9083013830898629,1.),.UNSPECIFIED.);
#7065=TRIMMED_CURVE('',#7064,(PARAMETER_VALUE(0.)),(PARAMETER_VALUE(1.)),.T.,.PARAMETER.);
#7066=EDGE_CURVE('',#2336,#2284,#7065,.T.);
#7067=ORIENTED_EDGE('',*,*,#7066,.F.);
#7068=CARTESIAN_POINT('',(0.007292725285312589,0.013106841645237484,0.));
#7069=CARTESIAN_POINT('',(0.007272019844185605,0.013106551149552911,0.));
#7070=CARTESIAN_POINT('',(0.007231690748852354,0.013105985335567833,0.));
#7071=CARTESIAN_POINT('',(0.007173082881623976,0.013101808585432763,0.));
#7072=CARTESIAN_POINT('',(0.007118060674133196,0.01309467801463411,0.));
#7073=CARTESIAN_POINT('',(0.007066742239316894,0.013084652190652983,0.));
#7074=CARTESIAN_POINT('',(0.007019224504209629,0.013071725473131172,0.));
#7075=CARTESIAN_POINT('',(0.0069753186508912,0.013056746856695637,0.));
#7076=CARTESIAN_POINT('',(0.006935575609889735,0.013038427795851012,0.));
#7077=CARTESIAN_POINT('',(0.006899407535803022,0.013018069241498023,0.));
#7078=CARTESIAN_POINT('',(0.00686726717597099,0.012994955416813586,0.));
#7079=CARTESIAN_POINT('',(0.006839205342118453,0.012969342444199599,0.));
#7080=CARTESIAN_POINT('',(0.006815170551906291,0.012941166262968018,0.));
#7081=CARTESIAN_POINT('',(0.006795543368695062,0.012910419482635301,0.));
#7082=CARTESIAN_POINT('',(0.0067798489320181655,0.01287740221811844,0.));
#7083=CARTESIAN_POINT('',(0.00676902631364117,0.012842028237726703,0.));
#7084=CARTESIAN_POINT('',(0.006761919369624265,0.012804602323353597,0.));
#7085=CARTESIAN_POINT('',(0.006761242652387568,0.012778865448846084,0.));
#7086=CARTESIAN_POINT('',(0.006760897452371166,0.012765736819899755,0.));
#7087=B_SPLINE_CURVE_WITH_KNOTS('',3,(#7068,#7069,#7070,#7071,#7072,#7073,#7074,#7075,#7076,#7077,#7078,#7079,#7080,#7081,#7082,#7083,#7084,#7085,#7086),.UNSPECIFIED.,.F.,.F.,(4,1,1,1,1,1,1,1,1,1,1,1,1,1,1,1,4),(0.,0.08761252995940444,0.17064761148776256,0.24847022097941043,0.3222629765944549,0.391714154978782,0.4567257052156452,0.5183161138530102,0.5766265425532764,0.6321080041528228,0.6854551819102891,0.7370284564163261,0.7883481285107401,0.8393903386972623,0.891214262064294,0.9445073414958329,1.),.UNSPECIFIED.);
#7088=TRIMMED_CURVE('',#7087,(PARAMETER_VALUE(0.)),(PARAMETER_VALUE(1.)),.T.,.PARAMETER.);
#7089=EDGE_CURVE('',#2311,#2336,#7088,.T.);
#7090=ORIENTED_EDGE('',*,*,#7089,.F.);
#7091=CARTESIAN_POINT('',(0.006760897452371166,0.012765736819899755,0.));
#7092=CARTESIAN_POINT('',(0.006761277026574794,0.012753246123754117,0.));
#7093=CARTESIAN_POINT('',(0.006762017776321207,0.01272887017851349,0.));
#7094=CARTESIAN_POINT('',(0.006768583904037215,0.012693379023812956,0.));
#7095=CARTESIAN_POINT('',(0.006779102244250389,0.012659968943627337,0.));
#7096=CARTESIAN_POINT('',(0.006794000844202975,0.01262871311476634,0.));
#7097=CARTESIAN_POINT('',(0.006812991119432205,0.012599808253651491,0.));
#7098=CARTESIAN_POINT('',(0.006835798533787481,0.01257314440740416,0.));
#7099=CARTESIAN_POINT('',(0.006862662189809898,0.0125490189967144,0.));
#7100=CARTESIAN_POINT('',(0.0068933153685699295,0.01252722914332182,0.));
#7101=CARTESIAN_POINT('',(0.006927598438766369,0.01250774252317703,0.));
#7102=CARTESIAN_POINT('',(0.006965818541587436,0.012491214299339266,0.));
#7103=CARTESIAN_POINT('',(0.0070073907012646215,0.01247653735261039,0.));
#7104=CARTESIAN_POINT('',(0.007052797830646507,0.01246490218584867,0.));
#7105=CARTESIAN_POINT('',(0.007101606125721471,0.012455593691335696,0.));
#7106=CARTESIAN_POINT('',(0.007153966019713366,0.012449237590694202,0.));
#7107=CARTESIAN_POINT('',(0.007209722882054093,0.01244509726389157,0.));
#7108=CARTESIAN_POINT('',(0.0072480815667622335,0.012444693404989493,0.));
#7109=CARTESIAN_POINT('',(0.007267802455969028,0.01244448577386961,0.));
#7110=B_SPLINE_CURVE_WITH_KNOTS('',3,(#7091,#7092,#7093,#7094,#7095,#7096,#7097,#7098,#7099,#7100,#7101,#7102,#7103,#7104,#7105,#7106,#7107,#7108,#7109),.UNSPECIFIED.,.F.,.F.,(4,1,1,1,1,1,1,1,1,1,1,1,1,1,1,1,4),(0.,0.05560346552068467,0.10851172864331762,0.16019065677036545,0.2112568225974421,0.2622342983467078,0.31384179474234786,0.3671353892421279,0.42266449961137004,0.4810965832295009,0.5424634412610573,0.6079316349458074,0.6773114379131153,0.751065741024695,0.8291434976952508,0.9121596014605428,1.),.UNSPECIFIED.);
#7111=TRIMMED_CURVE('',#7110,(PARAMETER_VALUE(0.)),(PARAMETER_VALUE(1.)),.T.,.PARAMETER.);
#7112=EDGE_CURVE('',#2286,#2311,#7111,.T.);
#7113=ORIENTED_EDGE('',*,*,#7112,.F.);
#7114=CARTESIAN_POINT('',(0.007267802455969028,0.01244448577386961,0.));
#7115=CARTESIAN_POINT('',(0.007289423529738291,0.012444768903776179,0.));
#7116=CARTESIAN_POINT('',(0.007331441370883729,0.012445319131186927,0.));
#7117=CARTESIAN_POINT('',(0.0073924921262476006,0.012449578935557416,0.));
#7118=CARTESIAN_POINT('',(0.0074496868030236784,0.012456451082055512,0.));
#7119=CARTESIAN_POINT('',(0.007502902068552004,0.012466046578328224,0.));
#7120=CARTESIAN_POINT('',(0.007552141516843913,0.01247841301482226,0.));
#7121=CARTESIAN_POINT('',(0.007597205275732045,0.012493684545984355,0.));
#7122=CARTESIAN_POINT('',(0.007638439710871051,0.012511019882019402,0.));
#7123=CARTESIAN_POINT('',(0.007675458646597766,0.01253131917718877,0.));
#7124=CARTESIAN_POINT('',(0.007708192656108268,0.012554424070519274,0.));
#7125=CARTESIAN_POINT('',(0.007736797576148069,0.012580021926330478,0.));
#7126=CARTESIAN_POINT('',(0.0077609484125844225,0.012608495446242709,0.));
#7127=CARTESIAN_POINT('',(0.007780961667705045,0.012639459963721405,0.));
#7128=CARTESIAN_POINT('',(0.007796506588809202,0.012673017819227835,0.));
#7129=CARTESIAN_POINT('',(0.0078071372058913764,0.012709047333437362,0.));
#7130=CARTESIAN_POINT('',(0.007814255392969094,0.012747221892344575,0.));
#7131=CARTESIAN_POINT('',(0.007814920039447823,0.012773588403887823,0.));
#7132=CARTESIAN_POINT('',(0.00781525985985472,0.012787069072134501,0.));
#7133=B_SPLINE_CURVE_WITH_KNOTS('',3,(#7114,#7115,#7116,#7117,#7118,#7119,#7120,#7121,#7122,#7123,#7124,#7125,#7126,#7127,#7128,#7129,#7130,#7131,#7132),.UNSPECIFIED.,.F.,.F.,(4,1,1,1,1,1,1,1,1,1,1,1,1,1,1,1,4),(0.,0.0892676143969119,0.17348039607976726,0.2525530411572943,0.3270195169603583,0.3966082526774564,0.4619688713790865,0.5233089957169043,0.5810783152598866,0.63592487444761,0.6884094276150148,0.739142758770781,0.7896205973074938,0.8402163231132901,0.8912543916232901,0.9444005526705785,1.),.UNSPECIFIED.);
#7134=TRIMMED_CURVE('',#7133,(PARAMETER_VALUE(0.)),(PARAMETER_VALUE(1.)),.T.,.PARAMETER.);
#7135=EDGE_CURVE('',#2284,#2286,#7134,.T.);
#7136=ORIENTED_EDGE('',*,*,#7135,.F.);
#7137=EDGE_LOOP('',(#7067,#7090,#7113,#7136));
#7138=FACE_BOUND('',#7137,.T.);
#7139=ADVANCED_FACE('',(#7044,#7138),#24,.T.);
#7140=CARTESIAN_POINT('',(0.0073926278131050014,0.011849717236314783,0.));
#7141=CARTESIAN_POINT('',(0.00739305068328011,0.011857461621421279,0.));
#7142=CARTESIAN_POINT('',(0.00739391942261929,0.01187337159189396,0.));
#7143=CARTESIAN_POINT('',(0.007395213660099504,0.01189723026591567,0.));
#7144=CARTESIAN_POINT('',(0.0073961162966805875,0.011920395519038823,0.));
#7145=CARTESIAN_POINT('',(0.007396185779256441,0.011935397553777167,0.));
#7146=CARTESIAN_POINT('',(0.007396218390213819,0.011942438609889559,0.));
#7147=B_SPLINE_CURVE_WITH_KNOTS('',3,(#7140,#7141,#7142,#7143,#7144,#7145,#7146),.UNSPECIFIED.,.F.,.F.,(4,1,1,1,4),(0.,0.2507167260653795,0.5150693894807873,0.7724026307874184,1.),.UNSPECIFIED.);
#7148=TRIMMED_CURVE('',#7147,(PARAMETER_VALUE(0.)),(PARAMETER_VALUE(1.)),.T.,.PARAMETER.);
#7149=EDGE_CURVE('',#2058,#2060,#7148,.T.);
#7150=ORIENTED_EDGE('',*,*,#7149,.T.);
#7151=CARTESIAN_POINT('',(0.007693602658991231,0.011869993436458698,0.));
#7152=DIRECTION('',(-0.9977384430816542,-0.0672160635339237,0.));
#7153=VECTOR('',#7152,1.);
#7154=LINE('',#7151,#7153);
#7155=EDGE_CURVE('',#2060,#2069,#7154,.T.);
#7156=ORIENTED_EDGE('',*,*,#7155,.T.);
#7157=CARTESIAN_POINT('',(0.007693602658991231,0.012235176249467324,0.));
#7158=DIRECTION('',(0.,-1.,0.));
#7159=VECTOR('',#7158,1.);
#7160=LINE('',#7157,#7159);
#7161=EDGE_CURVE('',#2069,#2077,#7160,.T.);
#7162=ORIENTED_EDGE('',*,*,#7161,.T.);
#7163=CARTESIAN_POINT('',(0.007801742393092109,0.012235176249467324,0.));
#7164=DIRECTION('',(-1.,0.,0.));
#7165=VECTOR('',#7164,1.);
#7166=LINE('',#7163,#7165);
#7167=EDGE_CURVE('',#2077,#2085,#7166,.T.);
#7168=ORIENTED_EDGE('',*,*,#7167,.T.);
#7169=CARTESIAN_POINT('',(0.007801742393092109,0.01176290975444865,0.));
#7170=DIRECTION('',(0.,1.,0.));
#7171=VECTOR('',#7170,1.);
#7172=LINE('',#7169,#7171);
#7173=EDGE_CURVE('',#2085,#2093,#7172,.T.);
#7174=ORIENTED_EDGE('',*,*,#7173,.T.);
#7175=CARTESIAN_POINT('',(0.007292936495730755,0.011728060035451297,0.));
#7176=DIRECTION('',(0.9976625651734405,0.0683330524091397,0.));
#7177=VECTOR('',#7176,1.);
#7178=LINE('',#7175,#7177);
#7179=EDGE_CURVE('',#2093,#2101,#7178,.T.);
#7180=ORIENTED_EDGE('',*,*,#7179,.T.);
#7181=CARTESIAN_POINT('',(0.007301596122875553,0.01190040773667457,0.));
#7182=CARTESIAN_POINT('',(0.007301534182826077,0.011893367372962803,0.));
#7183=CARTESIAN_POINT('',(0.007301407197179815,0.011878933656112048,0.));
#7184=CARTESIAN_POINT('',(0.007301051442309412,0.011856962180546311,0.));
#7185=CARTESIAN_POINT('',(0.007300124271966033,0.01183443635487709,0.));
#7186=CARTESIAN_POINT('',(0.007299135647946197,0.011811832627251993,0.));
#7187=CARTESIAN_POINT('',(0.007297758593239647,0.011789454088247416,0.));
#7188=CARTESIAN_POINT('',(0.007296682959909565,0.011767817919609378,0.));
#7189=CARTESIAN_POINT('',(0.007294952838261072,0.011747403218462453,0.));
#7190=CARTESIAN_POINT('',(0.007293589448131012,0.011734323940311635,0.));
#7191=CARTESIAN_POINT('',(0.007292936495730755,0.011728060035451297,0.));
#7192=B_SPLINE_CURVE_WITH_KNOTS('',3,(#7181,#7182,#7183,#7184,#7185,#7186,#7187,#7188,#7189,#7190,#7191),.UNSPECIFIED.,.F.,.F.,(4,1,1,1,1,1,1,1,4),(0.,0.1223541756691451,0.2508429392879424,0.3818468050434329,0.5141242388884226,0.644020775516939,0.7714743366179393,0.8905548917099163,1.),.UNSPECIFIED.);
#7193=TRIMMED_CURVE('',#7192,(PARAMETER_VALUE(0.)),(PARAMETER_VALUE(1.)),.T.,.PARAMETER.);
#7194=EDGE_CURVE('',#2101,#2117,#7193,.T.);
#7195=ORIENTED_EDGE('',*,*,#7194,.T.);
#7196=CARTESIAN_POINT('',(0.007083626971328472,0.012160618971854805,0.));
#7197=CARTESIAN_POINT('',(0.007091876770325522,0.012160433743090884,0.));
#7198=CARTESIAN_POINT('',(0.007108017240329361,0.01216007134889086,0.));
#7199=CARTESIAN_POINT('',(0.007131532805148512,0.012156722927444696,0.));
#7200=CARTESIAN_POINT('',(0.0071538533923002435,0.01215188583337365,0.));
#7201=CARTESIAN_POINT('',(0.007174594362001116,0.012144324251751257,0.));
#7202=CARTESIAN_POINT('',(0.00719413192793599,0.012135068633359196,0.));
#7203=CARTESIAN_POINT('',(0.0072120558883316385,0.01212327585810607,0.));
#7204=CARTESIAN_POINT('',(0.007228902095081568,0.012109768759475397,0.));
#7205=CARTESIAN_POINT('',(0.007244114583845354,0.01209406429244309,0.));
#7206=CARTESIAN_POINT('',(0.0072576919571479,0.012076408384344369,0.));
#7207=CARTESIAN_POINT('',(0.007269579674936201,0.01205689177916696,0.));
#7208=CARTESIAN_POINT('',(0.007279520308080037,0.01203541158366679,0.));
#7209=CARTESIAN_POINT('',(0.0072874859113749475,0.012012017935330974,0.));
#7210=CARTESIAN_POINT('',(0.0072937927285360036,0.011986790943434317,0.));
#7211=CARTESIAN_POINT('',(0.00729842363847311,0.011959687815154267,0.));
#7212=CARTESIAN_POINT('',(0.007301191850590169,0.011930668881987697,0.));
#7213=CARTESIAN_POINT('',(0.007301458718943022,0.011910692884876058,0.));
#7214=CARTESIAN_POINT('',(0.007301596122875552,0.011900407736674569,0.));
#7215=B_SPLINE_CURVE_WITH_KNOTS('',3,(#7196,#7197,#7198,#7199,#7200,#7201,#7202,#7203,#7204,#7205,#7206,#7207,#7208,#7209,#7210,#7211,#7212,#7213,#7214),.UNSPECIFIED.,.F.,.F.,(4,1,1,1,1,1,1,1,1,1,1,1,1,1,1,1,4),(0.,0.06417908423077892,0.1255643421459295,0.1845924900367022,0.24162278531259163,0.2970181135409943,0.3525028306362034,0.4082225219074272,0.46480605294235977,0.5222456618096839,0.5812712655482265,0.6423229054609939,0.7061029643439393,0.773360096888523,0.8445376803860365,0.9199562861347348,0.9999999999999999),.UNSPECIFIED.);
#7216=TRIMMED_CURVE('',#7215,(PARAMETER_VALUE(0.)),(PARAMETER_VALUE(0.9999999999999999)),.T.,.PARAMETER.);
#7217=EDGE_CURVE('',#2117,#2142,#7216,.T.);
#7218=ORIENTED_EDGE('',*,*,#7217,.T.);
#7219=CARTESIAN_POINT('',(0.0068555197197094336,0.011923852093090971,0.));
#7220=CARTESIAN_POINT('',(0.00685571388539171,0.011932732838933086,0.));
#7221=CARTESIAN_POINT('',(0.0068560942632999965,0.011950130555604023,0.));
#7222=CARTESIAN_POINT('',(0.006859321711903997,0.011975511401010611,0.));
#7223=CARTESIAN_POINT('',(0.006864553535068224,0.011999576337705702,0.));
#7224=CARTESIAN_POINT('',(0.006872037829092835,0.01202213639201138,0.));
#7225=CARTESIAN_POINT('',(0.0068809907327453505,0.01204339772431843,0.));
#7226=CARTESIAN_POINT('',(0.00689208950104119,0.01206282576385986,0.));
#7227=CARTESIAN_POINT('',(0.006904607181790704,0.012080780141901226,0.));
#7228=CARTESIAN_POINT('',(0.006918799596171411,0.012097026785186227,0.));
#7229=CARTESIAN_POINT('',(0.006934449175103184,0.012111786744043928,0.));
#7230=CARTESIAN_POINT('',(0.006951946851609005,0.012124420262555146,0.));
#7231=CARTESIAN_POINT('',(0.006970780868617643,0.012135499584417644,0.));
#7232=CARTESIAN_POINT('',(0.0069911387220902305,0.01214455234052632,0.));
#7233=CARTESIAN_POINT('',(0.007012729669181697,0.01215168508962388,0.));
#7234=CARTESIAN_POINT('',(0.0070353865568164396,0.012157080248965115,0.));
#7235=CARTESIAN_POINT('',(0.007059192453151067,0.01215996454817695,0.));
#7236=CARTESIAN_POINT('',(0.007075382747503898,0.012160398168840103,0.));
#7237=CARTESIAN_POINT('',(0.007083626971328472,0.012160618971854805,0.));
#7238=B_SPLINE_CURVE_WITH_KNOTS('',3,(#7219,#7220,#7221,#7222,#7223,#7224,#7225,#7226,#7227,#7228,#7229,#7230,#7231,#7232,#7233,#7234,#7235,#7236,#7237),.UNSPECIFIED.,.F.,.F.,(4,1,1,1,1,1,1,1,1,1,1,1,1,1,1,1,4),(0.,0.07193231070122784,0.1409181146848183,0.20693681039480558,0.2711565653505123,0.3332509950118017,0.39353463885228995,0.4520904879245299,0.5103147468061561,0.5680310019135516,0.6259919913559082,0.6847918472962871,0.7447968558272501,0.8061293617907831,0.8688105727927471,0.9331973231774306,1.),.UNSPECIFIED.);
#7239=TRIMMED_CURVE('',#7238,(PARAMETER_VALUE(0.)),(PARAMETER_VALUE(1.)),.T.,.PARAMETER.);
#7240=EDGE_CURVE('',#2142,#2167,#7239,.T.);
#7241=ORIENTED_EDGE('',*,*,#7240,.T.);
#7242=CARTESIAN_POINT('',(0.006923107053522482,0.011714542568688686,0.));
#7243=CARTESIAN_POINT('',(0.0069177078225148925,0.011722990591370991,0.));
#7244=CARTESIAN_POINT('',(0.0069070657482944945,0.01173964194121587,0.));
#7245=CARTESIAN_POINT('',(0.006893365934463719,0.011765510364639162,0.));
#7246=CARTESIAN_POINT('',(0.006881670975439532,0.01179152885045017,0.));
#7247=CARTESIAN_POINT('',(0.0068721736404417045,0.011817729641113736,0.));
#7248=CARTESIAN_POINT('',(0.006864692501608044,0.011844047358234425,0.));
#7249=CARTESIAN_POINT('',(0.006859426806595264,0.011870530918043402,0.));
#7250=CARTESIAN_POINT('',(0.0068561353941167585,0.011897156248637327,0.));
#7251=CARTESIAN_POINT('',(0.006855724516536965,0.011914972035405697,0.));
#7252=CARTESIAN_POINT('',(0.0068555197197094336,0.011923852093090971,0.));
#7253=B_SPLINE_CURVE_WITH_KNOTS('',3,(#7242,#7243,#7244,#7245,#7246,#7247,#7248,#7249,#7250,#7251,#7252),.UNSPECIFIED.,.F.,.F.,(4,1,1,1,1,1,1,1,4),(0.,0.1347388330900747,0.2655749791217999,0.3930998604940869,0.5179519646982979,0.6399003031554202,0.7605525587092047,0.8806503962526058,0.9999999999999999),.UNSPECIFIED.);
#7254=TRIMMED_CURVE('',#7253,(PARAMETER_VALUE(0.)),(PARAMETER_VALUE(0.9999999999999999)),.T.,.PARAMETER.);
#7255=EDGE_CURVE('',#2167,#2184,#7254,.T.);
#7256=ORIENTED_EDGE('',*,*,#7255,.T.);
#7257=CARTESIAN_POINT('',(0.006802505904749824,0.011714542568688686,0.));
#7258=DIRECTION('',(1.,0.,0.));
#7259=VECTOR('',#7258,1.);
#7260=LINE('',#7257,#7259);
#7261=EDGE_CURVE('',#2184,#2193,#7260,.T.);
#7262=ORIENTED_EDGE('',*,*,#7261,.T.);
#7263=CARTESIAN_POINT('',(0.006760897452371166,0.011924063303509137,0.));
#7264=CARTESIAN_POINT('',(0.006761015536978455,0.011912655802661138,0.));
#7265=CARTESIAN_POINT('',(0.006761243137039199,0.011890668619526031,0.));
#7266=CARTESIAN_POINT('',(0.0067630836468302105,0.011858725338210108,0.));
#7267=CARTESIAN_POINT('',(0.006766517643104305,0.011829141909728216,0.));
#7268=CARTESIAN_POINT('',(0.006770807561303633,0.011801663463202697,0.));
#7269=CARTESIAN_POINT('',(0.006776654383986041,0.011776589626266145,0.));
#7270=CARTESIAN_POINT('',(0.006783954316442135,0.011753756909885456,0.));
#7271=CARTESIAN_POINT('',(0.006792088167352808,0.011733015325088183,0.));
#7272=CARTESIAN_POINT('',(0.006799129335072646,0.011720529909963992,0.));
#7273=CARTESIAN_POINT('',(0.006802505904749825,0.011714542568688688,0.));
#7274=B_SPLINE_CURVE_WITH_KNOTS('',3,(#7263,#7264,#7265,#7266,#7267,#7268,#7269,#7270,#7271,#7272,#7273),.UNSPECIFIED.,.F.,.F.,(4,1,1,1,1,1,1,1,4),(0.,0.15841578101221418,0.305335658968468,0.4440771503482723,0.5718616957550143,0.6913861950975135,0.8011553696883962,0.9046446873736351,1.),.UNSPECIFIED.);
#7275=TRIMMED_CURVE('',#7274,(PARAMETER_VALUE(0.)),(PARAMETER_VALUE(1.)),.T.,.PARAMETER.);
#7276=EDGE_CURVE('',#2193,#2209,#7275,.T.);
#7277=ORIENTED_EDGE('',*,*,#7276,.T.);
#7278=CARTESIAN_POINT('',(0.007089540863037113,0.012282276172718293,0.));
#7279=CARTESIAN_POINT('',(0.007077412066256624,0.012282045632686492,0.));
#7280=CARTESIAN_POINT('',(0.007053615086604246,0.012281593307814939,0.));
#7281=CARTESIAN_POINT('',(0.007018920027525169,0.012276469409084563,0.));
#7282=CARTESIAN_POINT('',(0.006985848477817659,0.012268857027425964,0.));
#7283=CARTESIAN_POINT('',(0.006954813440956434,0.012257466509476888,0.));
#7284=CARTESIAN_POINT('',(0.006925461459866181,0.01224362554053039,0.));
#7285=CARTESIAN_POINT('',(0.006898402361303603,0.012226635282869349,0.));
#7286=CARTESIAN_POINT('',(0.006873439402081375,0.012206994393007637,0.));
#7287=CARTESIAN_POINT('',(0.00685059416962865,0.012184808627280273,0.));
#7288=CARTESIAN_POINT('',(0.0068300717342932235,0.01216001732183837,0.));
#7289=CARTESIAN_POINT('',(0.006811982425260222,0.01213278275088667,0.));
#7290=CARTESIAN_POINT('',(0.0067965751164238185,0.012103078092402412,0.));
#7291=CARTESIAN_POINT('',(0.006783770620283522,0.012071076689430457,0.));
#7292=CARTESIAN_POINT('',(0.006773262405742914,0.012037083445594595,0.));
#7293=CARTESIAN_POINT('',(0.006766336490122945,0.012001023219793445,0.));
#7294=CARTESIAN_POINT('',(0.006761664138641152,0.011963189192268941,0.));
#7295=CARTESIAN_POINT('',(0.006761157107075391,0.011937314122613582,0.));
#7296=CARTESIAN_POINT('',(0.006760897452371166,0.011924063303509137,0.));
#7297=B_SPLINE_CURVE_WITH_KNOTS('',3,(#7278,#7279,#7280,#7281,#7282,#7283,#7284,#7285,#7286,#7287,#7288,#7289,#7290,#7291,#7292,#7293,#7294,#7295,#7296),.UNSPECIFIED.,.F.,.F.,(4,1,1,1,1,1,1,1,1,1,1,1,1,1,1,1,4),(0.,0.06640919123872627,0.1302963683241227,0.19177241594679054,0.25205549485297907,0.3110685786007318,0.3692997285580015,0.42671886471694354,0.4848284877736791,0.5434595239183407,0.6027355631519913,0.6636461536124604,0.726472747614361,0.7913963097315814,0.8582778046457,0.9274229905952927,1.),.UNSPECIFIED.);
#7298=TRIMMED_CURVE('',#7297,(PARAMETER_VALUE(0.)),(PARAMETER_VALUE(1.)),.T.,.PARAMETER.);
#7299=EDGE_CURVE('',#2209,#2234,#7298,.T.);
#7300=ORIENTED_EDGE('',*,*,#7299,.T.);
#7301=CARTESIAN_POINT('',(0.007396218390213819,0.011942438609889559,0.));
#7302=CARTESIAN_POINT('',(0.007396006372757305,0.01195547422935368,0.));
#7303=CARTESIAN_POINT('',(0.007395593864375113,0.011980836774421346,0.));
#7304=CARTESIAN_POINT('',(0.007391484237735717,0.012017853249746281,0.));
#7305=CARTESIAN_POINT('',(0.007384795835050432,0.01205268354022173,0.));
#7306=CARTESIAN_POINT('',(0.00737551233681315,0.01208542985216265,0.));
#7307=CARTESIAN_POINT('',(0.007363689045325748,0.012115797655180772,0.));
#7308=CARTESIAN_POINT('',(0.007349736911750717,0.012143943612578952,0.));
#7309=CARTESIAN_POINT('',(0.0073333946648647666,0.012169653002548996,0.));
#7310=CARTESIAN_POINT('',(0.0073147735839815915,0.012193024178582415,0.));
#7311=CARTESIAN_POINT('',(0.007293805742695112,0.012213818498731679,0.));
#7312=CARTESIAN_POINT('',(0.007270557607875934,0.012231862710870482,0.));
#7313=CARTESIAN_POINT('',(0.007245271130945974,0.012247451512173787,0.));
#7314=CARTESIAN_POINT('',(0.007217651116953596,0.012260102380120722,0.));
#7315=CARTESIAN_POINT('',(0.00718808996861386,0.012269921610249633,0.));
#7316=CARTESIAN_POINT('',(0.0071567858255244254,0.012277195587125669,0.));
#7317=CARTESIAN_POINT('',(0.007123731229765767,0.012281407646821452,0.));
#7318=CARTESIAN_POINT('',(0.007101098954141362,0.012281982566582922,0.));
#7319=CARTESIAN_POINT('',(0.007089540863037113,0.012282276172718293,0.));
#7320=B_SPLINE_CURVE_WITH_KNOTS('',3,(#7301,#7302,#7303,#7304,#7305,#7306,#7307,#7308,#7309,#7310,#7311,#7312,#7313,#7314,#7315,#7316,#7317,#7318,#7319),.UNSPECIFIED.,.F.,.F.,(4,1,1,1,1,1,1,1,1,1,1,1,1,1,1,1,4),(0.,0.07539473573432429,0.1466905648933722,0.21515145559671062,0.28038960327059176,0.34332361384467,0.4034368271657049,0.46185636968562815,0.5192357184769056,0.575976828733253,0.6322790971055897,0.6891443435214273,0.7474644000677767,0.8076176203511245,0.8690751123368656,0.9331378865944681,1.),.UNSPECIFIED.);
#7321=TRIMMED_CURVE('',#7320,(PARAMETER_VALUE(0.)),(PARAMETER_VALUE(1.)),.T.,.PARAMETER.);
#7322=EDGE_CURVE('',#2234,#2058,#7321,.T.);
#7323=ORIENTED_EDGE('',*,*,#7322,.T.);
#7324=EDGE_LOOP('',(#7150,#7156,#7162,#7168,#7174,#7180,#7195,#7218,#7241,#7256,#7262,#7277,#7300,#7323));
#7325=FACE_OUTER_BOUND('',#7324,.T.);
#7326=ADVANCED_FACE('',(#7325),#24,.T.);
#7327=CARTESIAN_POINT('',(0.010261628803453948,0.023436298356052907,0.));
#7328=CARTESIAN_POINT('',(0.010261870472493663,0.02344292323625315,0.));
#7329=CARTESIAN_POINT('',(0.010262350681150903,0.023456087209714864,0.));
#7330=CARTESIAN_POINT('',(0.010265007094427944,0.023475530061448875,0.));
#7331=CARTESIAN_POINT('',(0.010270017154890123,0.023494316817109225,0.));
#7332=CARTESIAN_POINT('',(0.010276726545243977,0.023512432735297774,0.));
#7333=CARTESIAN_POINT('',(0.010285229038237859,0.023529675070889666,0.));
#7334=CARTESIAN_POINT('',(0.010294891486827712,0.0235459831139099,0.));
#7335=CARTESIAN_POINT('',(0.010305980329502838,0.023561133523038676,0.));
#7336=CARTESIAN_POINT('',(0.010318440628875672,0.02357505783082075,0.));
#7337=CARTESIAN_POINT('',(0.010332157812478699,0.023587721586123073,0.));
#7338=CARTESIAN_POINT('',(0.010347039876904225,0.02359903842540638,0.));
#7339=CARTESIAN_POINT('',(0.010363146753734339,0.023608737099720233,0.));
#7340=CARTESIAN_POINT('',(0.010380341381841606,0.023616965163166224,0.));
#7341=CARTESIAN_POINT('',(0.010398303600832035,0.02362380219729278,0.));
#7342=CARTESIAN_POINT('',(0.01041719163357846,0.023628343151234417,0.));
#7343=CARTESIAN_POINT('',(0.010436613860600467,0.02363152517772824,0.));
#7344=CARTESIAN_POINT('',(0.01044987439056963,0.023631760351008203,0.));
#7345=CARTESIAN_POINT('',(0.01045657601942096,0.02363187920327442,0.));
#7346=B_SPLINE_CURVE_WITH_KNOTS('',3,(#7327,#7328,#7329,#7330,#7331,#7332,#7333,#7334,#7335,#7336,#7337,#7338,#7339,#7340,#7341,#7342,#7343,#7344,#7345),.UNSPECIFIED.,.F.,.F.,(4,1,1,1,1,1,1,1,1,1,1,1,1,1,1,1,4),(0.,0.06479255915511058,0.12874610611112192,0.19135200821575393,0.25451167227612176,0.31731024906658245,0.3790474293125171,0.4396225763046685,0.500556436108093,0.5614436271328103,0.6218778286591751,0.6830251312898217,0.7449041173326069,0.8080637813929727,0.8704991826457524,0.9345526599713274,1.),.UNSPECIFIED.);
#7347=CARTESIAN_POINT('',(0.010456576019420958,0.023631879203274416,0.));
#7348=VERTEX_POINT('',#7347);
#7349=CARTESIAN_POINT('',(0.010261628803453948,0.023436298356052907,0.));
#7350=VERTEX_POINT('',#7349);
#7351=TRIMMED_CURVE('',#7346,(PARAMETER_VALUE(0.)),(PARAMETER_VALUE(1.)),.T.,.PARAMETER.);
#7352=EDGE_CURVE('',#7348,#7350,#7351,.T.);
#7353=ORIENTED_EDGE('',*,*,#7352,.F.);
#7354=CARTESIAN_POINT('',(0.010456576019420958,0.023631879203274416,0.));
#7355=CARTESIAN_POINT('',(0.010466301759129508,0.023631768963384432,0.));
#7356=CARTESIAN_POINT('',(0.01048530857904556,0.023631553523757308,0.));
#7357=CARTESIAN_POINT('',(0.01051308709810911,0.023628349507464588,0.));
#7358=CARTESIAN_POINT('',(0.01053963766026228,0.023623938476320255,0.));
#7359=CARTESIAN_POINT('',(0.010564628423031752,0.023617034294908752,0.));
#7360=CARTESIAN_POINT('',(0.010588237024635336,0.02360894052161858,0.));
#7361=CARTESIAN_POINT('',(0.01060996816888379,0.023598886565139917,0.));
#7362=CARTESIAN_POINT('',(0.010630255097377334,0.02358776343649245,0.));
#7363=CARTESIAN_POINT('',(0.010648582709229906,0.023574921139178934,0.));
#7364=CARTESIAN_POINT('',(0.010664881710328769,0.023560649446270936,0.));
#7365=CARTESIAN_POINT('',(0.010679581411171288,0.02354536324803792,0.));
#7366=CARTESIAN_POINT('',(0.010691878748614663,0.023528388138966072,0.));
#7367=CARTESIAN_POINT('',(0.010702604956056013,0.02351046894276209,0.));
#7368=CARTESIAN_POINT('',(0.010710836472159127,0.023491348137082865,0.));
#7369=CARTESIAN_POINT('',(0.010716766910097923,0.023471360119752236,0.));
#7370=CARTESIAN_POINT('',(0.01072047533875649,0.02345051538922903,0.));
#7371=CARTESIAN_POINT('',(0.010720971337538248,0.023436313618687057,0.));
#7372=CARTESIAN_POINT('',(0.010721222673382677,0.02342911720183527,0.));
#7373=B_SPLINE_CURVE_WITH_KNOTS('',3,(#7354,#7355,#7356,#7357,#7358,#7359,#7360,#7361,#7362,#7363,#7364,#7365,#7366,#7367,#7368,#7369,#7370,#7371,#7372),.UNSPECIFIED.,.F.,.F.,(4,1,1,1,1,1,1,1,1,1,1,1,1,1,1,1,4),(0.,0.07831784417141298,0.1530550071240951,0.22505518459142043,0.2949599325590516,0.3617018529444686,0.42592763626137287,0.4876389878870676,0.5479152408873055,0.6058169592638868,0.6619979643752087,0.7183876568033615,0.7743304415551063,0.8299732937603888,0.8856132541509943,0.9420371774761206,1.),.UNSPECIFIED.);
#7374=CARTESIAN_POINT('',(0.010721222673382677,0.02342911720183527,0.));
#7375=VERTEX_POINT('',#7374);
#7376=TRIMMED_CURVE('',#7373,(PARAMETER_VALUE(0.)),(PARAMETER_VALUE(1.)),.T.,.PARAMETER.);
#7377=EDGE_CURVE('',#7375,#7348,#7376,.T.);
#7378=ORIENTED_EDGE('',*,*,#7377,.F.);
#7379=CARTESIAN_POINT('',(0.010721222673382677,0.02342911720183527,0.));
#7380=CARTESIAN_POINT('',(0.01072102529756404,0.023422275268166214,0.));
#7381=CARTESIAN_POINT('',(0.010720634487183796,0.02340872802252441,0.));
#7382=CARTESIAN_POINT('',(0.010717340565657967,0.023388757430987554,0.));
#7383=CARTESIAN_POINT('',(0.010712113026589061,0.02336946813635095,0.));
#7384=CARTESIAN_POINT('',(0.010704621052639581,0.023351028106234642,0.));
#7385=CARTESIAN_POINT('',(0.010695373076895262,0.02333353193958003,0.));
#7386=CARTESIAN_POINT('',(0.01068433542352719,0.02331716640650097,0.));
#7387=CARTESIAN_POINT('',(0.010671528369842526,0.023302069814700718,0.));
#7388=CARTESIAN_POINT('',(0.010657137241725206,0.023288185502249266,0.));
#7389=CARTESIAN_POINT('',(0.010641341855479611,0.02327530108392088,0.));
#7390=CARTESIAN_POINT('',(0.010623594477666419,0.02326461936845371,0.));
#7391=CARTESIAN_POINT('',(0.010605010609189705,0.023254344905353972,0.));
#7392=CARTESIAN_POINT('',(0.010584680036494284,0.02324625985916548,0.));
#7393=CARTESIAN_POINT('',(0.0105631846536127,0.023239780065173892,0.));
#7394=CARTESIAN_POINT('',(0.010540689926095113,0.02323477998471031,0.));
#7395=CARTESIAN_POINT('',(0.010517186139450265,0.02323213357912396,0.));
#7396=CARTESIAN_POINT('',(0.0105012175927567,0.023231663009509684,0.));
#7397=CARTESIAN_POINT('',(0.010493115421763639,0.023231424250432103,0.));
#7398=B_SPLINE_CURVE_WITH_KNOTS('',3,(#7379,#7380,#7381,#7382,#7383,#7384,#7385,#7386,#7387,#7388,#7389,#7390,#7391,#7392,#7393,#7394,#7395,#7396,#7397),.UNSPECIFIED.,.F.,.F.,(4,1,1,1,1,1,1,1,1,1,1,1,1,1,1,1,4),(0.,0.060920352050948784,0.12062422901761433,0.17981524764083212,0.23863290175417512,0.29755413462685637,0.3558308866438616,0.4141346342625603,0.4735710534214598,0.5338128140188177,0.595244394769879,0.6578180421507362,0.7228094500316754,0.7896745023075974,0.8577060630165473,0.9278024587433934,0.9999999999999999),.UNSPECIFIED.);
#7399=CARTESIAN_POINT('',(0.010493115421763639,0.023231424250432103,0.));
#7400=VERTEX_POINT('',#7399);
#7401=TRIMMED_CURVE('',#7398,(PARAMETER_VALUE(0.)),(PARAMETER_VALUE(0.9999999999999999)),.T.,.PARAMETER.);
#7402=EDGE_CURVE('',#7400,#7375,#7401,.T.);
#7403=ORIENTED_EDGE('',*,*,#7402,.F.);
#7404=CARTESIAN_POINT('',(0.010493115421763639,0.023231424250432103,0.));
#7405=CARTESIAN_POINT('',(0.01048423699301843,0.023231559416654373,0.));
#7406=CARTESIAN_POINT('',(0.010466997750285006,0.02323182186887223,0.));
#7407=CARTESIAN_POINT('',(0.01044184570745827,0.023234635500976576,0.));
#7408=CARTESIAN_POINT('',(0.010418185485739896,0.02323925814692681,0.));
#7409=CARTESIAN_POINT('',(0.010395920323564041,0.023245592055737365,0.));
#7410=CARTESIAN_POINT('',(0.010375133174652733,0.023253526286659776,0.));
#7411=CARTESIAN_POINT('',(0.010356118680532966,0.023263424706068892,0.));
#7412=CARTESIAN_POINT('',(0.01033838964481918,0.02327422311050936,0.));
#7413=CARTESIAN_POINT('',(0.010322709413167035,0.023287084271957605,0.));
#7414=CARTESIAN_POINT('',(0.010308644090091771,0.023301283448654342,0.));
#7415=CARTESIAN_POINT('',(0.010296409271491547,0.023317005330460744,0.));
#7416=CARTESIAN_POINT('',(0.010285732965862536,0.023333932136055818,0.));
#7417=CARTESIAN_POINT('',(0.010277127413164777,0.02335228127489435,0.));
#7418=CARTESIAN_POINT('',(0.010270008052608892,0.023371738658985886,0.));
#7419=CARTESIAN_POINT('',(0.010265350993530565,0.023392406714860946,0.));
#7420=CARTESIAN_POINT('',(0.010262224670171885,0.023414026764266408,0.));
#7421=CARTESIAN_POINT('',(0.010261830661370956,0.02342875355284251,0.));
#7422=CARTESIAN_POINT('',(0.010261628803453948,0.023436298356052907,0.));
#7423=B_SPLINE_CURVE_WITH_KNOTS('',3,(#7404,#7405,#7406,#7407,#7408,#7409,#7410,#7411,#7412,#7413,#7414,#7415,#7416,#7417,#7418,#7419,#7420,#7421,#7422),.UNSPECIFIED.,.F.,.F.,(4,1,1,1,1,1,1,1,1,1,1,1,1,1,1,1,4),(0.,0.07627812650115694,0.14810921794180404,0.21717288183678074,0.28324830197850975,0.34684763662095114,0.40800534187629384,0.4672689326322428,0.5249134467685032,0.5818196562239016,0.6387097791179955,0.6957926415463571,0.7534403312515003,0.8125802370333189,0.8734889974071807,0.9351860988850063,1.),.UNSPECIFIED.);
#7424=TRIMMED_CURVE('',#7423,(PARAMETER_VALUE(0.)),(PARAMETER_VALUE(1.)),.T.,.PARAMETER.);
#7425=EDGE_CURVE('',#7350,#7400,#7424,.T.);
#7426=ORIENTED_EDGE('',*,*,#7425,.F.);
#7427=EDGE_LOOP('',(#7353,#7378,#7403,#7426));
#7428=FACE_OUTER_BOUND('',#7427,.T.);
#7429=ADVANCED_FACE('',(#7428),#24,.T.);
#7430=CARTESIAN_POINT('',(0.006825105419493563,0.010889977096169502,0.));
#7431=CARTESIAN_POINT('',(0.0068357431965264765,0.01089010904601669,0.));
#7432=CARTESIAN_POINT('',(0.006856423022703828,0.010890365556366133,0.));
#7433=CARTESIAN_POINT('',(0.006886471982396215,0.010893214530657164,0.));
#7434=CARTESIAN_POINT('',(0.006914572493139541,0.010897551893904426,0.));
#7435=CARTESIAN_POINT('',(0.006940957802790957,0.010903686859907636,0.));
#7436=CARTESIAN_POINT('',(0.006966047547484887,0.010911966367442832,0.));
#7437=CARTESIAN_POINT('',(0.0069901067979653625,0.010922904144367062,0.));
#7438=CARTESIAN_POINT('',(0.007013697477839457,0.010935781111464206,0.));
#7439=CARTESIAN_POINT('',(0.00703666525898921,0.010951205300309156,0.));
#7440=CARTESIAN_POINT('',(0.0070593264580684194,0.010968999517072874,0.));
#7441=CARTESIAN_POINT('',(0.007081651718988448,0.010989508264458795,0.));
#7442=CARTESIAN_POINT('',(0.007104421071192561,0.011012072162542968,0.));
#7443=CARTESIAN_POINT('',(0.007126979008375581,0.011037702457392667,0.));
#7444=CARTESIAN_POINT('',(0.007150286292966,0.011065993531936694,0.));
#7445=CARTESIAN_POINT('',(0.007174811761880295,0.01109721241334537,0.));
#7446=CARTESIAN_POINT('',(0.007200917689855844,0.011131250094469306,0.));
#7447=CARTESIAN_POINT('',(0.007218559236347006,0.011155157525472852,0.));
#7448=CARTESIAN_POINT('',(0.00722767247651753,0.011167507585639329,0.));
#7449=B_SPLINE_CURVE_WITH_KNOTS('',3,(#7430,#7431,#7432,#7433,#7434,#7435,#7436,#7437,#7438,#7439,#7440,#7441,#7442,#7443,#7444,#7445,#7446,#7447,#7448),.UNSPECIFIED.,.F.,.F.,(4,1,1,1,1,1,1,1,1,1,1,1,1,1,1,1,4),(0.,0.062101792796614944,0.12072581295531154,0.17608296879907503,0.22803796587715527,0.2787416450302945,0.33008631926457094,0.38215830297405606,0.43552238506561247,0.4914491130346924,0.5502444330735188,0.6124563584204199,0.6785556401048755,0.7495138791035744,0.8264998849395151,0.9103736047771197,1.),.UNSPECIFIED.);
#7450=TRIMMED_CURVE('',#7449,(PARAMETER_VALUE(0.)),(PARAMETER_VALUE(1.)),.T.,.PARAMETER.);
#7451=EDGE_CURVE('',#1846,#1848,#7450,.T.);
#7452=ORIENTED_EDGE('',*,*,#7451,.T.);
#7453=CARTESIAN_POINT('',(0.0067744149191337755,0.0108899770961695,0.));
#7454=DIRECTION('',(1.,0.,0.));
#7455=VECTOR('',#7454,1.);
#7456=LINE('',#7453,#7455);
#7457=EDGE_CURVE('',#1848,#1857,#7456,.T.);
#7458=ORIENTED_EDGE('',*,*,#7457,.T.);
#7459=CARTESIAN_POINT('',(0.0067744149191337755,0.011524030771503158,0.));
#7460=DIRECTION('',(0.,-1.,0.));
#7461=VECTOR('',#7460,1.);
#7462=LINE('',#7459,#7461);
#7463=EDGE_CURVE('',#1857,#1865,#7462,.T.);
#7464=ORIENTED_EDGE('',*,*,#7463,.T.);
#7465=CARTESIAN_POINT('',(0.006882554653234653,0.011524030771503158,0.));
#7466=DIRECTION('',(-1.,0.,0.));
#7467=VECTOR('',#7466,1.);
#7468=LINE('',#7465,#7467);
#7469=EDGE_CURVE('',#1865,#1873,#7468,.T.);
#7470=ORIENTED_EDGE('',*,*,#7469,.T.);
#7471=CARTESIAN_POINT('',(0.006882554653234653,0.011011634297032986,0.));
#7472=DIRECTION('',(0.,1.,0.));
#7473=VECTOR('',#7472,1.);
#7474=LINE('',#7471,#7473);
#7475=EDGE_CURVE('',#1873,#1881,#7474,.T.);
#7476=ORIENTED_EDGE('',*,*,#7475,.T.);
#7477=CARTESIAN_POINT('',(0.007174236240721589,0.011255793540432622,0.));
#7478=CARTESIAN_POINT('',(0.007166003044060454,0.011244244641369834,0.));
#7479=CARTESIAN_POINT('',(0.007150215967585442,0.011222099737001508,0.));
#7480=CARTESIAN_POINT('',(0.007127556766538879,0.011190447030353672,0.));
#7481=CARTESIAN_POINT('',(0.007106546174437838,0.011162147080300522,0.));
#7482=CARTESIAN_POINT('',(0.007087562891444182,0.011136699717323987,0.));
#7483=CARTESIAN_POINT('',(0.007069434396095951,0.011114313830319656,0.));
#7484=CARTESIAN_POINT('',(0.007052129390153382,0.01109442425366832,0.));
#7485=CARTESIAN_POINT('',(0.007035537098167931,0.011076827566432836,0.));
#7486=CARTESIAN_POINT('',(0.007019312480744838,0.011061669972921517,0.));
#7487=CARTESIAN_POINT('',(0.0070035373740209225,0.011048564009957183,0.));
#7488=CARTESIAN_POINT('',(0.0069874421129177446,0.011038052331633574,0.));
#7489=CARTESIAN_POINT('',(0.006971751448133176,0.011028943483466455,0.));
#7490=CARTESIAN_POINT('',(0.006955501094279681,0.011022346149744759,0.));
#7491=CARTESIAN_POINT('',(0.006938797669103759,0.011017411806279466,0.));
#7492=CARTESIAN_POINT('',(0.006921098197866866,0.01101412555639418,0.));
#7493=CARTESIAN_POINT('',(0.0069022537940244275,0.011011906852436385,0.));
#7494=CARTESIAN_POINT('',(0.0068892498774946855,0.011011726931507178,0.));
#7495=CARTESIAN_POINT('',(0.006882554653234653,0.011011634297032986,0.));
#7496=B_SPLINE_CURVE_WITH_KNOTS('',3,(#7477,#7478,#7479,#7480,#7481,#7482,#7483,#7484,#7485,#7486,#7487,#7488,#7489,#7490,#7491,#7492,#7493,#7494,#7495),.UNSPECIFIED.,.F.,.F.,(4,1,1,1,1,1,1,1,1,1,1,1,1,1,1,1,4),(0.,0.10687929048071573,0.20494002534631475,0.2933287870497831,0.37248465616867743,0.4441554510795223,0.5103337475008557,0.5711252881572239,0.6263030654262407,0.6775919997301718,0.7254134201616914,0.77101749190255,0.8140722992328177,0.8572152701530366,0.9020600507410855,0.9495744283805064,0.9999999999999999),.UNSPECIFIED.);
#7497=TRIMMED_CURVE('',#7496,(PARAMETER_VALUE(0.)),(PARAMETER_VALUE(0.9999999999999999)),.T.,.PARAMETER.);
#7498=EDGE_CURVE('',#1881,#1905,#7497,.T.);
#7499=ORIENTED_EDGE('',*,*,#7498,.T.);
#7500=CARTESIAN_POINT('',(0.00754068631623921,0.011484745633724324,0.));
#7501=CARTESIAN_POINT('',(0.007530822253489046,0.011484613037287083,0.));
#7502=CARTESIAN_POINT('',(0.007511546513845593,0.011484353925553234,0.));
#7503=CARTESIAN_POINT('',(0.007483332474724839,0.011481462892346785,0.));
#7504=CARTESIAN_POINT('',(0.007456563185085205,0.011477157072368505,0.));
#7505=CARTESIAN_POINT('',(0.0074311638697196905,0.011470937539544281,0.));
#7506=CARTESIAN_POINT('',(0.007406844046306165,0.011463111174717738,0.));
#7507=CARTESIAN_POINT('',(0.007383399773642708,0.011453285584766961,0.));
#7508=CARTESIAN_POINT('',(0.007360492184176223,0.011441974943965604,0.));
#7509=CARTESIAN_POINT('',(0.007338478142314146,0.01142844772737053,0.));
#7510=CARTESIAN_POINT('',(0.00731683221990875,0.011413442249644593,0.));
#7511=CARTESIAN_POINT('',(0.007295698621237285,0.0113965428491253,0.));
#7512=CARTESIAN_POINT('',(0.007275167807229267,0.011377562088919093,0.));
#7513=CARTESIAN_POINT('',(0.007254936264048401,0.011356844781923194,0.));
#7514=CARTESIAN_POINT('',(0.007234738709160173,0.011334271732323096,0.));
#7515=CARTESIAN_POINT('',(0.007214599735256258,0.011309831522209744,0.));
#7516=CARTESIAN_POINT('',(0.007194233949969976,0.011283564325531169,0.));
#7517=CARTESIAN_POINT('',(0.007181009066661153,0.011265198952389626,0.));
#7518=CARTESIAN_POINT('',(0.007174236240721589,0.011255793540432622,0.));
#7519=B_SPLINE_CURVE_WITH_KNOTS('',3,(#7500,#7501,#7502,#7503,#7504,#7505,#7506,#7507,#7508,#7509,#7510,#7511,#7512,#7513,#7514,#7515,#7516,#7517,#7518),.UNSPECIFIED.,.F.,.F.,(4,1,1,1,1,1,1,1,1,1,1,1,1,1,1,1,4),(0.,0.06536284065744523,0.12772800931829334,0.1878020640779455,0.24496312390011543,0.3008974624926951,0.3569718024298611,0.4133231691732012,0.47006931324001605,0.5280681987273902,0.5878332939645929,0.6492695827606733,0.713292506235326,0.7797212638555773,0.849991369802558,0.9231764607645334,1.),.UNSPECIFIED.);
#7520=TRIMMED_CURVE('',#7519,(PARAMETER_VALUE(0.)),(PARAMETER_VALUE(1.)),.T.,.PARAMETER.);
#7521=EDGE_CURVE('',#1905,#1930,#7520,.T.);
#7522=ORIENTED_EDGE('',*,*,#7521,.T.);
#7523=CARTESIAN_POINT('',(0.007815259859854718,0.011190107100383068,0.));
#7524=CARTESIAN_POINT('',(0.007815111818355803,0.011200470188676865,0.));
#7525=CARTESIAN_POINT('',(0.007814820832172508,0.011220839581933957,0.));
#7526=CARTESIAN_POINT('',(0.0078109030557763056,0.011250659763179878,0.));
#7527=CARTESIAN_POINT('',(0.007805665496698417,0.011279427620552233,0.));
#7528=CARTESIAN_POINT('',(0.007797525212103026,0.01130680135340206,0.));
#7529=CARTESIAN_POINT('',(0.007787473683398579,0.011332865201471788,0.));
#7530=CARTESIAN_POINT('',(0.00777516917018149,0.011357155163023748,0.));
#7531=CARTESIAN_POINT('',(0.007761054860139342,0.011379841603988134,0.));
#7532=CARTESIAN_POINT('',(0.007744343033544632,0.011400279112162232,0.));
#7533=CARTESIAN_POINT('',(0.007726109505493075,0.011419288953792643,0.));
#7534=CARTESIAN_POINT('',(0.007705297480468589,0.011435781175659148,0.));
#7535=CARTESIAN_POINT('',(0.007682734310404145,0.011450432314707383,0.));
#7536=CARTESIAN_POINT('',(0.00765799646264242,0.011462704192731698,0.));
#7537=CARTESIAN_POINT('',(0.007631384018562014,0.011472758285105493,0.));
#7538=CARTESIAN_POINT('',(0.0076027024865903325,0.011479557502834694,0.));
#7539=CARTESIAN_POINT('',(0.007572290221566283,0.011483919747488809,0.));
#7540=CARTESIAN_POINT('',(0.007551403353565278,0.011484465571702827,0.));
#7541=CARTESIAN_POINT('',(0.00754068631623921,0.011484745633724324,0.));
#7542=B_SPLINE_CURVE_WITH_KNOTS('',3,(#7523,#7524,#7525,#7526,#7527,#7528,#7529,#7530,#7531,#7532,#7533,#7534,#7535,#7536,#7537,#7538,#7539,#7540,#7541),.UNSPECIFIED.,.F.,.F.,(4,1,1,1,1,1,1,1,1,1,1,1,1,1,1,1,4),(0.,0.06845372137377559,0.13455069869556943,0.19853464777811167,0.26156876441528243,0.323017749627854,0.38296078816099455,0.4413219564581356,0.49925100701401626,0.5571744487283146,0.6151034992841964,0.6743578382505923,0.7347167840321539,0.7973043275934747,0.861983546071307,0.9291838542621924,1.),.UNSPECIFIED.);
#7543=TRIMMED_CURVE('',#7542,(PARAMETER_VALUE(0.)),(PARAMETER_VALUE(1.)),.T.,.PARAMETER.);
#7544=EDGE_CURVE('',#1930,#1955,#7543,.T.);
#7545=ORIENTED_EDGE('',*,*,#7544,.T.);
#7546=CARTESIAN_POINT('',(0.00772021517168012,0.010929895865202831,0.));
#7547=CARTESIAN_POINT('',(0.007727647006508253,0.010938270629502582,0.));
#7548=CARTESIAN_POINT('',(0.0077423319285243606,0.010954818731484012,0.));
#7549=CARTESIAN_POINT('',(0.0077611487282576224,0.010982109284977627,0.));
#7550=CARTESIAN_POINT('',(0.007777707921607818,0.011010460112317924,0.));
#7551=CARTESIAN_POINT('',(0.007791446559951451,0.011040783015487755,0.));
#7552=CARTESIAN_POINT('',(0.007802475910173083,0.011073546283453226,0.));
#7553=CARTESIAN_POINT('',(0.007809744133221216,0.011109517398645331,0.));
#7554=CARTESIAN_POINT('',(0.007814583260630035,0.011148719048211159,0.));
#7555=CARTESIAN_POINT('',(0.007815028257600951,0.01117593982703664,0.));
#7556=CARTESIAN_POINT('',(0.007815259859854718,0.011190107100383068,0.));
#7557=B_SPLINE_CURVE_WITH_KNOTS('',3,(#7546,#7547,#7548,#7549,#7550,#7551,#7552,#7553,#7554,#7555,#7556),.UNSPECIFIED.,.F.,.F.,(4,1,1,1,1,1,1,1,4),(0.,0.11803603206374408,0.23323310676734357,0.3490488123272225,0.464070922841641,0.5838701693636504,0.712950068929191,0.8506025538936131,1.),.UNSPECIFIED.);
#7558=TRIMMED_CURVE('',#7557,(PARAMETER_VALUE(0.)),(PARAMETER_VALUE(1.)),.T.,.PARAMETER.);
#7559=EDGE_CURVE('',#1955,#1972,#7558,.T.);
#7560=ORIENTED_EDGE('',*,*,#7559,.T.);
#7561=CARTESIAN_POINT('',(0.007598980391652964,0.010929895865202831,0.));
#7562=DIRECTION('',(1.,0.,0.));
#7563=VECTOR('',#7562,1.);
#7564=LINE('',#7561,#7563);
#7565=EDGE_CURVE('',#1972,#1981,#7564,.T.);
#7566=ORIENTED_EDGE('',*,*,#7565,.T.);
#7567=CARTESIAN_POINT('',(0.007720637592516451,0.011174688739856966,0.));
#7568=CARTESIAN_POINT('',(0.007720176077441093,0.011163390810865353,0.));
#7569=CARTESIAN_POINT('',(0.007719250658067809,0.011140736464506836,0.));
#7570=CARTESIAN_POINT('',(0.007712193651316566,0.011107325334304302,0.));
#7571=CARTESIAN_POINT('',(0.007701239773349051,0.011074875345352694,0.));
#7572=CARTESIAN_POINT('',(0.007687090337206336,0.01104327626854805,0.));
#7573=CARTESIAN_POINT('',(0.007669330224991142,0.011012784755507606,0.));
#7574=CARTESIAN_POINT('',(0.007648770141742789,0.010983280131831922,0.));
#7575=CARTESIAN_POINT('',(0.00762514818728347,0.010955476567908346,0.));
#7576=CARTESIAN_POINT('',(0.007607705171264447,0.010938424898238855,0.));
#7577=CARTESIAN_POINT('',(0.007598980391652964,0.010929895865202831,0.));
#7578=B_SPLINE_CURVE_WITH_KNOTS('',3,(#7567,#7568,#7569,#7570,#7571,#7572,#7573,#7574,#7575,#7576,#7577),.UNSPECIFIED.,.F.,.F.,(4,1,1,1,1,1,1,1,4),(0.,0.1206130799371948,0.2418505630804409,0.3631393518337261,0.48600338565713974,0.6110009717789563,0.7395212487425158,0.8697117691276981,1.),.UNSPECIFIED.);
#7579=TRIMMED_CURVE('',#7578,(PARAMETER_VALUE(0.)),(PARAMETER_VALUE(1.)),.T.,.PARAMETER.);
#7580=EDGE_CURVE('',#1981,#1997,#7579,.T.);
#7581=ORIENTED_EDGE('',*,*,#7580,.T.);
#7582=CARTESIAN_POINT('',(0.007530759426585419,0.011363088432860838,0.));
#7583=CARTESIAN_POINT('',(0.007538513294904506,0.011362957432458635,0.));
#7584=CARTESIAN_POINT('',(0.007553510487107839,0.011362704057223245,0.));
#7585=CARTESIAN_POINT('',(0.007575289810294589,0.011359861193976202,0.));
#7586=CARTESIAN_POINT('',(0.007595575821920908,0.011355355375976189,0.));
#7587=CARTESIAN_POINT('',(0.00761427045430038,0.01134869142300613,0.));
#7588=CARTESIAN_POINT('',(0.007631428388486501,0.011340644699843267,0.));
#7589=CARTESIAN_POINT('',(0.007647139161425659,0.011331405508226054,0.));
#7590=CARTESIAN_POINT('',(0.007661277861087831,0.011320666921458179,0.));
#7591=CARTESIAN_POINT('',(0.007673911804982453,0.011308713528937442,0.));
#7592=CARTESIAN_POINT('',(0.007684999082743041,0.011295388052476396,0.));
#7593=CARTESIAN_POINT('',(0.007694757833700891,0.011281098027162354,0.));
#7594=CARTESIAN_POINT('',(0.007702835323258012,0.011265470844282676,0.));
#7595=CARTESIAN_POINT('',(0.007709308345099132,0.011248807155532958,0.));
#7596=CARTESIAN_POINT('',(0.007714390558781289,0.011231270668433074,0.));
#7597=CARTESIAN_POINT('',(0.007717871855854644,0.0112130199621971,0.));
#7598=CARTESIAN_POINT('',(0.007720413635750876,0.01119412059387747,0.));
#7599=CARTESIAN_POINT('',(0.00772056202768099,0.011181245205556823,0.));
#7600=CARTESIAN_POINT('',(0.007720637592516451,0.011174688739856966,0.));
#7601=B_SPLINE_CURVE_WITH_KNOTS('',3,(#7582,#7583,#7584,#7585,#7586,#7587,#7588,#7589,#7590,#7591,#7592,#7593,#7594,#7595,#7596,#7597,#7598,#7599,#7600),.UNSPECIFIED.,.F.,.F.,(4,1,1,1,1,1,1,1,1,1,1,1,1,1,1,1,4),(0.,0.07682455400343081,0.14859068466358327,0.21733017099849614,0.2824487332283078,0.34489422404601805,0.4049822754746261,0.46277269135480875,0.5205335975922498,0.5770110048034757,0.6343104429683488,0.6917499829582966,0.7509806977730205,0.8112831983345546,0.8724678301927192,0.9350574696353532,1.),.UNSPECIFIED.);
#7602=TRIMMED_CURVE('',#7601,(PARAMETER_VALUE(0.)),(PARAMETER_VALUE(1.)),.T.,.PARAMETER.);
#7603=EDGE_CURVE('',#1997,#2022,#7602,.T.);
#7604=ORIENTED_EDGE('',*,*,#7603,.T.);
#7605=CARTESIAN_POINT('',(0.007227672476517531,0.01116750758563933,0.));
#7606=CARTESIAN_POINT('',(0.007234127176061083,0.011176519706243974,0.));
#7607=CARTESIAN_POINT('',(0.007246620842813079,0.011193963497516286,0.));
#7608=CARTESIAN_POINT('',(0.007266273316600075,0.01121813121351915,0.));
#7609=CARTESIAN_POINT('',(0.0072848994280934965,0.01124053415116765,0.));
#7610=CARTESIAN_POINT('',(0.0073036723251262625,0.011260325217565753,0.));
#7611=CARTESIAN_POINT('',(0.007321802117008706,0.011278574760360241,0.));
#7612=CARTESIAN_POINT('',(0.007340207044960671,0.011294495890388214,0.));
#7613=CARTESIAN_POINT('',(0.007358386127956041,0.011308891838624562,0.));
#7614=CARTESIAN_POINT('',(0.0073768143568736545,0.01132101385211726,0.));
#7615=CARTESIAN_POINT('',(0.007395050225387456,0.011331796341397384,0.));
#7616=CARTESIAN_POINT('',(0.007413547770862256,0.011340604895974032,0.));
#7617=CARTESIAN_POINT('',(0.007432081486774516,0.011348197909348236,0.));
#7618=CARTESIAN_POINT('',(0.007457440298462413,0.0113553018477558,0.));
#7619=CARTESIAN_POINT('',(0.007490225262906991,0.011361993903875696,0.));
#7620=CARTESIAN_POINT('',(0.007517060159826059,0.011362718516642452,0.));
#7621=CARTESIAN_POINT('',(0.0075307594265854195,0.01136308843286084,0.));
#7622=B_SPLINE_CURVE_WITH_KNOTS('',3,(#7605,#7606,#7607,#7608,#7609,#7610,#7611,#7612,#7613,#7614,#7615,#7616,#7617,#7618,#7619,#7620,#7621),.UNSPECIFIED.,.F.,.F.,(4,1,1,1,1,1,1,1,1,1,1,1,1,1,4),(0.,0.08817285447746122,0.1706666984234648,0.24776779287246709,0.319894156910136,0.3876255978419852,0.45233405803984894,0.5134003246456875,0.5719698157363564,0.6276924474854995,0.6818067928859884,0.7348553759626423,0.7867921821814988,0.8911569967909576,1.),.UNSPECIFIED.);
#7623=TRIMMED_CURVE('',#7622,(PARAMETER_VALUE(0.)),(PARAMETER_VALUE(1.)),.T.,.PARAMETER.);
#7624=EDGE_CURVE('',#2022,#1846,#7623,.T.);
#7625=ORIENTED_EDGE('',*,*,#7624,.T.);
#7626=EDGE_LOOP('',(#7452,#7458,#7464,#7470,#7476,#7499,#7522,#7545,#7560,#7566,#7581,#7604,#7625));
#7627=FACE_OUTER_BOUND('',#7626,.T.);
#7628=ADVANCED_FACE('',(#7627),#24,.T.);
#7629=CARTESIAN_POINT('',(0.010694187739857457,0.022432415238510976,0.));
#7630=DIRECTION('',(0.,-1.,0.));
#7631=VECTOR('',#7630,1.);
#7632=LINE('',#7629,#7631);
#7633=CARTESIAN_POINT('',(0.010694187739857457,0.02227168411028682,0.));
#7634=VERTEX_POINT('',#7633);
#7635=CARTESIAN_POINT('',(0.010694187739857457,0.022432415238510976,0.));
#7636=VERTEX_POINT('',#7635);
#7637=EDGE_CURVE('',#7634,#7636,#7632,.T.);
#7638=ORIENTED_EDGE('',*,*,#7637,.F.);
#7639=CARTESIAN_POINT('',(0.010694187739857457,0.02227168411028682,0.));
#7640=DIRECTION('',(-1.,0.,0.));
#7641=VECTOR('',#7640,1.);
#7642=LINE('',#7639,#7641);
#7643=CARTESIAN_POINT('',(0.009883139734100878,0.02227168411028682,0.));
#7644=VERTEX_POINT('',#7643);
#7645=EDGE_CURVE('',#7644,#7634,#7642,.T.);
#7646=ORIENTED_EDGE('',*,*,#7645,.F.);
#7647=CARTESIAN_POINT('',(0.009883139734100878,0.02227168411028682,0.));
#7648=DIRECTION('',(0.,1.,0.));
#7649=VECTOR('',#7648,1.);
#7650=LINE('',#7647,#7649);
#7651=CARTESIAN_POINT('',(0.009883139734100878,0.02242523408429334,0.));
#7652=VERTEX_POINT('',#7651);
#7653=EDGE_CURVE('',#7652,#7644,#7650,.T.);
#7654=ORIENTED_EDGE('',*,*,#7653,.F.);
#7655=CARTESIAN_POINT('',(0.009883139734100878,0.02242523408429334,0.));
#7656=CARTESIAN_POINT('',(0.009883442293669257,0.022441652322809005,0.));
#7657=CARTESIAN_POINT('',(0.009884030767353131,0.0224735855429478,0.));
#7658=CARTESIAN_POINT('',(0.009889226595692588,0.022520129434688025,0.));
#7659=CARTESIAN_POINT('',(0.0098975267309023,0.02256389882663617,0.));
#7660=CARTESIAN_POINT('',(0.009909336217041185,0.022604873826210264,0.));
#7661=CARTESIAN_POINT('',(0.009924601742542925,0.02264306587818327,0.));
#7662=CARTESIAN_POINT('',(0.009943427380307582,0.022678370560044365,0.));
#7663=CARTESIAN_POINT('',(0.009965539749237494,0.022710983008187684,0.));
#7664=CARTESIAN_POINT('',(0.009990917705119968,0.022740665660117124,0.));
#7665=CARTESIAN_POINT('',(0.010019557120048858,0.022767061567872473,0.));
#7666=CARTESIAN_POINT('',(0.010050903461572802,0.022790398076449506,0.));
#7667=CARTESIAN_POINT('',(0.010085535963225685,0.0228094746293874,0.));
#7668=CARTESIAN_POINT('',(0.010122600612842854,0.022825811319933758,0.));
#7669=CARTESIAN_POINT('',(0.010162807203581946,0.022837839658924344,0.));
#7670=CARTESIAN_POINT('',(0.010205616834755618,0.02284672508522002,0.));
#7671=CARTESIAN_POINT('',(0.010251284591343288,0.022852080213023925,0.));
#7672=CARTESIAN_POINT('',(0.010282664834846824,0.022852644831308454,0.));
#7673=CARTESIAN_POINT('',(0.010298801837051124,0.022852935181079035,0.));
#7674=B_SPLINE_CURVE_WITH_KNOTS('',3,(#7655,#7656,#7657,#7658,#7659,#7660,#7661,#7662,#7663,#7664,#7665,#7666,#7667,#7668,#7669,#7670,#7671,#7672,#7673),.UNSPECIFIED.,.F.,.F.,(4,1,1,1,1,1,1,1,1,1,1,1,1,1,1,1,4),(0.,0.07261034974658308,0.1412260079301539,0.20688856119720972,0.2694773881937202,0.329567653562826,0.38850477617876944,0.4461228183521968,0.5035511536343656,0.5608526687353617,0.6180991411742066,0.6759691584951127,0.7353906332350449,0.7969638477136836,0.8612220234113186,0.928634699285641,1.),.UNSPECIFIED.);
#7675=CARTESIAN_POINT('',(0.010298801837051124,0.022852935181079035,0.));
#7676=VERTEX_POINT('',#7675);
#7677=TRIMMED_CURVE('',#7674,(PARAMETER_VALUE(0.)),(PARAMETER_VALUE(1.)),.T.,.PARAMETER.);
#7678=EDGE_CURVE('',#7676,#7652,#7677,.T.);
#7679=ORIENTED_EDGE('',*,*,#7678,.F.);
#7680=CARTESIAN_POINT('',(0.010298801837051124,0.022852935181079035,0.));
#7681=CARTESIAN_POINT('',(0.01031479530524069,0.02285261014746423,0.));
#7682=CARTESIAN_POINT('',(0.010345803729417295,0.022851979966437827,0.));
#7683=CARTESIAN_POINT('',(0.010390757480406047,0.022847151364012372,0.));
#7684=CARTESIAN_POINT('',(0.010432584874912047,0.022838905244770773,0.));
#7685=CARTESIAN_POINT('',(0.010471436954583399,0.02282764181882098,0.));
#7686=CARTESIAN_POINT('',(0.010507228570142104,0.02281278700376344,0.));
#7687=CARTESIAN_POINT('',(0.010539901944151513,0.022794574623083458,0.));
#7688=CARTESIAN_POINT('',(0.01056959928361508,0.022773149816867896,0.));
#7689=CARTESIAN_POINT('',(0.010595908529039296,0.022748153848032294,0.));
#7690=CARTESIAN_POINT('',(0.010619381719372807,0.02272011329656576,0.));
#7691=CARTESIAN_POINT('',(0.010639466285750115,0.02268860957281354,0.));
#7692=CARTESIAN_POINT('',(0.010656403433638807,0.022653850017014285,0.));
#7693=CARTESIAN_POINT('',(0.010670333407230751,0.022615920850118813,0.));
#7694=CARTESIAN_POINT('',(0.010681010595000975,0.022574654815957693,0.));
#7695=CARTESIAN_POINT('',(0.010688772745417158,0.022530166892468697,0.));
#7696=CARTESIAN_POINT('',(0.010693445466678653,0.022482361134609167,0.));
#7697=CARTESIAN_POINT('',(0.010693935420023233,0.022449393273799825,0.));
#7698=CARTESIAN_POINT('',(0.010694187739857457,0.022432415238510976,0.));
#7699=B_SPLINE_CURVE_WITH_KNOTS('',3,(#7680,#7681,#7682,#7683,#7684,#7685,#7686,#7687,#7688,#7689,#7690,#7691,#7692,#7693,#7694,#7695,#7696,#7697,#7698),.UNSPECIFIED.,.F.,.F.,(4,1,1,1,1,1,1,1,1,1,1,1,1,1,1,1,4),(0.,0.07245922960382986,0.14048525938427966,0.20454902055125834,0.265415592000367,0.32347461312831344,0.3797427177720655,0.4345541574416486,0.4889397024493059,0.5437529987177447,0.599855375513522,0.6577783970550343,0.7186382804211147,0.7826281342180883,0.8506511720021511,0.9230872246531185,1.),.UNSPECIFIED.);
#7700=TRIMMED_CURVE('',#7699,(PARAMETER_VALUE(0.)),(PARAMETER_VALUE(1.)),.T.,.PARAMETER.);
#7701=EDGE_CURVE('',#7636,#7676,#7700,.T.);
#7702=ORIENTED_EDGE('',*,*,#7701,.F.);
#7703=EDGE_LOOP('',(#7638,#7646,#7654,#7679,#7702));
#7704=FACE_OUTER_BOUND('',#7703,.T.);
#7705=ADVANCED_FACE('',(#7704),#24,.T.);
#7706=CARTESIAN_POINT('',(0.010261628803453948,0.023436298356052907,0.));
#7707=CARTESIAN_POINT('',(0.010261870472493663,0.02344292323625315,0.));
#7708=CARTESIAN_POINT('',(0.010262350681150903,0.023456087209714864,0.));
#7709=CARTESIAN_POINT('',(0.010265007094427944,0.023475530061448875,0.));
#7710=CARTESIAN_POINT('',(0.010270017154890123,0.023494316817109225,0.));
#7711=CARTESIAN_POINT('',(0.010276726545243977,0.023512432735297774,0.));
#7712=CARTESIAN_POINT('',(0.010285229038237859,0.023529675070889666,0.));
#7713=CARTESIAN_POINT('',(0.010294891486827712,0.0235459831139099,0.));
#7714=CARTESIAN_POINT('',(0.010305980329502838,0.023561133523038676,0.));
#7715=CARTESIAN_POINT('',(0.010318440628875672,0.02357505783082075,0.));
#7716=CARTESIAN_POINT('',(0.010332157812478699,0.023587721586123073,0.));
#7717=CARTESIAN_POINT('',(0.010347039876904225,0.02359903842540638,0.));
#7718=CARTESIAN_POINT('',(0.010363146753734339,0.023608737099720233,0.));
#7719=CARTESIAN_POINT('',(0.010380341381841606,0.023616965163166224,0.));
#7720=CARTESIAN_POINT('',(0.010398303600832035,0.02362380219729278,0.));
#7721=CARTESIAN_POINT('',(0.01041719163357846,0.023628343151234417,0.));
#7722=CARTESIAN_POINT('',(0.010436613860600467,0.02363152517772824,0.));
#7723=CARTESIAN_POINT('',(0.01044987439056963,0.023631760351008203,0.));
#7724=CARTESIAN_POINT('',(0.01045657601942096,0.02363187920327442,0.));
#7725=B_SPLINE_CURVE_WITH_KNOTS('',3,(#7706,#7707,#7708,#7709,#7710,#7711,#7712,#7713,#7714,#7715,#7716,#7717,#7718,#7719,#7720,#7721,#7722,#7723,#7724),.UNSPECIFIED.,.F.,.F.,(4,1,1,1,1,1,1,1,1,1,1,1,1,1,1,1,4),(0.,0.06479255915511058,0.12874610611112192,0.19135200821575393,0.25451167227612176,0.31731024906658245,0.3790474293125171,0.4396225763046685,0.500556436108093,0.5614436271328103,0.6218778286591751,0.6830251312898217,0.7449041173326069,0.8080637813929727,0.8704991826457524,0.9345526599713274,1.),.UNSPECIFIED.);
#7726=TRIMMED_CURVE('',#7725,(PARAMETER_VALUE(0.)),(PARAMETER_VALUE(1.)),.T.,.PARAMETER.);
#7727=EDGE_CURVE('',#7348,#7350,#7726,.T.);
#7728=ORIENTED_EDGE('',*,*,#7727,.F.);
#7729=CARTESIAN_POINT('',(0.010456576019420958,0.023631879203274416,0.));
#7730=CARTESIAN_POINT('',(0.010466301759129508,0.023631768963384432,0.));
#7731=CARTESIAN_POINT('',(0.01048530857904556,0.023631553523757308,0.));
#7732=CARTESIAN_POINT('',(0.01051308709810911,0.023628349507464588,0.));
#7733=CARTESIAN_POINT('',(0.01053963766026228,0.023623938476320255,0.));
#7734=CARTESIAN_POINT('',(0.010564628423031752,0.023617034294908752,0.));
#7735=CARTESIAN_POINT('',(0.010588237024635336,0.02360894052161858,0.));
#7736=CARTESIAN_POINT('',(0.01060996816888379,0.023598886565139917,0.));
#7737=CARTESIAN_POINT('',(0.010630255097377334,0.02358776343649245,0.));
#7738=CARTESIAN_POINT('',(0.010648582709229906,0.023574921139178934,0.));
#7739=CARTESIAN_POINT('',(0.010664881710328769,0.023560649446270936,0.));
#7740=CARTESIAN_POINT('',(0.010679581411171288,0.02354536324803792,0.));
#7741=CARTESIAN_POINT('',(0.010691878748614663,0.023528388138966072,0.));
#7742=CARTESIAN_POINT('',(0.010702604956056013,0.02351046894276209,0.));
#7743=CARTESIAN_POINT('',(0.010710836472159127,0.023491348137082865,0.));
#7744=CARTESIAN_POINT('',(0.010716766910097923,0.023471360119752236,0.));
#7745=CARTESIAN_POINT('',(0.01072047533875649,0.02345051538922903,0.));
#7746=CARTESIAN_POINT('',(0.010720971337538248,0.023436313618687057,0.));
#7747=CARTESIAN_POINT('',(0.010721222673382677,0.02342911720183527,0.));
#7748=B_SPLINE_CURVE_WITH_KNOTS('',3,(#7729,#7730,#7731,#7732,#7733,#7734,#7735,#7736,#7737,#7738,#7739,#7740,#7741,#7742,#7743,#7744,#7745,#7746,#7747),.UNSPECIFIED.,.F.,.F.,(4,1,1,1,1,1,1,1,1,1,1,1,1,1,1,1,4),(0.,0.07831784417141298,0.1530550071240951,0.22505518459142043,0.2949599325590516,0.3617018529444686,0.42592763626137287,0.4876389878870676,0.5479152408873055,0.6058169592638868,0.6619979643752087,0.7183876568033615,0.7743304415551063,0.8299732937603888,0.8856132541509943,0.9420371774761206,1.),.UNSPECIFIED.);
#7749=TRIMMED_CURVE('',#7748,(PARAMETER_VALUE(0.)),(PARAMETER_VALUE(1.)),.T.,.PARAMETER.);
#7750=EDGE_CURVE('',#7375,#7348,#7749,.T.);
#7751=ORIENTED_EDGE('',*,*,#7750,.F.);
#7752=CARTESIAN_POINT('',(0.010721222673382677,0.02342911720183527,0.));
#7753=CARTESIAN_POINT('',(0.01072102529756404,0.023422275268166214,0.));
#7754=CARTESIAN_POINT('',(0.010720634487183796,0.02340872802252441,0.));
#7755=CARTESIAN_POINT('',(0.010717340565657967,0.023388757430987554,0.));
#7756=CARTESIAN_POINT('',(0.010712113026589061,0.02336946813635095,0.));
#7757=CARTESIAN_POINT('',(0.010704621052639581,0.023351028106234642,0.));
#7758=CARTESIAN_POINT('',(0.010695373076895262,0.02333353193958003,0.));
#7759=CARTESIAN_POINT('',(0.01068433542352719,0.02331716640650097,0.));
#7760=CARTESIAN_POINT('',(0.010671528369842526,0.023302069814700718,0.));
#7761=CARTESIAN_POINT('',(0.010657137241725206,0.023288185502249266,0.));
#7762=CARTESIAN_POINT('',(0.010641341855479611,0.02327530108392088,0.));
#7763=CARTESIAN_POINT('',(0.010623594477666419,0.02326461936845371,0.));
#7764=CARTESIAN_POINT('',(0.010605010609189705,0.023254344905353972,0.));
#7765=CARTESIAN_POINT('',(0.010584680036494284,0.02324625985916548,0.));
#7766=CARTESIAN_POINT('',(0.0105631846536127,0.023239780065173892,0.));
#7767=CARTESIAN_POINT('',(0.010540689926095113,0.02323477998471031,0.));
#7768=CARTESIAN_POINT('',(0.010517186139450265,0.02323213357912396,0.));
#7769=CARTESIAN_POINT('',(0.0105012175927567,0.023231663009509684,0.));
#7770=CARTESIAN_POINT('',(0.010493115421763639,0.023231424250432103,0.));
#7771=B_SPLINE_CURVE_WITH_KNOTS('',3,(#7752,#7753,#7754,#7755,#7756,#7757,#7758,#7759,#7760,#7761,#7762,#7763,#7764,#7765,#7766,#7767,#7768,#7769,#7770),.UNSPECIFIED.,.F.,.F.,(4,1,1,1,1,1,1,1,1,1,1,1,1,1,1,1,4),(0.,0.060920352050948784,0.12062422901761433,0.17981524764083212,0.23863290175417512,0.29755413462685637,0.3558308866438616,0.4141346342625603,0.4735710534214598,0.5338128140188177,0.595244394769879,0.6578180421507362,0.7228094500316754,0.7896745023075974,0.8577060630165473,0.9278024587433934,0.9999999999999999),.UNSPECIFIED.);
#7772=TRIMMED_CURVE('',#7771,(PARAMETER_VALUE(0.)),(PARAMETER_VALUE(0.9999999999999999)),.T.,.PARAMETER.);
#7773=EDGE_CURVE('',#7400,#7375,#7772,.T.);
#7774=ORIENTED_EDGE('',*,*,#7773,.F.);
#7775=CARTESIAN_POINT('',(0.010493115421763639,0.023231424250432103,0.));
#7776=CARTESIAN_POINT('',(0.01048423699301843,0.023231559416654373,0.));
#7777=CARTESIAN_POINT('',(0.010466997750285006,0.02323182186887223,0.));
#7778=CARTESIAN_POINT('',(0.01044184570745827,0.023234635500976576,0.));
#7779=CARTESIAN_POINT('',(0.010418185485739896,0.02323925814692681,0.));
#7780=CARTESIAN_POINT('',(0.010395920323564041,0.023245592055737365,0.));
#7781=CARTESIAN_POINT('',(0.010375133174652733,0.023253526286659776,0.));
#7782=CARTESIAN_POINT('',(0.010356118680532966,0.023263424706068892,0.));
#7783=CARTESIAN_POINT('',(0.01033838964481918,0.02327422311050936,0.));
#7784=CARTESIAN_POINT('',(0.010322709413167035,0.023287084271957605,0.));
#7785=CARTESIAN_POINT('',(0.010308644090091771,0.023301283448654342,0.));
#7786=CARTESIAN_POINT('',(0.010296409271491547,0.023317005330460744,0.));
#7787=CARTESIAN_POINT('',(0.010285732965862536,0.023333932136055818,0.));
#7788=CARTESIAN_POINT('',(0.010277127413164777,0.02335228127489435,0.));
#7789=CARTESIAN_POINT('',(0.010270008052608892,0.023371738658985886,0.));
#7790=CARTESIAN_POINT('',(0.010265350993530565,0.023392406714860946,0.));
#7791=CARTESIAN_POINT('',(0.010262224670171885,0.023414026764266408,0.));
#7792=CARTESIAN_POINT('',(0.010261830661370956,0.02342875355284251,0.));
#7793=CARTESIAN_POINT('',(0.010261628803453948,0.023436298356052907,0.));
#7794=B_SPLINE_CURVE_WITH_KNOTS('',3,(#7775,#7776,#7777,#7778,#7779,#7780,#7781,#7782,#7783,#7784,#7785,#7786,#7787,#7788,#7789,#7790,#7791,#7792,#7793),.UNSPECIFIED.,.F.,.F.,(4,1,1,1,1,1,1,1,1,1,1,1,1,1,1,1,4),(0.,0.07627812650115694,0.14810921794180404,0.21717288183678074,0.28324830197850975,0.34684763662095114,0.40800534187629384,0.4672689326322428,0.5249134467685032,0.5818196562239016,0.6387097791179955,0.6957926415463571,0.7534403312515003,0.8125802370333189,0.8734889974071807,0.9351860988850063,1.),.UNSPECIFIED.);
#7795=TRIMMED_CURVE('',#7794,(PARAMETER_VALUE(0.)),(PARAMETER_VALUE(1.)),.T.,.PARAMETER.);
#7796=EDGE_CURVE('',#7350,#7400,#7795,.T.);
#7797=ORIENTED_EDGE('',*,*,#7796,.F.);
#7798=EDGE_LOOP('',(#7728,#7751,#7774,#7797));
#7799=FACE_OUTER_BOUND('',#7798,.T.);
#7800=CARTESIAN_POINT('',(0.010815844940720944,0.023438410460234566,0.));
#7801=CARTESIAN_POINT('',(0.010815525540870962,0.023450899540795843,0.));
#7802=CARTESIAN_POINT('',(0.010814900974204603,0.023475321165954605,0.));
#7803=CARTESIAN_POINT('',(0.010808678721701043,0.02351078494716358,0.));
#7804=CARTESIAN_POINT('',(0.010799390044471316,0.023544232722666498,0.));
#7805=CARTESIAN_POINT('',(0.010785718445410469,0.023575327181178947,0.));
#7806=CARTESIAN_POINT('',(0.010768174600294163,0.02360403996439834,0.));
#7807=CARTESIAN_POINT('',(0.010747300630454204,0.023630555211788383,0.));
#7808=CARTESIAN_POINT('',(0.010722557827443576,0.02365439231242296,0.));
#7809=CARTESIAN_POINT('',(0.01069460330327662,0.02367607609756953,0.));
#7810=CARTESIAN_POINT('',(0.010662902779062887,0.023694942428468622,0.));
#7811=CARTESIAN_POINT('',(0.010628006736737913,0.023711738673989832,0.));
#7812=CARTESIAN_POINT('',(0.010589685712965228,0.023726051031488518,0.));
#7813=CARTESIAN_POINT('',(0.010547894354935701,0.023737738712777675,0.));
#7814=CARTESIAN_POINT('',(0.010502904841513071,0.0237472861790298,0.));
#7815=CARTESIAN_POINT('',(0.010454695059373072,0.023753887032359637,0.));
#7816=CARTESIAN_POINT('',(0.010403422727744043,0.02375798308498334,0.));
#7817=CARTESIAN_POINT('',(0.010368227798392332,0.023758394071318543,0.));
#7818=CARTESIAN_POINT('',(0.010350125968665408,0.02375860545417388,0.));
#7819=B_SPLINE_CURVE_WITH_KNOTS('',3,(#7800,#7801,#7802,#7803,#7804,#7805,#7806,#7807,#7808,#7809,#7810,#7811,#7812,#7813,#7814,#7815,#7816,#7817,#7818),.UNSPECIFIED.,.F.,.F.,(4,1,1,1,1,1,1,1,1,1,1,1,1,1,1,1,4),(0.,0.0587616389158392,0.11490475317830465,0.1690554444879821,0.22190962642128836,0.27428010027553706,0.3271488394389013,0.380372987026273,0.4356826394514642,0.4933976012673736,0.5537530559298451,0.6178605239592787,0.6857652546775677,0.7579460418642585,0.834282260173224,0.9147662926355892,1.),.UNSPECIFIED.);
#7820=TRIMMED_CURVE('',#7819,(PARAMETER_VALUE(0.)),(PARAMETER_VALUE(1.)),.T.,.PARAMETER.);
#7821=EDGE_CURVE('',#1796,#1656,#7820,.T.);
#7822=ORIENTED_EDGE('',*,*,#7821,.F.);
#7823=CARTESIAN_POINT('',(0.01035012596866541,0.023758605454173885,0.));
#7824=CARTESIAN_POINT('',(0.010327444126444072,0.023758322420787806,0.));
#7825=CARTESIAN_POINT('',(0.010283282711244943,0.023757771356427346,0.));
#7826=CARTESIAN_POINT('',(0.010218973710120764,0.02375231189571518,0.));
#7827=CARTESIAN_POINT('',(0.010158455300315696,0.023743930600021255,0.));
#7828=CARTESIAN_POINT('',(0.010101902332811746,0.023731546451293706,0.));
#7829=CARTESIAN_POINT('',(0.010049236908364411,0.02371642406862892,0.));
#7830=CARTESIAN_POINT('',(0.010000802490414455,0.023697488307120044,0.));
#7831=CARTESIAN_POINT('',(0.009956429518360347,0.023675624890816985,0.));
#7832=CARTESIAN_POINT('',(0.009916345381556963,0.023650371538731042,0.));
#7833=CARTESIAN_POINT('',(0.009880295047018704,0.02362235341737899,0.));
#7834=CARTESIAN_POINT('',(0.009849153375767843,0.02359081006069044,0.));
#7835=CARTESIAN_POINT('',(0.009822113323761076,0.023556624323447375,0.));
#7836=CARTESIAN_POINT('',(0.009800223225672105,0.023519214551922848,0.));
#7837=CARTESIAN_POINT('',(0.009782599535739268,0.023479247331897695,0.));
#7838=CARTESIAN_POINT('',(0.009770486484307318,0.023436378359611924,0.));
#7839=CARTESIAN_POINT('',(0.00976288445340034,0.023390877006481334,0.));
#7840=CARTESIAN_POINT('',(0.00976195712900646,0.02335958958566482,0.));
#7841=CARTESIAN_POINT('',(0.009761482533237392,0.02334357698247813,0.));
#7842=B_SPLINE_CURVE_WITH_KNOTS('',3,(#7823,#7824,#7825,#7826,#7827,#7828,#7829,#7830,#7831,#7832,#7833,#7834,#7835,#7836,#7837,#7838,#7839,#7840,#7841),.UNSPECIFIED.,.F.,.F.,(4,1,1,1,1,1,1,1,1,1,1,1,1,1,1,1,4),(0.,0.08385173747593228,0.1632588463365373,0.2384740465321996,0.3096029038379366,0.37715308320086216,0.4408698507920911,0.5016425459636639,0.5597851030970105,0.6157709262310797,0.6700749127281271,0.7232973495226177,0.7765166028333291,0.8299113005165629,0.8843723073133104,0.9408228510991105,0.9999999999999999),.UNSPECIFIED.);
#7843=TRIMMED_CURVE('',#7842,(PARAMETER_VALUE(0.)),(PARAMETER_VALUE(0.9999999999999999)),.T.,.PARAMETER.);
#7844=EDGE_CURVE('',#1771,#1796,#7843,.T.);
#7845=ORIENTED_EDGE('',*,*,#7844,.F.);
#7846=CARTESIAN_POINT('',(0.009761482533237392,0.02334357698247813,0.));
#7847=CARTESIAN_POINT('',(0.009761944600281411,0.023327221352965728,0.));
#7848=CARTESIAN_POINT('',(0.009762844726817965,0.02329535988105014,0.));
#7849=CARTESIAN_POINT('',(0.009769379538014858,0.023249005778425473,0.));
#7850=CARTESIAN_POINT('',(0.00978062589544839,0.02320557613026471,0.));
#7851=CARTESIAN_POINT('',(0.009791865159070146,0.023178581139159445,0.));
#7852=CARTESIAN_POINT('',(0.009797388304325572,0.023165315389546217,0.));
#7853=B_SPLINE_CURVE_WITH_KNOTS('',3,(#7846,#7847,#7848,#7849,#7850,#7851,#7852),.UNSPECIFIED.,.F.,.F.,(4,1,1,1,4),(0.,0.26777210291056286,0.5216316088716406,0.7649224897001334,1.),.UNSPECIFIED.);
#7854=TRIMMED_CURVE('',#7853,(PARAMETER_VALUE(0.)),(PARAMETER_VALUE(1.)),.T.,.PARAMETER.);
#7855=EDGE_CURVE('',#1759,#1771,#7854,.T.);
#7856=ORIENTED_EDGE('',*,*,#7855,.F.);
#7857=CARTESIAN_POINT('',(0.009797388304325572,0.023165315389546217,0.));
#7858=DIRECTION('',(1.,0.,0.));
#7859=VECTOR('',#7858,1.);
#7860=LINE('',#7857,#7859);
#7861=EDGE_CURVE('',#1750,#1759,#7860,.T.);
#7862=ORIENTED_EDGE('',*,*,#7861,.F.);
#7863=CARTESIAN_POINT('',(0.009910174667626098,0.023165315389546217,0.));
#7864=CARTESIAN_POINT('',(0.009905843929394066,0.023172365949942462,0.));
#7865=CARTESIAN_POINT('',(0.009897259708939475,0.023186341295836643,0.));
#7866=CARTESIAN_POINT('',(0.00988637717292478,0.02320814746054317,0.));
#7867=CARTESIAN_POINT('',(0.009876921867062854,0.02323024906597568,0.));
#7868=CARTESIAN_POINT('',(0.00986939345922959,0.023252803563264854,0.));
#7869=CARTESIAN_POINT('',(0.009863437478914584,0.023275664327697548,0.));
#7870=CARTESIAN_POINT('',(0.009859187288858593,0.0232988844060384,0.));
#7871=CARTESIAN_POINT('',(0.009856594490291158,0.023322466867061135,0.));
#7872=CARTESIAN_POINT('',(0.009856268237540796,0.0233383606804429,0.));
#7873=CARTESIAN_POINT('',(0.009856104800575659,0.023346322717914286,0.));
#7874=B_SPLINE_CURVE_WITH_KNOTS('',3,(#7863,#7864,#7865,#7866,#7867,#7868,#7869,#7870,#7871,#7872,#7873),.UNSPECIFIED.,.F.,.F.,(4,1,1,1,1,1,1,1,4),(0.,0.1295547204182191,0.2567983150718868,0.381332079299565,0.5058316584576918,0.6288720638369756,0.7510843389919906,0.8753052038201276,1.),.UNSPECIFIED.);
#7875=TRIMMED_CURVE('',#7874,(PARAMETER_VALUE(0.)),(PARAMETER_VALUE(1.)),.T.,.PARAMETER.);
#7876=EDGE_CURVE('',#1733,#1750,#7875,.T.);
#7877=ORIENTED_EDGE('',*,*,#7876,.F.);
#7878=CARTESIAN_POINT('',(0.009856104800575659,0.023346322717914286,0.));
#7879=CARTESIAN_POINT('',(0.009856373821504413,0.023357543457691664,0.));
#7880=CARTESIAN_POINT('',(0.00985690175982281,0.023379563523255632,0.));
#7881=CARTESIAN_POINT('',(0.009862690169580099,0.023411567790967428,0.));
#7882=CARTESIAN_POINT('',(0.009871360092955226,0.023441918487844264,0.));
#7883=CARTESIAN_POINT('',(0.009884309159817478,0.02347008044948772,0.));
#7884=CARTESIAN_POINT('',(0.009900122216525099,0.023496530308478897,0.));
#7885=CARTESIAN_POINT('',(0.00991963382324411,0.023520770323998637,0.));
#7886=CARTESIAN_POINT('',(0.009942272453566813,0.02354301682877179,0.));
#7887=CARTESIAN_POINT('',(0.009968320339883202,0.02356293031605501,0.));
#7888=CARTESIAN_POINT('',(0.009997445099380503,0.023580686752425663,0.));
#7889=CARTESIAN_POINT('',(0.010029733181342497,0.023596393794418063,0.));
#7890=CARTESIAN_POINT('',(0.01006528673041997,0.02360955344396068,0.));
#7891=CARTESIAN_POINT('',(0.010103851940782855,0.02362051190161447,0.));
#7892=CARTESIAN_POINT('',(0.010145434603030065,0.023629101525920248,0.));
#7893=CARTESIAN_POINT('',(0.010189932909117273,0.023635445103654392,0.));
#7894=CARTESIAN_POINT('',(0.010237494118973305,0.02363894967983515,0.));
#7895=CARTESIAN_POINT('',(0.010270142069567703,0.02363944079124694,0.));
#7896=CARTESIAN_POINT('',(0.010286974053633843,0.023639693988746553,0.));
#7897=B_SPLINE_CURVE_WITH_KNOTS('',3,(#7878,#7879,#7880,#7881,#7882,#7883,#7884,#7885,#7886,#7887,#7888,#7889,#7890,#7891,#7892,#7893,#7894,#7895,#7896),.UNSPECIFIED.,.F.,.F.,(4,1,1,1,1,1,1,1,1,1,1,1,1,1,1,1,4),(0.,0.05733526778829536,0.11251721195520609,0.16584765710232266,0.21839531071740395,0.2705863187389324,0.32311916046225386,0.37710947849777654,0.432576269379592,0.49045191684263956,0.551336426074953,0.615954859092408,0.6841238680468281,0.7562398693233353,0.8329944040179919,0.9138985608791125,1.),.UNSPECIFIED.);
#7898=TRIMMED_CURVE('',#7897,(PARAMETER_VALUE(0.)),(PARAMETER_VALUE(1.)),.T.,.PARAMETER.);
#7899=EDGE_CURVE('',#1709,#1733,#7898,.T.);
#7900=ORIENTED_EDGE('',*,*,#7899,.F.);
#7901=CARTESIAN_POINT('',(0.010286974053633841,0.02363969398874655,0.));
#7902=DIRECTION('',(0.,-1.,0.));
#7903=VECTOR('',#7902,1.);
#7904=LINE('',#7901,#7903);
#7905=EDGE_CURVE('',#1700,#1709,#7904,.T.);
#7906=ORIENTED_EDGE('',*,*,#7905,.F.);
#7907=CARTESIAN_POINT('',(0.010286974053633841,0.023636948253310395,0.));
#7908=CARTESIAN_POINT('',(0.010276380896414689,0.023631245889827634,0.));
#7909=CARTESIAN_POINT('',(0.010255694983041162,0.02362011053191795,0.));
#7910=CARTESIAN_POINT('',(0.010228222040680628,0.023599014741102344,0.));
#7911=CARTESIAN_POINT('',(0.010205015318008482,0.023574788438084127,0.));
#7912=CARTESIAN_POINT('',(0.010186021088167109,0.023547507289641414,0.));
#7913=CARTESIAN_POINT('',(0.010171405744262023,0.023517089090390332,0.));
#7914=CARTESIAN_POINT('',(0.010160722208678143,0.023483793169930985,0.));
#7915=CARTESIAN_POINT('',(0.010154677392040675,0.023447359701443553,0.));
#7916=CARTESIAN_POINT('',(0.010153893789951624,0.0234220990302626,0.));
#7917=CARTESIAN_POINT('',(0.01015348906935307,0.02340905221210952,0.));
#7918=B_SPLINE_CURVE_WITH_KNOTS('',3,(#7907,#7908,#7909,#7910,#7911,#7912,#7913,#7914,#7915,#7916,#7917),.UNSPECIFIED.,.F.,.F.,(4,1,1,1,1,1,1,1,4),(0.,0.12872191285944015,0.25136324172275837,0.36925354763835416,0.4868346452193727,0.6059059960645433,0.7294576571877988,0.8602682912067919,1.),.UNSPECIFIED.);
#7919=TRIMMED_CURVE('',#7918,(PARAMETER_VALUE(0.)),(PARAMETER_VALUE(1.)),.T.,.PARAMETER.);
#7920=EDGE_CURVE('',#1683,#1700,#7919,.T.);
#7921=ORIENTED_EDGE('',*,*,#7920,.F.);
#7922=CARTESIAN_POINT('',(0.01015348906935307,0.02340905221210952,0.));
#7923=CARTESIAN_POINT('',(0.010153788581347824,0.023398338800656625,0.));
#7924=CARTESIAN_POINT('',(0.010154378161796509,0.02337724976902536,0.));
#7925=CARTESIAN_POINT('',(0.010158581656855764,0.023346208343988997,0.));
#7926=CARTESIAN_POINT('',(0.010166063612742455,0.023316599247365,0.));
#7927=CARTESIAN_POINT('',(0.010176142863102835,0.023288382815282147,0.));
#7928=CARTESIAN_POINT('',(0.010189106746162298,0.02326197885498197,0.));
#7929=CARTESIAN_POINT('',(0.01020439436452398,0.023237234238714568,0.));
#7930=CARTESIAN_POINT('',(0.010222199218901407,0.023214394022554402,0.));
#7931=CARTESIAN_POINT('',(0.010242296827704299,0.023193438691102825,0.));
#7932=CARTESIAN_POINT('',(0.010264609451416258,0.023174571507864557,0.));
#7933=CARTESIAN_POINT('',(0.010288966772089235,0.023157768380778244,0.));
#7934=CARTESIAN_POINT('',(0.01031554884276549,0.023143514942858066,0.));
#7935=CARTESIAN_POINT('',(0.010343833744942407,0.02313106442569643,0.));
#7936=CARTESIAN_POINT('',(0.01037407673159822,0.023121793172729752,0.));
#7937=CARTESIAN_POINT('',(0.010405744692225674,0.02311462471077975,0.));
#7938=CARTESIAN_POINT('',(0.010439017929085163,0.02311070516944922,0.));
#7939=CARTESIAN_POINT('',(0.01046170618973952,0.023110083615701656,0.));
#7940=CARTESIAN_POINT('',(0.010473261642456055,0.023109767049568616,0.));
#7941=B_SPLINE_CURVE_WITH_KNOTS('',3,(#7922,#7923,#7924,#7925,#7926,#7927,#7928,#7929,#7930,#7931,#7932,#7933,#7934,#7935,#7936,#7937,#7938,#7939,#7940),.UNSPECIFIED.,.F.,.F.,(4,1,1,1,1,1,1,1,1,1,1,1,1,1,1,1,4),(0.,0.06544074740788576,0.12881816386188089,0.19088178626213684,0.2516929896812779,0.311512135415472,0.3702296371050722,0.42907300710994106,0.48808273909349564,0.5472802411697071,0.6072846241734563,0.6684839171893087,0.731280818637706,0.7957548465934902,0.8613889201165339,0.9294034124526873,1.),.UNSPECIFIED.);
#7942=TRIMMED_CURVE('',#7941,(PARAMETER_VALUE(0.)),(PARAMETER_VALUE(1.)),.T.,.PARAMETER.);
#7943=EDGE_CURVE('',#1658,#1683,#7942,.T.);
#7944=ORIENTED_EDGE('',*,*,#7943,.F.);
#7945=CARTESIAN_POINT('',(0.010473261642456055,0.023109767049568616,0.));
#7946=CARTESIAN_POINT('',(0.010485668978274762,0.023110018027685284,0.));
#7947=CARTESIAN_POINT('',(0.010510011360466002,0.02311051043035149,0.));
#7948=CARTESIAN_POINT('',(0.01054562801909187,0.023115354605723712,0.));
#7949=CARTESIAN_POINT('',(0.010579689690497126,0.02312284933945392,0.));
#7950=CARTESIAN_POINT('',(0.010611968608755424,0.02313369818478451,0.));
#7951=CARTESIAN_POINT('',(0.010642432479924161,0.02314711790613045,0.));
#7952=CARTESIAN_POINT('',(0.010670586953720123,0.023163345127497015,0.));
#7953=CARTESIAN_POINT('',(0.010696823463063058,0.023181529947366605,0.));
#7954=CARTESIAN_POINT('',(0.010720756193544791,0.023202218408091297,0.));
#7955=CARTESIAN_POINT('',(0.010742037251392613,0.023225425483614844,0.));
#7956=CARTESIAN_POINT('',(0.010761288607137052,0.02325033885719776,0.));
#7957=CARTESIAN_POINT('',(0.010777512217146392,0.02327768838270658,0.));
#7958=CARTESIAN_POINT('',(0.010791490181743617,0.0233067328130163,0.));
#7959=CARTESIAN_POINT('',(0.010802605951172484,0.02333762817096921,0.));
#7960=CARTESIAN_POINT('',(0.010809920792145699,0.023370144140497377,0.));
#7961=CARTESIAN_POINT('',(0.010815166065195567,0.02340381420143005,0.));
#7962=CARTESIAN_POINT('',(0.010815616577709616,0.023426772824842054,0.));
#7963=CARTESIAN_POINT('',(0.010815844940720944,0.023438410460234566,0.));
#7964=B_SPLINE_CURVE_WITH_KNOTS('',3,(#7945,#7946,#7947,#7948,#7949,#7950,#7951,#7952,#7953,#7954,#7955,#7956,#7957,#7958,#7959,#7960,#7961,#7962,#7963),.UNSPECIFIED.,.F.,.F.,(4,1,1,1,1,1,1,1,1,1,1,1,1,1,1,1,4),(0.,0.06993561740150057,0.1372091118063368,0.20232490965096034,0.2663592137683552,0.32892665119491227,0.38974754490515195,0.449337755189955,0.5087265660467999,0.5677278850932014,0.6266516675363855,0.6859607903563667,0.7466973861831213,0.8082333517713115,0.8706405876355136,0.9344282255660015,1.),.UNSPECIFIED.);
#7965=TRIMMED_CURVE('',#7964,(PARAMETER_VALUE(0.)),(PARAMETER_VALUE(1.)),.T.,.PARAMETER.);
#7966=EDGE_CURVE('',#1656,#1658,#7965,.T.);
#7967=ORIENTED_EDGE('',*,*,#7966,.F.);
#7968=EDGE_LOOP('',(#7822,#7845,#7856,#7862,#7877,#7900,#7906,#7921,#7944,#7967));
#7969=FACE_BOUND('',#7968,.T.);
#7970=ADVANCED_FACE('',(#7799,#7969),#24,.T.);
#7971=CARTESIAN_POINT('',(0.00985610480057566,0.020820034906233444,0.));
#7972=CARTESIAN_POINT('',(0.009856440198712594,0.020828433746784232,0.));
#7973=CARTESIAN_POINT('',(0.00985709712732217,0.02084488416208921,0.));
#7974=CARTESIAN_POINT('',(0.009861940188163566,0.020868827188307824,0.));
#7975=CARTESIAN_POINT('',(0.009870561979745757,0.02089098264527892,0.));
#7976=CARTESIAN_POINT('',(0.00988225962582308,0.020911591238293146,0.));
#7977=CARTESIAN_POINT('',(0.009897581217967775,0.02093026914231653,0.));
#7978=CARTESIAN_POINT('',(0.009915882682005344,0.02094756835189746,0.));
#7979=CARTESIAN_POINT('',(0.009937758009351651,0.020962943314091837,0.));
#7980=CARTESIAN_POINT('',(0.00996274930189227,0.020976962931597662,0.));
#7981=CARTESIAN_POINT('',(0.009991336292204663,0.020988846205446134,0.));
#7982=CARTESIAN_POINT('',(0.010023060244485313,0.020999310929802225,0.));
#7983=CARTESIAN_POINT('',(0.010058012795892949,0.02100847964254774,0.));
#7984=CARTESIAN_POINT('',(0.010096383203975174,0.021015442449039967,0.));
#7985=CARTESIAN_POINT('',(0.010137966476711453,0.021021083500797354,0.));
#7986=CARTESIAN_POINT('',(0.010182840219359307,0.02102537392592934,0.));
#7987=CARTESIAN_POINT('',(0.010231051686631678,0.021027552346565396,0.));
#7988=CARTESIAN_POINT('',(0.010264302262439497,0.021027898376885106,0.));
#7989=CARTESIAN_POINT('',(0.010281482582761533,0.021028077168126734,0.));
#7990=B_SPLINE_CURVE_WITH_KNOTS('',3,(#7971,#7972,#7973,#7974,#7975,#7976,#7977,#7978,#7979,#7980,#7981,#7982,#7983,#7984,#7985,#7986,#7987,#7988,#7989),.UNSPECIFIED.,.F.,.F.,(4,1,1,1,1,1,1,1,1,1,1,1,1,1,1,1,4),(0.,0.047898880593517275,0.09381729223720978,0.13856698710957122,0.18300019569704798,0.2284099960635095,0.2758555220568709,0.32622935502494144,0.3805277912376245,0.439009272584267,0.5025086154273019,0.5709867024413212,0.6449485825115173,0.7248044027672064,0.8103227188539107,0.9019951874897486,1.),.UNSPECIFIED.);
#7991=CARTESIAN_POINT('',(0.010281482582761535,0.021028077168126737,0.));
#7992=VERTEX_POINT('',#7991);
#7993=CARTESIAN_POINT('',(0.00985610480057566,0.020820034906233444,0.));
#7994=VERTEX_POINT('',#7993);
#7995=TRIMMED_CURVE('',#7990,(PARAMETER_VALUE(0.)),(PARAMETER_VALUE(1.)),.T.,.PARAMETER.);
#7996=EDGE_CURVE('',#7992,#7994,#7995,.T.);
#7997=ORIENTED_EDGE('',*,*,#7996,.F.);
#7998=CARTESIAN_POINT('',(0.010281482582761535,0.021028077168126737,0.));
#7999=CARTESIAN_POINT('',(0.010299226477440804,0.021027903884541847,0.));
#8000=CARTESIAN_POINT('',(0.01033360361586163,0.021027568163783168,0.));
#8001=CARTESIAN_POINT('',(0.01038349086394059,0.021025309089924147,0.));
#8002=CARTESIAN_POINT('',(0.010429917155842058,0.021021299488269037,0.));
#8003=CARTESIAN_POINT('',(0.01047293409768347,0.021015928614793337,0.));
#8004=CARTESIAN_POINT('',(0.01051250935266419,0.02100881387907611,0.));
#8005=CARTESIAN_POINT('',(0.010548633198658884,0.021000009462586285,0.));
#8006=CARTESIAN_POINT('',(0.0105813298961767,0.020989689525203928,0.));
#8007=CARTESIAN_POINT('',(0.010610669972301189,0.02097795712287014,0.));
#8008=CARTESIAN_POINT('',(0.010636648559494354,0.020964475465524487,0.));
#8009=CARTESIAN_POINT('',(0.010659169725167658,0.020949215575798496,0.));
#8010=CARTESIAN_POINT('',(0.0106785236153256,0.020932550852820992,0.));
#8011=CARTESIAN_POINT('',(0.010694066687282136,0.020913930465648548,0.));
#8012=CARTESIAN_POINT('',(0.01070645831858973,0.020893881980892755,0.));
#8013=CARTESIAN_POINT('',(0.010714767008986915,0.02087199063668048,0.));
#8014=CARTESIAN_POINT('',(0.010720402717661571,0.020848691158118583,0.));
#8015=CARTESIAN_POINT('',(0.010720945059884862,0.020832531104030213,0.));
#8016=CARTESIAN_POINT('',(0.010721222673382678,0.02082425911459676,0.));
#8017=B_SPLINE_CURVE_WITH_KNOTS('',3,(#7998,#7999,#8000,#8001,#8002,#8003,#8004,#8005,#8006,#8007,#8008,#8009,#8010,#8011,#8012,#8013,#8014,#8015,#8016),.UNSPECIFIED.,.F.,.F.,(4,1,1,1,1,1,1,1,1,1,1,1,1,1,1,1,4),(0.,0.09929233049822785,0.19236961509084133,0.27936510963280975,0.35999382109809286,0.43487357137209276,0.5042443113760178,0.5679124427876102,0.626585839406916,0.6808619306036253,0.7313451491954653,0.778524306276882,0.8232669504068509,0.8665765119292149,0.9097406877460033,0.9537981696625025,0.9999999999999999),.UNSPECIFIED.);
#8018=CARTESIAN_POINT('',(0.010721222673382678,0.02082425911459676,0.));
#8019=VERTEX_POINT('',#8018);
#8020=TRIMMED_CURVE('',#8017,(PARAMETER_VALUE(0.)),(PARAMETER_VALUE(0.9999999999999999)),.T.,.PARAMETER.);
#8021=EDGE_CURVE('',#8019,#7992,#8020,.T.);
#8022=ORIENTED_EDGE('',*,*,#8021,.F.);
#8023=CARTESIAN_POINT('',(0.010721222673382678,0.02082425911459676,0.));
#8024=CARTESIAN_POINT('',(0.010720929484726763,0.020815571099354932,0.));
#8025=CARTESIAN_POINT('',(0.010720354040746614,0.02079851905464071,0.));
#8026=CARTESIAN_POINT('',(0.010714907148017946,0.02077387382414371,0.));
#8027=CARTESIAN_POINT('',(0.010706155535301232,0.02075084346622858,0.));
#8028=CARTESIAN_POINT('',(0.010693834341974916,0.020729508108128368,0.));
#8029=CARTESIAN_POINT('',(0.010677603574540487,0.020710159004318926,0.));
#8030=CARTESIAN_POINT('',(0.010658218785979421,0.020692256252945546,0.));
#8031=CARTESIAN_POINT('',(0.010635236978878434,0.020676215079448147,0.));
#8032=CARTESIAN_POINT('',(0.01060874113818239,0.02066216100643047,0.));
#8033=CARTESIAN_POINT('',(0.010578967209678701,0.020649400366710292,0.));
#8034=CARTESIAN_POINT('',(0.010545592026250723,0.020638531184728425,0.));
#8035=CARTESIAN_POINT('',(0.010508682285242252,0.020629633430098496,0.));
#8036=CARTESIAN_POINT('',(0.010468445699915986,0.02062198765838125,0.));
#8037=CARTESIAN_POINT('',(0.010424723586121456,0.020616190558785285,0.));
#8038=CARTESIAN_POINT('',(0.010377509213092372,0.020612026977931446,0.));
#8039=CARTESIAN_POINT('',(0.010326780126279392,0.02060947971209795,0.));
#8040=CARTESIAN_POINT('',(0.010291764573853033,0.020609186985678134,0.));
#8041=CARTESIAN_POINT('',(0.0102736677972894,0.020609035698485833,0.));
#8042=B_SPLINE_CURVE_WITH_KNOTS('',3,(#8023,#8024,#8025,#8026,#8027,#8028,#8029,#8030,#8031,#8032,#8033,#8034,#8035,#8036,#8037,#8038,#8039,#8040,#8041),.UNSPECIFIED.,.F.,.F.,(4,1,1,1,1,1,1,1,1,1,1,1,1,1,1,1,4),(0.,0.04725749774986845,0.09275271074959052,0.1366847452972178,0.18100652460211658,0.2262181443105269,0.2736990683396668,0.32433073153290093,0.37836798138290356,0.4367653053027078,0.5005384505931377,0.5692564522506932,0.6433979796875183,0.7234839589677916,0.8093247031441988,0.9014549820208838,1.),.UNSPECIFIED.);
#8043=CARTESIAN_POINT('',(0.0102736677972894,0.020609035698485833,0.));
#8044=VERTEX_POINT('',#8043);
#8045=TRIMMED_CURVE('',#8042,(PARAMETER_VALUE(0.)),(PARAMETER_VALUE(1.)),.T.,.PARAMETER.);
#8046=EDGE_CURVE('',#8044,#8019,#8045,.T.);
#8047=ORIENTED_EDGE('',*,*,#8046,.F.);
#8048=CARTESIAN_POINT('',(0.0102736677972894,0.020609035698485833,0.));
#8049=CARTESIAN_POINT('',(0.010256837633760804,0.02060918176301994,0.));
#8050=CARTESIAN_POINT('',(0.010224213186516184,0.020609464901961475,0.));
#8051=CARTESIAN_POINT('',(0.010176873676170593,0.020612096364703496,0.));
#8052=CARTESIAN_POINT('',(0.010132750032822725,0.020615978316955812,0.));
#8053=CARTESIAN_POINT('',(0.010091812644813725,0.0206215218977778,0.));
#8054=CARTESIAN_POINT('',(0.01005430122156058,0.020629269351503013,0.));
#8055=CARTESIAN_POINT('',(0.010019867601607734,0.020637839794461692,0.));
#8056=CARTESIAN_POINT('',(0.00998882499350088,0.020648726145568806,0.));
#8057=CARTESIAN_POINT('',(0.00996094254483384,0.02066107322322883,0.));
#8058=CARTESIAN_POINT('',(0.009936170920975014,0.02067495335886258,0.));
#8059=CARTESIAN_POINT('',(0.009914820007856758,0.020690709148179588,0.));
#8060=CARTESIAN_POINT('',(0.009896609494500932,0.020708049090336123,0.));
#8061=CARTESIAN_POINT('',(0.009881922722547402,0.020727289319790138,0.));
#8062=CARTESIAN_POINT('',(0.00987025103800391,0.020748079366884623,0.));
#8063=CARTESIAN_POINT('',(0.009862038325553803,0.020770607769876073,0.));
#8064=CARTESIAN_POINT('',(0.009857058845028152,0.020794825141135582,0.));
#8065=CARTESIAN_POINT('',(0.009856428100649208,0.020811491993071595,0.));
#8066=CARTESIAN_POINT('',(0.00985610480057566,0.020820034906233444,0.));
#8067=B_SPLINE_CURVE_WITH_KNOTS('',3,(#8048,#8049,#8050,#8051,#8052,#8053,#8054,#8055,#8056,#8057,#8058,#8059,#8060,#8061,#8062,#8063,#8064,#8065,#8066),.UNSPECIFIED.,.F.,.F.,(4,1,1,1,1,1,1,1,1,1,1,1,1,1,1,1,4),(0.,0.09692320320203013,0.1878808797235845,0.2729755888316734,0.35199523611325884,0.42563194456442877,0.49349135631793845,0.5561992760099685,0.6148257976181066,0.6689417598424584,0.7193844688601725,0.7672739993087923,0.8132579637726901,0.8582735080688026,0.9040711713262939,0.950829847398663,1.),.UNSPECIFIED.);
#8068=TRIMMED_CURVE('',#8067,(PARAMETER_VALUE(0.)),(PARAMETER_VALUE(1.)),.T.,.PARAMETER.);
#8069=EDGE_CURVE('',#7994,#8044,#8068,.T.);
#8070=ORIENTED_EDGE('',*,*,#8069,.F.);
#8071=EDGE_LOOP('',(#7997,#8022,#8047,#8070));
#8072=FACE_OUTER_BOUND('',#8071,.T.);
#8073=ADVANCED_FACE('',(#8072),#24,.T.);
#8074=CARTESIAN_POINT('',(0.010694187739857457,0.022432415238510976,0.));
#8075=DIRECTION('',(0.,-1.,0.));
#8076=VECTOR('',#8075,1.);
#8077=LINE('',#8074,#8076);
#8078=EDGE_CURVE('',#7634,#7636,#8077,.T.);
#8079=ORIENTED_EDGE('',*,*,#8078,.F.);
#8080=CARTESIAN_POINT('',(0.010694187739857457,0.02227168411028682,0.));
#8081=DIRECTION('',(-1.,0.,0.));
#8082=VECTOR('',#8081,1.);
#8083=LINE('',#8080,#8082);
#8084=EDGE_CURVE('',#7644,#7634,#8083,.T.);
#8085=ORIENTED_EDGE('',*,*,#8084,.F.);
#8086=CARTESIAN_POINT('',(0.009883139734100878,0.02227168411028682,0.));
#8087=DIRECTION('',(0.,1.,0.));
#8088=VECTOR('',#8087,1.);
#8089=LINE('',#8086,#8088);
#8090=EDGE_CURVE('',#7652,#7644,#8089,.T.);
#8091=ORIENTED_EDGE('',*,*,#8090,.F.);
#8092=CARTESIAN_POINT('',(0.009883139734100878,0.02242523408429334,0.));
#8093=CARTESIAN_POINT('',(0.009883442293669257,0.022441652322809005,0.));
#8094=CARTESIAN_POINT('',(0.009884030767353131,0.0224735855429478,0.));
#8095=CARTESIAN_POINT('',(0.009889226595692588,0.022520129434688025,0.));
#8096=CARTESIAN_POINT('',(0.0098975267309023,0.02256389882663617,0.));
#8097=CARTESIAN_POINT('',(0.009909336217041185,0.022604873826210264,0.));
#8098=CARTESIAN_POINT('',(0.009924601742542925,0.02264306587818327,0.));
#8099=CARTESIAN_POINT('',(0.009943427380307582,0.022678370560044365,0.));
#8100=CARTESIAN_POINT('',(0.009965539749237494,0.022710983008187684,0.));
#8101=CARTESIAN_POINT('',(0.009990917705119968,0.022740665660117124,0.));
#8102=CARTESIAN_POINT('',(0.010019557120048858,0.022767061567872473,0.));
#8103=CARTESIAN_POINT('',(0.010050903461572802,0.022790398076449506,0.));
#8104=CARTESIAN_POINT('',(0.010085535963225685,0.0228094746293874,0.));
#8105=CARTESIAN_POINT('',(0.010122600612842854,0.022825811319933758,0.));
#8106=CARTESIAN_POINT('',(0.010162807203581946,0.022837839658924344,0.));
#8107=CARTESIAN_POINT('',(0.010205616834755618,0.02284672508522002,0.));
#8108=CARTESIAN_POINT('',(0.010251284591343288,0.022852080213023925,0.));
#8109=CARTESIAN_POINT('',(0.010282664834846824,0.022852644831308454,0.));
#8110=CARTESIAN_POINT('',(0.010298801837051124,0.022852935181079035,0.));
#8111=B_SPLINE_CURVE_WITH_KNOTS('',3,(#8092,#8093,#8094,#8095,#8096,#8097,#8098,#8099,#8100,#8101,#8102,#8103,#8104,#8105,#8106,#8107,#8108,#8109,#8110),.UNSPECIFIED.,.F.,.F.,(4,1,1,1,1,1,1,1,1,1,1,1,1,1,1,1,4),(0.,0.07261034974658308,0.1412260079301539,0.20688856119720972,0.2694773881937202,0.329567653562826,0.38850477617876944,0.4461228183521968,0.5035511536343656,0.5608526687353617,0.6180991411742066,0.6759691584951127,0.7353906332350449,0.7969638477136836,0.8612220234113186,0.928634699285641,1.),.UNSPECIFIED.);
#8112=TRIMMED_CURVE('',#8111,(PARAMETER_VALUE(0.)),(PARAMETER_VALUE(1.)),.T.,.PARAMETER.);
#8113=EDGE_CURVE('',#7676,#7652,#8112,.T.);
#8114=ORIENTED_EDGE('',*,*,#8113,.F.);
#8115=CARTESIAN_POINT('',(0.010298801837051124,0.022852935181079035,0.));
#8116=CARTESIAN_POINT('',(0.01031479530524069,0.02285261014746423,0.));
#8117=CARTESIAN_POINT('',(0.010345803729417295,0.022851979966437827,0.));
#8118=CARTESIAN_POINT('',(0.010390757480406047,0.022847151364012372,0.));
#8119=CARTESIAN_POINT('',(0.010432584874912047,0.022838905244770773,0.));
#8120=CARTESIAN_POINT('',(0.010471436954583399,0.02282764181882098,0.));
#8121=CARTESIAN_POINT('',(0.010507228570142104,0.02281278700376344,0.));
#8122=CARTESIAN_POINT('',(0.010539901944151513,0.022794574623083458,0.));
#8123=CARTESIAN_POINT('',(0.01056959928361508,0.022773149816867896,0.));
#8124=CARTESIAN_POINT('',(0.010595908529039296,0.022748153848032294,0.));
#8125=CARTESIAN_POINT('',(0.010619381719372807,0.02272011329656576,0.));
#8126=CARTESIAN_POINT('',(0.010639466285750115,0.02268860957281354,0.));
#8127=CARTESIAN_POINT('',(0.010656403433638807,0.022653850017014285,0.));
#8128=CARTESIAN_POINT('',(0.010670333407230751,0.022615920850118813,0.));
#8129=CARTESIAN_POINT('',(0.010681010595000975,0.022574654815957693,0.));
#8130=CARTESIAN_POINT('',(0.010688772745417158,0.022530166892468697,0.));
#8131=CARTESIAN_POINT('',(0.010693445466678653,0.022482361134609167,0.));
#8132=CARTESIAN_POINT('',(0.010693935420023233,0.022449393273799825,0.));
#8133=CARTESIAN_POINT('',(0.010694187739857457,0.022432415238510976,0.));
#8134=B_SPLINE_CURVE_WITH_KNOTS('',3,(#8115,#8116,#8117,#8118,#8119,#8120,#8121,#8122,#8123,#8124,#8125,#8126,#8127,#8128,#8129,#8130,#8131,#8132,#8133),.UNSPECIFIED.,.F.,.F.,(4,1,1,1,1,1,1,1,1,1,1,1,1,1,1,1,4),(0.,0.07245922960382986,0.14048525938427966,0.20454902055125834,0.265415592000367,0.32347461312831344,0.3797427177720655,0.4345541574416486,0.4889397024493059,0.5437529987177447,0.599855375513522,0.6577783970550343,0.7186382804211147,0.7826281342180883,0.8506511720021511,0.9230872246531185,1.),.UNSPECIFIED.);
#8135=TRIMMED_CURVE('',#8134,(PARAMETER_VALUE(0.)),(PARAMETER_VALUE(1.)),.T.,.PARAMETER.);
#8136=EDGE_CURVE('',#7636,#7676,#8135,.T.);
#8137=ORIENTED_EDGE('',*,*,#8136,.F.);
#8138=EDGE_LOOP('',(#8079,#8085,#8091,#8114,#8137));
#8139=FACE_OUTER_BOUND('',#8138,.T.);
#8140=CARTESIAN_POINT('',(0.009775,0.02242164350718452,0.));
#8141=DIRECTION('',(0.,-1.,0.));
#8142=VECTOR('',#8141,1.);
#8143=LINE('',#8140,#8142);
#8144=EDGE_CURVE('',#1624,#1580,#8143,.T.);
#8145=ORIENTED_EDGE('',*,*,#8144,.F.);
#8146=CARTESIAN_POINT('',(0.009775,0.02215002690942333,0.));
#8147=DIRECTION('',(1.,0.,0.));
#8148=VECTOR('',#8147,1.);
#8149=LINE('',#8146,#8148);
#8150=EDGE_CURVE('',#1616,#1624,#8149,.T.);
#8151=ORIENTED_EDGE('',*,*,#8150,.F.);
#8152=CARTESIAN_POINT('',(0.010802327473958335,0.02215002690942333,0.));
#8153=DIRECTION('',(0.,1.,0.));
#8154=VECTOR('',#8153,1.);
#8155=LINE('',#8152,#8154);
#8156=EDGE_CURVE('',#1607,#1616,#8155,.T.);
#8157=ORIENTED_EDGE('',*,*,#8156,.F.);
#8158=CARTESIAN_POINT('',(0.010802327473958335,0.022433048869765472,0.));
#8159=CARTESIAN_POINT('',(0.010802004400105676,0.022454888522487247,0.));
#8160=CARTESIAN_POINT('',(0.010801376781364235,0.022497315277986294,0.));
#8161=CARTESIAN_POINT('',(0.01079534940648934,0.0225587895778579,0.));
#8162=CARTESIAN_POINT('',(0.010785789649240518,0.02261616248686843,0.));
#8163=CARTESIAN_POINT('',(0.010772226325910711,0.02266932401107345,0.));
#8164=CARTESIAN_POINT('',(0.010754363599593211,0.02271813222082894,0.));
#8165=CARTESIAN_POINT('',(0.010733095317294853,0.022763002181487097,0.));
#8166=CARTESIAN_POINT('',(0.010707472956729497,0.022803484461874114,0.));
#8167=CARTESIAN_POINT('',(0.010677889240794857,0.02283971394803372,0.));
#8168=CARTESIAN_POINT('',(0.010644475238172363,0.022871735348840645,0.));
#8169=CARTESIAN_POINT('',(0.010606906256924106,0.022899314895026546,0.));
#8170=CARTESIAN_POINT('',(0.010565559120019713,0.02292288393409138,0.));
#8171=CARTESIAN_POINT('',(0.010520187118865588,0.0229418512069007,0.));
#8172=CARTESIAN_POINT('',(0.010471060364957919,0.022956656515999513,0.));
#8173=CARTESIAN_POINT('',(0.010418003266363326,0.022967058182846667,0.));
#8174=CARTESIAN_POINT('',(0.010361055433988216,0.02297347311200658,0.));
#8175=CARTESIAN_POINT('',(0.010321771000137132,0.022974212004056322,0.));
#8176=CARTESIAN_POINT('',(0.01030154757248728,0.02297459238194252,0.));
#8177=B_SPLINE_CURVE_WITH_KNOTS('',3,(#8158,#8159,#8160,#8161,#8162,#8163,#8164,#8165,#8166,#8167,#8168,#8169,#8170,#8171,#8172,#8173,#8174,#8175,#8176),.UNSPECIFIED.,.F.,.F.,(4,1,1,1,1,1,1,1,1,1,1,1,1,1,1,1,4),(0.,0.07743688179351421,0.15043259580707685,0.21882063690797054,0.2835605106528567,0.34469968056372036,0.4028841564068557,0.4593397698170555,0.514170157772052,0.5683876537052336,0.6230215459405148,0.6790470404164741,0.7367840442904243,0.797052793700442,0.8607118052383897,0.9282951425514274,0.9999999999999999),.UNSPECIFIED.);
#8178=TRIMMED_CURVE('',#8177,(PARAMETER_VALUE(0.)),(PARAMETER_VALUE(0.9999999999999999)),.T.,.PARAMETER.);
#8179=EDGE_CURVE('',#1582,#1607,#8178,.T.);
#8180=ORIENTED_EDGE('',*,*,#8179,.F.);
#8181=CARTESIAN_POINT('',(0.01030154757248728,0.02297459238194252,0.));
#8182=CARTESIAN_POINT('',(0.010282165349862342,0.02297416652661078,0.));
#8183=CARTESIAN_POINT('',(0.01024432586329648,0.022973335138621057,0.));
#8184=CARTESIAN_POINT('',(0.010189007865563494,0.02296624734950238,0.));
#8185=CARTESIAN_POINT('',(0.010136663211666506,0.022954461095582156,0.));
#8186=CARTESIAN_POINT('',(0.010087153962332809,0.022937983570587177,0.));
#8187=CARTESIAN_POINT('',(0.010040600733131665,0.022916689911414753,0.));
#8188=CARTESIAN_POINT('',(0.009996804841722202,0.022890947827373956,0.));
#8189=CARTESIAN_POINT('',(0.009956290523986989,0.02285992575240926,0.));
#8190=CARTESIAN_POINT('',(0.009918717974008997,0.022824806453257948,0.));
#8191=CARTESIAN_POINT('',(0.009885073112264895,0.022785548798474053,0.));
#8192=CARTESIAN_POINT('',(0.00985541318809188,0.022743031878734467,0.));
#8193=CARTESIAN_POINT('',(0.009830470762725361,0.022697257313945656,0.));
#8194=CARTESIAN_POINT('',(0.009810100625531351,0.022648254497169014,0.));
#8195=CARTESIAN_POINT('',(0.00979423130673706,0.02259611868272327,0.));
#8196=CARTESIAN_POINT('',(0.009783210151716883,0.0225407190973928,0.));
#8197=CARTESIAN_POINT('',(0.009776293430512357,0.022482224663568178,0.));
#8198=CARTESIAN_POINT('',(0.009775437838682354,0.022442150811931957,0.));
#8199=CARTESIAN_POINT('',(0.009775,0.02242164350718452,0.));
#8200=B_SPLINE_CURVE_WITH_KNOTS('',3,(#8181,#8182,#8183,#8184,#8185,#8186,#8187,#8188,#8189,#8190,#8191,#8192,#8193,#8194,#8195,#8196,#8197,#8198,#8199),.UNSPECIFIED.,.F.,.F.,(4,1,1,1,1,1,1,1,1,1,1,1,1,1,1,1,4),(0.,0.06750282374180694,0.13178427683776284,0.1939031391780451,0.2541679041379423,0.3132165610022494,0.371937795810622,0.4307542269168751,0.49061837742870384,0.5507947362046423,0.6105321367345059,0.6709001277357934,0.7320286404408684,0.795106575406085,0.860428213708593,0.9285758408848623,1.),.UNSPECIFIED.);
#8201=TRIMMED_CURVE('',#8200,(PARAMETER_VALUE(0.)),(PARAMETER_VALUE(1.)),.T.,.PARAMETER.);
#8202=EDGE_CURVE('',#1580,#1582,#8201,.T.);
#8203=ORIENTED_EDGE('',*,*,#8202,.F.);
#8204=EDGE_LOOP('',(#8145,#8151,#8157,#8180,#8203));
#8205=FACE_BOUND('',#8204,.T.);
#8206=ADVANCED_FACE('',(#8139,#8205),#24,.T.);
#8207=CARTESIAN_POINT('',(0.00985610480057566,0.020820034906233444,0.));
#8208=CARTESIAN_POINT('',(0.009856440198712594,0.020828433746784232,0.));
#8209=CARTESIAN_POINT('',(0.00985709712732217,0.02084488416208921,0.));
#8210=CARTESIAN_POINT('',(0.009861940188163566,0.020868827188307824,0.));
#8211=CARTESIAN_POINT('',(0.009870561979745757,0.02089098264527892,0.));
#8212=CARTESIAN_POINT('',(0.00988225962582308,0.020911591238293146,0.));
#8213=CARTESIAN_POINT('',(0.009897581217967775,0.02093026914231653,0.));
#8214=CARTESIAN_POINT('',(0.009915882682005344,0.02094756835189746,0.));
#8215=CARTESIAN_POINT('',(0.009937758009351651,0.020962943314091837,0.));
#8216=CARTESIAN_POINT('',(0.00996274930189227,0.020976962931597662,0.));
#8217=CARTESIAN_POINT('',(0.009991336292204663,0.020988846205446134,0.));
#8218=CARTESIAN_POINT('',(0.010023060244485313,0.020999310929802225,0.));
#8219=CARTESIAN_POINT('',(0.010058012795892949,0.02100847964254774,0.));
#8220=CARTESIAN_POINT('',(0.010096383203975174,0.021015442449039967,0.));
#8221=CARTESIAN_POINT('',(0.010137966476711453,0.021021083500797354,0.));
#8222=CARTESIAN_POINT('',(0.010182840219359307,0.02102537392592934,0.));
#8223=CARTESIAN_POINT('',(0.010231051686631678,0.021027552346565396,0.));
#8224=CARTESIAN_POINT('',(0.010264302262439497,0.021027898376885106,0.));
#8225=CARTESIAN_POINT('',(0.010281482582761533,0.021028077168126734,0.));
#8226=B_SPLINE_CURVE_WITH_KNOTS('',3,(#8207,#8208,#8209,#8210,#8211,#8212,#8213,#8214,#8215,#8216,#8217,#8218,#8219,#8220,#8221,#8222,#8223,#8224,#8225),.UNSPECIFIED.,.F.,.F.,(4,1,1,1,1,1,1,1,1,1,1,1,1,1,1,1,4),(0.,0.047898880593517275,0.09381729223720978,0.13856698710957122,0.18300019569704798,0.2284099960635095,0.2758555220568709,0.32622935502494144,0.3805277912376245,0.439009272584267,0.5025086154273019,0.5709867024413212,0.6449485825115173,0.7248044027672064,0.8103227188539107,0.9019951874897486,1.),.UNSPECIFIED.);
#8227=TRIMMED_CURVE('',#8226,(PARAMETER_VALUE(0.)),(PARAMETER_VALUE(1.)),.T.,.PARAMETER.);
#8228=EDGE_CURVE('',#7992,#7994,#8227,.T.);
#8229=ORIENTED_EDGE('',*,*,#8228,.F.);
#8230=CARTESIAN_POINT('',(0.010281482582761535,0.021028077168126737,0.));
#8231=CARTESIAN_POINT('',(0.010299226477440804,0.021027903884541847,0.));
#8232=CARTESIAN_POINT('',(0.01033360361586163,0.021027568163783168,0.));
#8233=CARTESIAN_POINT('',(0.01038349086394059,0.021025309089924147,0.));
#8234=CARTESIAN_POINT('',(0.010429917155842058,0.021021299488269037,0.));
#8235=CARTESIAN_POINT('',(0.01047293409768347,0.021015928614793337,0.));
#8236=CARTESIAN_POINT('',(0.01051250935266419,0.02100881387907611,0.));
#8237=CARTESIAN_POINT('',(0.010548633198658884,0.021000009462586285,0.));
#8238=CARTESIAN_POINT('',(0.0105813298961767,0.020989689525203928,0.));
#8239=CARTESIAN_POINT('',(0.010610669972301189,0.02097795712287014,0.));
#8240=CARTESIAN_POINT('',(0.010636648559494354,0.020964475465524487,0.));
#8241=CARTESIAN_POINT('',(0.010659169725167658,0.020949215575798496,0.));
#8242=CARTESIAN_POINT('',(0.0106785236153256,0.020932550852820992,0.));
#8243=CARTESIAN_POINT('',(0.010694066687282136,0.020913930465648548,0.));
#8244=CARTESIAN_POINT('',(0.01070645831858973,0.020893881980892755,0.));
#8245=CARTESIAN_POINT('',(0.010714767008986915,0.02087199063668048,0.));
#8246=CARTESIAN_POINT('',(0.010720402717661571,0.020848691158118583,0.));
#8247=CARTESIAN_POINT('',(0.010720945059884862,0.020832531104030213,0.));
#8248=CARTESIAN_POINT('',(0.010721222673382678,0.02082425911459676,0.));
#8249=B_SPLINE_CURVE_WITH_KNOTS('',3,(#8230,#8231,#8232,#8233,#8234,#8235,#8236,#8237,#8238,#8239,#8240,#8241,#8242,#8243,#8244,#8245,#8246,#8247,#8248),.UNSPECIFIED.,.F.,.F.,(4,1,1,1,1,1,1,1,1,1,1,1,1,1,1,1,4),(0.,0.09929233049822785,0.19236961509084133,0.27936510963280975,0.35999382109809286,0.43487357137209276,0.5042443113760178,0.5679124427876102,0.626585839406916,0.6808619306036253,0.7313451491954653,0.778524306276882,0.8232669504068509,0.8665765119292149,0.9097406877460033,0.9537981696625025,0.9999999999999999),.UNSPECIFIED.);
#8250=TRIMMED_CURVE('',#8249,(PARAMETER_VALUE(0.)),(PARAMETER_VALUE(0.9999999999999999)),.T.,.PARAMETER.);
#8251=EDGE_CURVE('',#8019,#7992,#8250,.T.);
#8252=ORIENTED_EDGE('',*,*,#8251,.F.);
#8253=CARTESIAN_POINT('',(0.010721222673382678,0.02082425911459676,0.));
#8254=CARTESIAN_POINT('',(0.010720929484726763,0.020815571099354932,0.));
#8255=CARTESIAN_POINT('',(0.010720354040746614,0.02079851905464071,0.));
#8256=CARTESIAN_POINT('',(0.010714907148017946,0.02077387382414371,0.));
#8257=CARTESIAN_POINT('',(0.010706155535301232,0.02075084346622858,0.));
#8258=CARTESIAN_POINT('',(0.010693834341974916,0.020729508108128368,0.));
#8259=CARTESIAN_POINT('',(0.010677603574540487,0.020710159004318926,0.));
#8260=CARTESIAN_POINT('',(0.010658218785979421,0.020692256252945546,0.));
#8261=CARTESIAN_POINT('',(0.010635236978878434,0.020676215079448147,0.));
#8262=CARTESIAN_POINT('',(0.01060874113818239,0.02066216100643047,0.));
#8263=CARTESIAN_POINT('',(0.010578967209678701,0.020649400366710292,0.));
#8264=CARTESIAN_POINT('',(0.010545592026250723,0.020638531184728425,0.));
#8265=CARTESIAN_POINT('',(0.010508682285242252,0.020629633430098496,0.));
#8266=CARTESIAN_POINT('',(0.010468445699915986,0.02062198765838125,0.));
#8267=CARTESIAN_POINT('',(0.010424723586121456,0.020616190558785285,0.));
#8268=CARTESIAN_POINT('',(0.010377509213092372,0.020612026977931446,0.));
#8269=CARTESIAN_POINT('',(0.010326780126279392,0.02060947971209795,0.));
#8270=CARTESIAN_POINT('',(0.010291764573853033,0.020609186985678134,0.));
#8271=CARTESIAN_POINT('',(0.0102736677972894,0.020609035698485833,0.));
#8272=B_SPLINE_CURVE_WITH_KNOTS('',3,(#8253,#8254,#8255,#8256,#8257,#8258,#8259,#8260,#8261,#8262,#8263,#8264,#8265,#8266,#8267,#8268,#8269,#8270,#8271),.UNSPECIFIED.,.F.,.F.,(4,1,1,1,1,1,1,1,1,1,1,1,1,1,1,1,4),(0.,0.04725749774986845,0.09275271074959052,0.1366847452972178,0.18100652460211658,0.2262181443105269,0.2736990683396668,0.32433073153290093,0.37836798138290356,0.4367653053027078,0.5005384505931377,0.5692564522506932,0.6433979796875183,0.7234839589677916,0.8093247031441988,0.9014549820208838,1.),.UNSPECIFIED.);
#8273=TRIMMED_CURVE('',#8272,(PARAMETER_VALUE(0.)),(PARAMETER_VALUE(1.)),.T.,.PARAMETER.);
#8274=EDGE_CURVE('',#8044,#8019,#8273,.T.);
#8275=ORIENTED_EDGE('',*,*,#8274,.F.);
#8276=CARTESIAN_POINT('',(0.0102736677972894,0.020609035698485833,0.));
#8277=CARTESIAN_POINT('',(0.010256837633760804,0.02060918176301994,0.));
#8278=CARTESIAN_POINT('',(0.010224213186516184,0.020609464901961475,0.));
#8279=CARTESIAN_POINT('',(0.010176873676170593,0.020612096364703496,0.));
#8280=CARTESIAN_POINT('',(0.010132750032822725,0.020615978316955812,0.));
#8281=CARTESIAN_POINT('',(0.010091812644813725,0.0206215218977778,0.));
#8282=CARTESIAN_POINT('',(0.01005430122156058,0.020629269351503013,0.));
#8283=CARTESIAN_POINT('',(0.010019867601607734,0.020637839794461692,0.));
#8284=CARTESIAN_POINT('',(0.00998882499350088,0.020648726145568806,0.));
#8285=CARTESIAN_POINT('',(0.00996094254483384,0.02066107322322883,0.));
#8286=CARTESIAN_POINT('',(0.009936170920975014,0.02067495335886258,0.));
#8287=CARTESIAN_POINT('',(0.009914820007856758,0.020690709148179588,0.));
#8288=CARTESIAN_POINT('',(0.009896609494500932,0.020708049090336123,0.));
#8289=CARTESIAN_POINT('',(0.009881922722547402,0.020727289319790138,0.));
#8290=CARTESIAN_POINT('',(0.00987025103800391,0.020748079366884623,0.));
#8291=CARTESIAN_POINT('',(0.009862038325553803,0.020770607769876073,0.));
#8292=CARTESIAN_POINT('',(0.009857058845028152,0.020794825141135582,0.));
#8293=CARTESIAN_POINT('',(0.009856428100649208,0.020811491993071595,0.));
#8294=CARTESIAN_POINT('',(0.00985610480057566,0.020820034906233444,0.));
#8295=B_SPLINE_CURVE_WITH_KNOTS('',3,(#8276,#8277,#8278,#8279,#8280,#8281,#8282,#8283,#8284,#8285,#8286,#8287,#8288,#8289,#8290,#8291,#8292,#8293,#8294),.UNSPECIFIED.,.F.,.F.,(4,1,1,1,1,1,1,1,1,1,1,1,1,1,1,1,4),(0.,0.09692320320203013,0.1878808797235845,0.2729755888316734,0.35199523611325884,0.42563194456442877,0.49349135631793845,0.5561992760099685,0.6148257976181066,0.6689417598424584,0.7193844688601725,0.7672739993087923,0.8132579637726901,0.8582735080688026,0.9040711713262939,0.950829847398663,1.),.UNSPECIFIED.);
#8296=TRIMMED_CURVE('',#8295,(PARAMETER_VALUE(0.)),(PARAMETER_VALUE(1.)),.T.,.PARAMETER.);
#8297=EDGE_CURVE('',#7994,#8044,#8296,.T.);
#8298=ORIENTED_EDGE('',*,*,#8297,.F.);
#8299=EDGE_LOOP('',(#8229,#8252,#8275,#8298));
#8300=FACE_OUTER_BOUND('',#8299,.T.);
#8301=CARTESIAN_POINT('',(0.010815844940720945,0.020829961795887236,0.));
#8302=CARTESIAN_POINT('',(0.010815447259499731,0.020842871992927104,0.));
#8303=CARTESIAN_POINT('',(0.010814671090517878,0.02086806929658987,0.));
#8304=CARTESIAN_POINT('',(0.010808396565449014,0.020904591709318767,0.));
#8305=CARTESIAN_POINT('',(0.010798418473279763,0.020938704192474806,0.));
#8306=CARTESIAN_POINT('',(0.010783792747932463,0.020970126066834155,0.));
#8307=CARTESIAN_POINT('',(0.010765236236839943,0.02099908559196803,0.));
#8308=CARTESIAN_POINT('',(0.010742744851746014,0.021025772026159087,0.));
#8309=CARTESIAN_POINT('',(0.010715684593893469,0.021049440655461216,0.));
#8310=CARTESIAN_POINT('',(0.010684955763126796,0.02107092495658005,0.));
#8311=CARTESIAN_POINT('',(0.010649923552167827,0.021089395543490274,0.));
#8312=CARTESIAN_POINT('',(0.010611080080332345,0.02110572285769145,0.));
#8313=CARTESIAN_POINT('',(0.010568004813046584,0.0211193634655935,0.));
#8314=CARTESIAN_POINT('',(0.010520867172531576,0.021130329975856423,0.));
#8315=CARTESIAN_POINT('',(0.010469770342510397,0.021139333184833995,0.));
#8316=CARTESIAN_POINT('',(0.010414581515079612,0.02114513661065909,0.));
#8317=CARTESIAN_POINT('',(0.010355323296417352,0.02114909739189469,0.));
#8318=CARTESIAN_POINT('',(0.01031443860793608,0.021149517346410945,0.));
#8319=CARTESIAN_POINT('',(0.010293310366178816,0.02114973436899022,0.));
#8320=B_SPLINE_CURVE_WITH_KNOTS('',3,(#8301,#8302,#8303,#8304,#8305,#8306,#8307,#8308,#8309,#8310,#8311,#8312,#8313,#8314,#8315,#8316,#8317,#8318,#8319),.UNSPECIFIED.,.F.,.F.,(4,1,1,1,1,1,1,1,1,1,1,1,1,1,1,1,4),(0.,0.05600840772502456,0.10931365747226474,0.16036273758288647,0.2098597138057291,0.2591979424927096,0.30928387655575595,0.3608027936550088,0.41480516944806045,0.47168307957627376,0.5323569893762716,0.5974966026462478,0.667543911872201,0.7423037968749449,0.8225564895742005,0.908301383089863,1.),.UNSPECIFIED.);
#8321=TRIMMED_CURVE('',#8320,(PARAMETER_VALUE(0.)),(PARAMETER_VALUE(1.)),.T.,.PARAMETER.);
#8322=EDGE_CURVE('',#1530,#1478,#8321,.T.);
#8323=ORIENTED_EDGE('',*,*,#8322,.F.);
#8324=CARTESIAN_POINT('',(0.010293310366178818,0.021149734368990224,0.));
#8325=CARTESIAN_POINT('',(0.010272604925051835,0.021149443873305654,0.));
#8326=CARTESIAN_POINT('',(0.010232275829718583,0.02114887805932057,0.));
#8327=CARTESIAN_POINT('',(0.010173667962490201,0.021144701309185495,0.));
#8328=CARTESIAN_POINT('',(0.010118645754999425,0.021137570738386853,0.));
#8329=CARTESIAN_POINT('',(0.010067327320183117,0.02112754491440571,0.));
#8330=CARTESIAN_POINT('',(0.010019809585075859,0.021114618196883917,0.));
#8331=CARTESIAN_POINT('',(0.009975903731757422,0.021099639580448366,0.));
#8332=CARTESIAN_POINT('',(0.009936160690755966,0.021081320519603753,0.));
#8333=CARTESIAN_POINT('',(0.009899992616669245,0.021060961965250747,0.));
#8334=CARTESIAN_POINT('',(0.00986785225683722,0.021037848140566324,0.));
#8335=CARTESIAN_POINT('',(0.009839790422984678,0.02101223516795233,0.));
#8336=CARTESIAN_POINT('',(0.009815755632772519,0.020984058986720757,0.));
#8337=CARTESIAN_POINT('',(0.009796128449561285,0.020953312206388033,0.));
#8338=CARTESIAN_POINT('',(0.00978043401288439,0.020920294941871177,0.));
#8339=CARTESIAN_POINT('',(0.0097696113945074,0.020884920961479442,0.));
#8340=CARTESIAN_POINT('',(0.009762504450490489,0.02084749504710633,0.));
#8341=CARTESIAN_POINT('',(0.009761827733253797,0.02082175817259882,0.));
#8342=CARTESIAN_POINT('',(0.009761482533237394,0.020808629543652493,0.));
#8343=B_SPLINE_CURVE_WITH_KNOTS('',3,(#8324,#8325,#8326,#8327,#8328,#8329,#8330,#8331,#8332,#8333,#8334,#8335,#8336,#8337,#8338,#8339,#8340,#8341,#8342),.UNSPECIFIED.,.F.,.F.,(4,1,1,1,1,1,1,1,1,1,1,1,1,1,1,1,4),(0.,0.08761252995940348,0.1706476114877627,0.24847022097941102,0.3222629765944557,0.3917141549787829,0.4567257052156475,0.5183161138530104,0.5766265425532776,0.6321080041528256,0.6854551819102931,0.7370284564163255,0.7883481285107397,0.8393903386972642,0.8912142620642988,0.9445073414958353,1.),.UNSPECIFIED.);
#8344=TRIMMED_CURVE('',#8343,(PARAMETER_VALUE(0.)),(PARAMETER_VALUE(1.)),.T.,.PARAMETER.);
#8345=EDGE_CURVE('',#1505,#1530,#8344,.T.);
#8346=ORIENTED_EDGE('',*,*,#8345,.F.);
#8347=CARTESIAN_POINT('',(0.009761482533237394,0.020808629543652493,0.));
#8348=CARTESIAN_POINT('',(0.009761862107441021,0.020796138847506855,0.));
#8349=CARTESIAN_POINT('',(0.009762602857187433,0.020771762902266226,0.));
#8350=CARTESIAN_POINT('',(0.009769168984903443,0.02073627174756569,0.));
#8351=CARTESIAN_POINT('',(0.009779687325116615,0.020702861667380074,0.));
#8352=CARTESIAN_POINT('',(0.009794585925069198,0.02067160583851907,0.));
#8353=CARTESIAN_POINT('',(0.009813576200298433,0.020642700977404227,0.));
#8354=CARTESIAN_POINT('',(0.009836383614653707,0.020616037131156895,0.));
#8355=CARTESIAN_POINT('',(0.009863247270676122,0.020591911720467135,0.));
#8356=CARTESIAN_POINT('',(0.009893900449436159,0.02057012186707456,0.));
#8357=CARTESIAN_POINT('',(0.009928183519632594,0.020550635246929762,0.));
#8358=CARTESIAN_POINT('',(0.009966403622453667,0.020534107023092014,0.));
#8359=CARTESIAN_POINT('',(0.010007975782130843,0.020519430076363115,0.));
#8360=CARTESIAN_POINT('',(0.010053382911512736,0.020507794909601407,0.));
#8361=CARTESIAN_POINT('',(0.010102191206587693,0.020498486415088425,0.));
#8362=CARTESIAN_POINT('',(0.010154551100579591,0.02049213031444693,0.));
#8363=CARTESIAN_POINT('',(0.010210307962920322,0.020487989987644315,0.));
#8364=CARTESIAN_POINT('',(0.01024866664762846,0.020487586128742227,0.));
#8365=CARTESIAN_POINT('',(0.010268387536835255,0.020487378497622347,0.));
#8366=B_SPLINE_CURVE_WITH_KNOTS('',3,(#8347,#8348,#8349,#8350,#8351,#8352,#8353,#8354,#8355,#8356,#8357,#8358,#8359,#8360,#8361,#8362,#8363,#8364,#8365),.UNSPECIFIED.,.F.,.F.,(4,1,1,1,1,1,1,1,1,1,1,1,1,1,1,1,4),(0.,0.05560346552068954,0.10851172864331725,0.16019065677036698,0.21125682259744455,0.2622342983467065,0.3138417947423511,0.36713538924212824,0.42266449961136965,0.48109658322950266,0.5424634412610565,0.6079316349458072,0.6773114379131157,0.7510657410246947,0.8291434976952492,0.9121596014605431,1.),.UNSPECIFIED.);
#8367=TRIMMED_CURVE('',#8366,(PARAMETER_VALUE(0.)),(PARAMETER_VALUE(1.)),.T.,.PARAMETER.);
#8368=EDGE_CURVE('',#1480,#1505,#8367,.T.);
#8369=ORIENTED_EDGE('',*,*,#8368,.F.);
#8370=CARTESIAN_POINT('',(0.010268387536835255,0.020487378497622347,0.));
#8371=CARTESIAN_POINT('',(0.01029000861060452,0.02048766162752892,0.));
#8372=CARTESIAN_POINT('',(0.010332026451749958,0.020488211854939663,0.));
#8373=CARTESIAN_POINT('',(0.010393077207113821,0.02049247165931014,0.));
#8374=CARTESIAN_POINT('',(0.010450271883889908,0.02049934380580825,0.));
#8375=CARTESIAN_POINT('',(0.01050348714941823,0.020508939302080958,0.));
#8376=CARTESIAN_POINT('',(0.01055272659771014,0.020521305738575,0.));
#8377=CARTESIAN_POINT('',(0.010597790356598271,0.020536577269737094,0.));
#8378=CARTESIAN_POINT('',(0.010639024791737279,0.02055391260577213,0.));
#8379=CARTESIAN_POINT('',(0.010676043727463993,0.020574211900941507,0.));
#8380=CARTESIAN_POINT('',(0.010708777736974495,0.020597316794272007,0.));
#8381=CARTESIAN_POINT('',(0.010737382657014299,0.02062291465008322,0.));
#8382=CARTESIAN_POINT('',(0.010761533493450645,0.02065138816999544,0.));
#8383=CARTESIAN_POINT('',(0.01078154674857128,0.020682352687474155,0.));
#8384=CARTESIAN_POINT('',(0.010797091669675428,0.02071591054298057,0.));
#8385=CARTESIAN_POINT('',(0.010807722286757603,0.020751940057190096,0.));
#8386=CARTESIAN_POINT('',(0.010814840473835323,0.020790114616097314,0.));
#8387=CARTESIAN_POINT('',(0.01081550512031405,0.020816481127640563,0.));
#8388=CARTESIAN_POINT('',(0.010815844940720945,0.020829961795887236,0.));
#8389=B_SPLINE_CURVE_WITH_KNOTS('',3,(#8370,#8371,#8372,#8373,#8374,#8375,#8376,#8377,#8378,#8379,#8380,#8381,#8382,#8383,#8384,#8385,#8386,#8387,#8388),.UNSPECIFIED.,.F.,.F.,(4,1,1,1,1,1,1,1,1,1,1,1,1,1,1,1,4),(0.,0.08926761439691079,0.1734803960797661,0.2525530411572923,0.32701951696035875,0.39660825267745753,0.4619688713790854,0.5233089957169025,0.5810783152598848,0.6359248744476097,0.6884094276150146,0.7391427587707798,0.7896205973074935,0.8402163231132901,0.8912543916232923,0.9444005526705761,1.),.UNSPECIFIED.);
#8390=TRIMMED_CURVE('',#8389,(PARAMETER_VALUE(0.)),(PARAMETER_VALUE(1.)),.T.,.PARAMETER.);
#8391=EDGE_CURVE('',#1478,#1480,#8390,.T.);
#8392=ORIENTED_EDGE('',*,*,#8391,.F.);
#8393=EDGE_LOOP('',(#8323,#8346,#8369,#8392));
#8394=FACE_BOUND('',#8393,.T.);
#8395=ADVANCED_FACE('',(#8300,#8394),#24,.T.);
#8396=CARTESIAN_POINT('',(0.00985610480057566,0.019252008761770724,0.));
#8397=CARTESIAN_POINT('',(0.009856440198712594,0.01926040760232151,0.));
#8398=CARTESIAN_POINT('',(0.00985709712732217,0.019276858017626488,0.));
#8399=CARTESIAN_POINT('',(0.009861940188163566,0.019300801043845104,0.));
#8400=CARTESIAN_POINT('',(0.009870561979745757,0.0193229565008162,0.));
#8401=CARTESIAN_POINT('',(0.00988225962582308,0.01934356509383043,0.));
#8402=CARTESIAN_POINT('',(0.009897581217967775,0.019362242997853808,0.));
#8403=CARTESIAN_POINT('',(0.009915882682005344,0.019379542207434736,0.));
#8404=CARTESIAN_POINT('',(0.009937758009351651,0.019394917169629117,0.));
#8405=CARTESIAN_POINT('',(0.00996274930189227,0.019408936787134935,0.));
#8406=CARTESIAN_POINT('',(0.009991336292204663,0.019420820060983418,0.));
#8407=CARTESIAN_POINT('',(0.010023060244485313,0.01943128478533951,0.));
#8408=CARTESIAN_POINT('',(0.010058012795892949,0.019440453498085025,0.));
#8409=CARTESIAN_POINT('',(0.010096383203975174,0.019447416304577247,0.));
#8410=CARTESIAN_POINT('',(0.010137966476711453,0.019453057356334638,0.));
#8411=CARTESIAN_POINT('',(0.010182840219359307,0.01945734778146662,0.));
#8412=CARTESIAN_POINT('',(0.010231051686631678,0.019459526202102676,0.));
#8413=CARTESIAN_POINT('',(0.010264302262439497,0.019459872232422383,0.));
#8414=CARTESIAN_POINT('',(0.010281482582761533,0.019460051023664014,0.));
#8415=B_SPLINE_CURVE_WITH_KNOTS('',3,(#8396,#8397,#8398,#8399,#8400,#8401,#8402,#8403,#8404,#8405,#8406,#8407,#8408,#8409,#8410,#8411,#8412,#8413,#8414),.UNSPECIFIED.,.F.,.F.,(4,1,1,1,1,1,1,1,1,1,1,1,1,1,1,1,4),(0.,0.047898880593517275,0.09381729223720978,0.13856698710957122,0.18300019569704798,0.2284099960635095,0.2758555220568709,0.32622935502494144,0.3805277912376245,0.439009272584267,0.5025086154273019,0.5709867024413212,0.6449485825115173,0.7248044027672064,0.8103227188539107,0.9019951874897486,1.),.UNSPECIFIED.);
#8416=CARTESIAN_POINT('',(0.010281482582761535,0.019460051023664018,0.));
#8417=VERTEX_POINT('',#8416);
#8418=CARTESIAN_POINT('',(0.00985610480057566,0.019252008761770724,0.));
#8419=VERTEX_POINT('',#8418);
#8420=TRIMMED_CURVE('',#8415,(PARAMETER_VALUE(0.)),(PARAMETER_VALUE(1.)),.T.,.PARAMETER.);
#8421=EDGE_CURVE('',#8417,#8419,#8420,.T.);
#8422=ORIENTED_EDGE('',*,*,#8421,.F.);
#8423=CARTESIAN_POINT('',(0.010281482582761535,0.019460051023664018,0.));
#8424=CARTESIAN_POINT('',(0.010299226477440804,0.019459877740079127,0.));
#8425=CARTESIAN_POINT('',(0.01033360361586163,0.01945954201932045,0.));
#8426=CARTESIAN_POINT('',(0.01038349086394059,0.019457282945461424,0.));
#8427=CARTESIAN_POINT('',(0.010429917155842058,0.019453273343806324,0.));
#8428=CARTESIAN_POINT('',(0.01047293409768347,0.019447902470330614,0.));
#8429=CARTESIAN_POINT('',(0.01051250935266419,0.019440787734613395,0.));
#8430=CARTESIAN_POINT('',(0.010548633198658884,0.019431983318123562,0.));
#8431=CARTESIAN_POINT('',(0.0105813298961767,0.019421663380741215,0.));
#8432=CARTESIAN_POINT('',(0.010610669972301189,0.01940993097840742,0.));
#8433=CARTESIAN_POINT('',(0.010636648559494354,0.01939644932106177,0.));
#8434=CARTESIAN_POINT('',(0.010659169725167658,0.019381189431335776,0.));
#8435=CARTESIAN_POINT('',(0.0106785236153256,0.019364524708358272,0.));
#8436=CARTESIAN_POINT('',(0.010694066687282136,0.019345904321185832,0.));
#8437=CARTESIAN_POINT('',(0.01070645831858973,0.019325855836430032,0.));
#8438=CARTESIAN_POINT('',(0.010714767008986915,0.01930396449221776,0.));
#8439=CARTESIAN_POINT('',(0.010720402717661571,0.019280665013655864,0.));
#8440=CARTESIAN_POINT('',(0.010720945059884862,0.019264504959567493,0.));
#8441=CARTESIAN_POINT('',(0.010721222673382678,0.01925623297013404,0.));
#8442=B_SPLINE_CURVE_WITH_KNOTS('',3,(#8423,#8424,#8425,#8426,#8427,#8428,#8429,#8430,#8431,#8432,#8433,#8434,#8435,#8436,#8437,#8438,#8439,#8440,#8441),.UNSPECIFIED.,.F.,.F.,(4,1,1,1,1,1,1,1,1,1,1,1,1,1,1,1,4),(0.,0.09929233049822785,0.19236961509084133,0.27936510963280975,0.35999382109809286,0.43487357137209276,0.5042443113760178,0.5679124427876102,0.626585839406916,0.6808619306036253,0.7313451491954653,0.778524306276882,0.8232669504068509,0.8665765119292149,0.9097406877460033,0.9537981696625025,0.9999999999999999),.UNSPECIFIED.);
#8443=CARTESIAN_POINT('',(0.010721222673382678,0.01925623297013404,0.));
#8444=VERTEX_POINT('',#8443);
#8445=TRIMMED_CURVE('',#8442,(PARAMETER_VALUE(0.)),(PARAMETER_VALUE(0.9999999999999999)),.T.,.PARAMETER.);
#8446=EDGE_CURVE('',#8444,#8417,#8445,.T.);
#8447=ORIENTED_EDGE('',*,*,#8446,.F.);
#8448=CARTESIAN_POINT('',(0.010721222673382678,0.01925623297013404,0.));
#8449=CARTESIAN_POINT('',(0.010720929484726763,0.019247544954892212,0.));
#8450=CARTESIAN_POINT('',(0.010720354040746614,0.019230492910177987,0.));
#8451=CARTESIAN_POINT('',(0.010714907148017946,0.01920584767968099,0.));
#8452=CARTESIAN_POINT('',(0.010706155535301232,0.019182817321765862,0.));
#8453=CARTESIAN_POINT('',(0.010693834341974916,0.01916148196366565,0.));
#8454=CARTESIAN_POINT('',(0.010677603574540487,0.019142132859856206,0.));
#8455=CARTESIAN_POINT('',(0.010658218785979421,0.019124230108482826,0.));
#8456=CARTESIAN_POINT('',(0.010635236978878434,0.019108188934985424,0.));
#8457=CARTESIAN_POINT('',(0.01060874113818239,0.019094134861967753,0.));
#8458=CARTESIAN_POINT('',(0.010578967209678701,0.019081374222247573,0.));
#8459=CARTESIAN_POINT('',(0.010545592026250723,0.019070505040265702,0.));
#8460=CARTESIAN_POINT('',(0.010508682285242252,0.01906160728563578,0.));
#8461=CARTESIAN_POINT('',(0.010468445699915986,0.019053961513918524,0.));
#8462=CARTESIAN_POINT('',(0.010424723586121456,0.01904816441432257,0.));
#8463=CARTESIAN_POINT('',(0.010377509213092372,0.019044000833468726,0.));
#8464=CARTESIAN_POINT('',(0.010326780126279392,0.01904145356763523,0.));
#8465=CARTESIAN_POINT('',(0.010291764573853033,0.019041160841215415,0.));
#8466=CARTESIAN_POINT('',(0.0102736677972894,0.019041009554023113,0.));
#8467=B_SPLINE_CURVE_WITH_KNOTS('',3,(#8448,#8449,#8450,#8451,#8452,#8453,#8454,#8455,#8456,#8457,#8458,#8459,#8460,#8461,#8462,#8463,#8464,#8465,#8466),.UNSPECIFIED.,.F.,.F.,(4,1,1,1,1,1,1,1,1,1,1,1,1,1,1,1,4),(0.,0.04725749774986845,0.09275271074959052,0.1366847452972178,0.18100652460211658,0.2262181443105269,0.2736990683396668,0.32433073153290093,0.37836798138290356,0.4367653053027078,0.5005384505931377,0.5692564522506932,0.6433979796875183,0.7234839589677916,0.8093247031441988,0.9014549820208838,1.),.UNSPECIFIED.);
#8468=CARTESIAN_POINT('',(0.0102736677972894,0.019041009554023113,0.));
#8469=VERTEX_POINT('',#8468);
#8470=TRIMMED_CURVE('',#8467,(PARAMETER_VALUE(0.)),(PARAMETER_VALUE(1.)),.T.,.PARAMETER.);
#8471=EDGE_CURVE('',#8469,#8444,#8470,.T.);
#8472=ORIENTED_EDGE('',*,*,#8471,.F.);
#8473=CARTESIAN_POINT('',(0.0102736677972894,0.019041009554023113,0.));
#8474=CARTESIAN_POINT('',(0.010256837633760804,0.019041155618557223,0.));
#8475=CARTESIAN_POINT('',(0.010224213186516184,0.019041438757498756,0.));
#8476=CARTESIAN_POINT('',(0.010176873676170593,0.019044070220240773,0.));
#8477=CARTESIAN_POINT('',(0.010132750032822725,0.019047952172493093,0.));
#8478=CARTESIAN_POINT('',(0.010091812644813725,0.019053495753315084,0.));
#8479=CARTESIAN_POINT('',(0.01005430122156058,0.01906124320704029,0.));
#8480=CARTESIAN_POINT('',(0.010019867601607734,0.019069813649998976,0.));
#8481=CARTESIAN_POINT('',(0.00998882499350088,0.01908070000110609,0.));
#8482=CARTESIAN_POINT('',(0.00996094254483384,0.01909304707876611,0.));
#8483=CARTESIAN_POINT('',(0.009936170920975014,0.019106927214399865,0.));
#8484=CARTESIAN_POINT('',(0.009914820007856758,0.01912268300371687,0.));
#8485=CARTESIAN_POINT('',(0.009896609494500932,0.019140022945873407,0.));
#8486=CARTESIAN_POINT('',(0.009881922722547402,0.01915926317532742,0.));
#8487=CARTESIAN_POINT('',(0.00987025103800391,0.019180053222421903,0.));
#8488=CARTESIAN_POINT('',(0.009862038325553803,0.019202581625413353,0.));
#8489=CARTESIAN_POINT('',(0.009857058845028152,0.019226798996672862,0.));
#8490=CARTESIAN_POINT('',(0.009856428100649208,0.019243465848608875,0.));
#8491=CARTESIAN_POINT('',(0.00985610480057566,0.019252008761770724,0.));
#8492=B_SPLINE_CURVE_WITH_KNOTS('',3,(#8473,#8474,#8475,#8476,#8477,#8478,#8479,#8480,#8481,#8482,#8483,#8484,#8485,#8486,#8487,#8488,#8489,#8490,#8491),.UNSPECIFIED.,.F.,.F.,(4,1,1,1,1,1,1,1,1,1,1,1,1,1,1,1,4),(0.,0.09692320320203013,0.1878808797235845,0.2729755888316734,0.35199523611325884,0.42563194456442877,0.49349135631793845,0.5561992760099685,0.6148257976181066,0.6689417598424584,0.7193844688601725,0.7672739993087923,0.8132579637726901,0.8582735080688026,0.9040711713262939,0.950829847398663,1.),.UNSPECIFIED.);
#8493=TRIMMED_CURVE('',#8492,(PARAMETER_VALUE(0.)),(PARAMETER_VALUE(1.)),.T.,.PARAMETER.);
#8494=EDGE_CURVE('',#8419,#8469,#8493,.T.);
#8495=ORIENTED_EDGE('',*,*,#8494,.F.);
#8496=EDGE_LOOP('',(#8422,#8447,#8472,#8495));
#8497=FACE_OUTER_BOUND('',#8496,.T.);
#8498=ADVANCED_FACE('',(#8497),#24,.T.);
#8499=CARTESIAN_POINT('',(0.01031612109134072,0.020067280975890618,0.));
#8500=DIRECTION('',(-1.,0.,0.));
#8501=VECTOR('',#8500,1.);
#8502=LINE('',#8499,#8501);
#8503=EDGE_CURVE('',#1144,#1146,#8502,.T.);
#8504=ORIENTED_EDGE('',*,*,#8503,.T.);
#8505=CARTESIAN_POINT('',(0.010573797801502966,0.02027109902942059,0.));
#8506=CARTESIAN_POINT('',(0.010565626358043962,0.02027092142811662,0.));
#8507=CARTESIAN_POINT('',(0.010549602054829348,0.020270573149729777,0.));
#8508=CARTESIAN_POINT('',(0.010526144167027622,0.020268299089961677,0.));
#8509=CARTESIAN_POINT('',(0.010503853345185237,0.020264220322855745,0.));
#8510=CARTESIAN_POINT('',(0.010482626752078443,0.02025878777063612,0.));
#8511=CARTESIAN_POINT('',(0.010462508259877323,0.020251653220988715,0.));
#8512=CARTESIAN_POINT('',(0.010443592698695093,0.020242607659905376,0.));
#8513=CARTESIAN_POINT('',(0.01042564159404152,0.02023235164734671,0.));
#8514=CARTESIAN_POINT('',(0.010408811960693211,0.020220474963409858,0.));
#8515=CARTESIAN_POINT('',(0.010393307081714181,0.02020681769367459,0.));
#8516=CARTESIAN_POINT('',(0.010378969889304254,0.020191548878502486,0.));
#8517=CARTESIAN_POINT('',(0.010365553195366905,0.02017478082243051,0.));
#8518=CARTESIAN_POINT('',(0.01035337878735895,0.0201563416828674,0.));
#8519=CARTESIAN_POINT('',(0.010342077557016733,0.020136438543206167,0.));
#8520=CARTESIAN_POINT('',(0.010332220822732507,0.020114851922291312,0.));
#8521=CARTESIAN_POINT('',(0.010323545100056475,0.020091657449726758,0.));
#8522=CARTESIAN_POINT('',(0.010318638535437455,0.02007554691583055,0.));
#8523=CARTESIAN_POINT('',(0.01031612109134072,0.020067280975890618,0.));
#8524=B_SPLINE_CURVE_WITH_KNOTS('',3,(#8505,#8506,#8507,#8508,#8509,#8510,#8511,#8512,#8513,#8514,#8515,#8516,#8517,#8518,#8519,#8520,#8521,#8522,#8523),.UNSPECIFIED.,.F.,.F.,(4,1,1,1,1,1,1,1,1,1,1,1,1,1,1,1,4),(0.,0.06855762196504084,0.13444235740631624,0.1974691632037517,0.25849925039709,0.31809769512390246,0.3762262492277097,0.43417747633978776,0.4913742676421226,0.5487172646352493,0.6072137719876413,0.6668970377470932,0.7286573356156866,0.7923969533144861,0.8587328960850976,0.9275191372320927,0.9999999999999999),.UNSPECIFIED.);
#8525=TRIMMED_CURVE('',#8524,(PARAMETER_VALUE(0.)),(PARAMETER_VALUE(0.9999999999999999)),.T.,.PARAMETER.);
#8526=EDGE_CURVE('',#1146,#1170,#8525,.T.);
#8527=ORIENTED_EDGE('',*,*,#8526,.T.);
#8528=CARTESIAN_POINT('',(0.010815844940720945,0.01998828827949662,0.));
#8529=CARTESIAN_POINT('',(0.01081566809550917,0.01999871810983314,0.));
#8530=CARTESIAN_POINT('',(0.01081532059814884,0.020019212521156404,0.));
#8531=CARTESIAN_POINT('',(0.010811837169269733,0.02004907989774463,0.));
#8532=CARTESIAN_POINT('',(0.01080642572675458,0.02007751862219256,0.));
#8533=CARTESIAN_POINT('',(0.010798535099717134,0.02010424798947088,0.));
#8534=CARTESIAN_POINT('',(0.010788994843630093,0.02012943640175319,0.));
#8535=CARTESIAN_POINT('',(0.010777143589896192,0.02015252814439304,0.));
#8536=CARTESIAN_POINT('',(0.010764175920124361,0.020174085480965206,0.));
#8537=CARTESIAN_POINT('',(0.010749050478965398,0.020193541838619464,0.));
#8538=CARTESIAN_POINT('',(0.010732372936930433,0.02021120017049803,0.));
#8539=CARTESIAN_POINT('',(0.010713890224735588,0.020226636559568665,0.));
#8540=CARTESIAN_POINT('',(0.010693892905020637,0.020240091105844044,0.));
#8541=CARTESIAN_POINT('',(0.010672337107852257,0.020251234563797932,0.));
#8542=CARTESIAN_POINT('',(0.010649427740631844,0.020260206592951052,0.));
#8543=CARTESIAN_POINT('',(0.010625250004477624,0.02026647328416817,0.));
#8544=CARTESIAN_POINT('',(0.010599906032067194,0.020270414793954788,0.));
#8545=CARTESIAN_POINT('',(0.010582613021655588,0.020270868003183385,0.));
#8546=CARTESIAN_POINT('',(0.010573797801502966,0.02027109902942059,0.));
#8547=B_SPLINE_CURVE_WITH_KNOTS('',3,(#8528,#8529,#8530,#8531,#8532,#8533,#8534,#8535,#8536,#8537,#8538,#8539,#8540,#8541,#8542,#8543,#8544,#8545,#8546),.UNSPECIFIED.,.F.,.F.,(4,1,1,1,1,1,1,1,1,1,1,1,1,1,1,1,4),(0.,0.07483943340739345,0.1470580135977952,0.2155463383670512,0.28239847362859016,0.3468759838322099,0.40857832397861127,0.4684721351271141,0.5272032670923265,0.5851132504548159,0.64250933457381,0.6996981193952642,0.757790850531327,0.8163543126825215,0.8759295772714977,0.9367543264736236,1.),.UNSPECIFIED.);
#8548=TRIMMED_CURVE('',#8547,(PARAMETER_VALUE(0.)),(PARAMETER_VALUE(1.)),.T.,.PARAMETER.);
#8549=EDGE_CURVE('',#1170,#1195,#8548,.T.);
#8550=ORIENTED_EDGE('',*,*,#8549,.T.);
#8551=CARTESIAN_POINT('',(0.010760719021579677,0.019756168029932433,0.));
#8552=CARTESIAN_POINT('',(0.010765144849176336,0.019764411473957157,0.));
#8553=CARTESIAN_POINT('',(0.01077406371707104,0.019781023550828256,0.));
#8554=CARTESIAN_POINT('',(0.010785120165693215,0.01980729492502182,0.));
#8555=CARTESIAN_POINT('',(0.010794684637594622,0.01983465184282803,0.));
#8556=CARTESIAN_POINT('',(0.010802536747511485,0.019863146415661753,0.));
#8557=CARTESIAN_POINT('',(0.010808293383476482,0.019892832780205878,0.));
#8558=CARTESIAN_POINT('',(0.010812871415066788,0.019923538471792297,0.));
#8559=CARTESIAN_POINT('',(0.010815359770572984,0.019955509013668802,0.));
#8560=CARTESIAN_POINT('',(0.01081568128084657,0.019977231023501005,0.));
#8561=CARTESIAN_POINT('',(0.010815844940720945,0.01998828827949662,0.));
#8562=B_SPLINE_CURVE_WITH_KNOTS('',3,(#8551,#8552,#8553,#8554,#8555,#8556,#8557,#8558,#8559,#8560,#8561),.UNSPECIFIED.,.F.,.F.,(4,1,1,1,1,1,1,1,4),(0.,0.1163071495389288,0.23438059420365465,0.3540053905828854,0.47656775558594405,0.6015764691938252,0.729860070480304,0.8624894115042243,1.),.UNSPECIFIED.);
#8563=TRIMMED_CURVE('',#8562,(PARAMETER_VALUE(0.)),(PARAMETER_VALUE(1.)),.T.,.PARAMETER.);
#8564=EDGE_CURVE('',#1195,#1212,#8563,.T.);
#8565=ORIENTED_EDGE('',*,*,#8564,.T.);
#8566=CARTESIAN_POINT('',(0.01065363533956963,0.019756168029932433,0.));
#8567=DIRECTION('',(1.,0.,0.));
#8568=VECTOR('',#8567,1.);
#8569=LINE('',#8566,#8568);
#8570=EDGE_CURVE('',#1212,#1221,#8569,.T.);
#8571=ORIENTED_EDGE('',*,*,#8570,.T.);
#8572=CARTESIAN_POINT('',(0.010721222673382678,0.019958085189698913,0.));
#8573=CARTESIAN_POINT('',(0.010721017897698186,0.019949205428037315,0.));
#8574=CARTESIAN_POINT('',(0.010720608674986127,0.01993146015638239,0.));
#8575=CARTESIAN_POINT('',(0.010717361358659947,0.01990510501583333,0.));
#8576=CARTESIAN_POINT('',(0.010712026933493431,0.019879126329983888,0.));
#8577=CARTESIAN_POINT('',(0.010704685197276896,0.019853601365340288,0.));
#8578=CARTESIAN_POINT('',(0.010695032242368929,0.019828504452226416,0.));
#8579=CARTESIAN_POINT('',(0.010683469563661233,0.019803823768136816,0.));
#8580=CARTESIAN_POINT('',(0.01066963387053452,0.01977956525635309,0.));
#8581=CARTESIAN_POINT('',(0.010659026426045874,0.01976405228325637,0.));
#8582=CARTESIAN_POINT('',(0.01065363533956963,0.019756168029932433,0.));
#8583=B_SPLINE_CURVE_WITH_KNOTS('',3,(#8572,#8573,#8574,#8575,#8576,#8577,#8578,#8579,#8580,#8581,#8582),.UNSPECIFIED.,.F.,.F.,(4,1,1,1,1,1,1,1,4),(0.,0.1230335798413802,0.24586969562550587,0.367377266805391,0.49027536625222684,0.6134945055477669,0.7396341611030872,0.8676726751240145,1.),.UNSPECIFIED.);
#8584=TRIMMED_CURVE('',#8583,(PARAMETER_VALUE(0.)),(PARAMETER_VALUE(1.)),.T.,.PARAMETER.);
#8585=EDGE_CURVE('',#1221,#1237,#8584,.T.);
#8586=ORIENTED_EDGE('',*,*,#8585,.T.);
#8587=CARTESIAN_POINT('',(0.010545918026305084,0.020149441828557105,0.));
#8588=CARTESIAN_POINT('',(0.010553032789616014,0.020149249237844665,0.));
#8589=CARTESIAN_POINT('',(0.010566801362081405,0.020148876534064577,0.));
#8590=CARTESIAN_POINT('',(0.010586757829361542,0.020146880099395217,0.));
#8591=CARTESIAN_POINT('',(0.010605279474180192,0.02014304311580386,0.));
#8592=CARTESIAN_POINT('',(0.010622421037693144,0.020137706599424873,0.));
#8593=CARTESIAN_POINT('',(0.010638425327017947,0.020131302722110642,0.));
#8594=CARTESIAN_POINT('',(0.010652862746444664,0.020122975088948215,0.));
#8595=CARTESIAN_POINT('',(0.010665878368787747,0.020113146136216585,0.));
#8596=CARTESIAN_POINT('',(0.010677645245867454,0.020101854772326375,0.));
#8597=CARTESIAN_POINT('',(0.010687941248283742,0.020088961368317126,0.));
#8598=CARTESIAN_POINT('',(0.010696870019288426,0.020074615817353304,0.));
#8599=CARTESIAN_POINT('',(0.010704591768381925,0.02005888195114333,0.));
#8600=CARTESIAN_POINT('',(0.01071052685071038,0.020041517391178126,0.));
#8601=CARTESIAN_POINT('',(0.010715533452472847,0.02002277171625988,0.));
#8602=CARTESIAN_POINT('',(0.010718704274661756,0.02000252358641805,0.));
#8603=CARTESIAN_POINT('',(0.010720965393256239,0.019980806262467742,0.));
#8604=CARTESIAN_POINT('',(0.01072113490556644,0.019965836192339843,0.));
#8605=CARTESIAN_POINT('',(0.010721222673382678,0.019958085189698913,0.));
#8606=B_SPLINE_CURVE_WITH_KNOTS('',3,(#8587,#8588,#8589,#8590,#8591,#8592,#8593,#8594,#8595,#8596,#8597,#8598,#8599,#8600,#8601,#8602,#8603,#8604,#8605),.UNSPECIFIED.,.F.,.F.,(4,1,1,1,1,1,1,1,1,1,1,1,1,1,1,1,4),(0.,0.07174098734874496,0.13883399065887875,0.20189003227532296,0.2620557718001693,0.3196549803445294,0.3752923508343896,0.4295174680407172,0.48372864861355946,0.5392617994801029,0.5953859611647119,0.653792857290973,0.7155248247991307,0.7800809068506036,0.8491567981547367,0.9218984249319212,0.9999999999999999),.UNSPECIFIED.);
#8607=TRIMMED_CURVE('',#8606,(PARAMETER_VALUE(0.)),(PARAMETER_VALUE(0.9999999999999999)),.T.,.PARAMETER.);
#8608=EDGE_CURVE('',#1237,#1262,#8607,.T.);
#8609=ORIENTED_EDGE('',*,*,#8608,.T.);
#8610=CARTESIAN_POINT('',(0.010356251070792218,0.01989873506219433,0.));
#8611=CARTESIAN_POINT('',(0.010356445585024975,0.019908875388799995,0.));
#8612=CARTESIAN_POINT('',(0.010356821538898836,0.019928474443406723,0.));
#8613=CARTESIAN_POINT('',(0.010358786888766692,0.019956926959831783,0.));
#8614=CARTESIAN_POINT('',(0.010362717956851373,0.019983340802473572,0.));
#8615=CARTESIAN_POINT('',(0.010367565820188255,0.02000798972536998,0.));
#8616=CARTESIAN_POINT('',(0.01037442077969619,0.020030534195058108,0.));
#8617=CARTESIAN_POINT('',(0.010382316937313322,0.020051309453498433,0.));
#8618=CARTESIAN_POINT('',(0.010392155948268693,0.020069890078221714,0.));
#8619=CARTESIAN_POINT('',(0.01040310419659891,0.020086837336169665,0.));
#8620=CARTESIAN_POINT('',(0.010415813721055087,0.020101692418099056,0.));
#8621=CARTESIAN_POINT('',(0.010430114090040202,0.020114411651906645,0.));
#8622=CARTESIAN_POINT('',(0.010445709509802711,0.020125390179182006,0.));
#8623=CARTESIAN_POINT('',(0.010462896112856257,0.02013427847699655,0.));
#8624=CARTESIAN_POINT('',(0.01048167356540197,0.020141010671441566,0.));
#8625=CARTESIAN_POINT('',(0.010501791984812756,0.020145809447156257,0.));
#8626=CARTESIAN_POINT('',(0.01052336787283194,0.020148850111287968,0.));
#8627=CARTESIAN_POINT('',(0.01053823348398468,0.02014924018574337,0.));
#8628=CARTESIAN_POINT('',(0.010545918026305084,0.020149441828557105,0.));
#8629=B_SPLINE_CURVE_WITH_KNOTS('',3,(#8610,#8611,#8612,#8613,#8614,#8615,#8616,#8617,#8618,#8619,#8620,#8621,#8622,#8623,#8624,#8625,#8626,#8627,#8628),.UNSPECIFIED.,.F.,.F.,(4,1,1,1,1,1,1,1,1,1,1,1,1,1,1,1,4),(0.,0.08484841563922188,0.16399360652522035,0.23837777061285054,0.30814854541945763,0.3739293557379914,0.4352898231742236,0.4937758629551441,0.5494821137802829,0.6037850384590588,0.656758844314955,0.7092094311398511,0.7629504479089084,0.8181027987074753,0.8756741437901044,0.935731717065077,1.),.UNSPECIFIED.);
#8630=TRIMMED_CURVE('',#8629,(PARAMETER_VALUE(0.)),(PARAMETER_VALUE(1.)),.T.,.PARAMETER.);
#8631=EDGE_CURVE('',#1262,#1287,#8630,.T.);
#8632=ORIENTED_EDGE('',*,*,#8631,.T.);
#8633=CARTESIAN_POINT('',(0.010356251070792218,0.0198186863137095,0.));
#8634=DIRECTION('',(0.,1.,0.));
#8635=VECTOR('',#8634,1.);
#8636=LINE('',#8633,#8635);
#8637=EDGE_CURVE('',#1287,#1296,#8636,.T.);
#8638=ORIENTED_EDGE('',*,*,#8637,.T.);
#8639=CARTESIAN_POINT('',(0.01026162880345395,0.0198186863137095,0.));
#8640=DIRECTION('',(1.,0.,0.));
#8641=VECTOR('',#8640,1.);
#8642=LINE('',#8639,#8641);
#8643=EDGE_CURVE('',#1296,#1304,#8642,.T.);
#8644=ORIENTED_EDGE('',*,*,#8643,.T.);
#8645=CARTESIAN_POINT('',(0.01026162880345395,0.01990380411223031,0.));
#8646=DIRECTION('',(0.,-1.,0.));
#8647=VECTOR('',#8646,1.);
#8648=LINE('',#8645,#8647);
#8649=EDGE_CURVE('',#1304,#1312,#8648,.T.);
#8650=ORIENTED_EDGE('',*,*,#8649,.T.);
#8651=CARTESIAN_POINT('',(0.010056965908251314,0.020189994228844935,0.));
#8652=CARTESIAN_POINT('',(0.010065214716907654,0.02018981624220841,0.));
#8653=CARTESIAN_POINT('',(0.010081293279374822,0.02018946931098803,0.));
#8654=CARTESIAN_POINT('',(0.010104610631516228,0.020186061479899032,0.));
#8655=CARTESIAN_POINT('',(0.010126342457419085,0.020180321843864403,0.));
#8656=CARTESIAN_POINT('',(0.010146487718345793,0.02017251094639109,0.));
#8657=CARTESIAN_POINT('',(0.010165193142013374,0.02016261177150949,0.));
#8658=CARTESIAN_POINT('',(0.010181821449639,0.020149886824631414,0.));
#8659=CARTESIAN_POINT('',(0.010197358444344874,0.020135438587956262,0.));
#8660=CARTESIAN_POINT('',(0.01021100038266414,0.020118433591729882,0.));
#8661=CARTESIAN_POINT('',(0.010223085866338364,0.020099293213651566,0.));
#8662=CARTESIAN_POINT('',(0.01023349151845354,0.020077976987087735,0.));
#8663=CARTESIAN_POINT('',(0.010242067127607368,0.02005436244940493,0.));
#8664=CARTESIAN_POINT('',(0.01024920993717217,0.020028506654963318,0.));
#8665=CARTESIAN_POINT('',(0.01025486396594798,0.020000490481919018,0.));
#8666=CARTESIAN_POINT('',(0.010258862937549502,0.01997022187900073,0.));
#8667=CARTESIAN_POINT('',(0.010261117221743951,0.01993777326185943,0.));
#8668=CARTESIAN_POINT('',(0.010261454863333595,0.019915353778411256,0.));
#8669=CARTESIAN_POINT('',(0.01026162880345395,0.01990380411223031,0.));
#8670=B_SPLINE_CURVE_WITH_KNOTS('',3,(#8651,#8652,#8653,#8654,#8655,#8656,#8657,#8658,#8659,#8660,#8661,#8662,#8663,#8664,#8665,#8666,#8667,#8668,#8669),.UNSPECIFIED.,.F.,.F.,(4,1,1,1,1,1,1,1,1,1,1,1,1,1,1,1,4),(0.,0.061777712938882345,0.12041700298178247,0.17607862506070104,0.22986114043081246,0.2820256069468093,0.33404048230450967,0.38628491074958626,0.44066178296356695,0.49686077829594094,0.555606752130042,0.6180297742280024,0.6848413839818364,0.756434454340438,0.8320117480716609,0.9134588342956875,1.),.UNSPECIFIED.);
#8671=TRIMMED_CURVE('',#8670,(PARAMETER_VALUE(0.)),(PARAMETER_VALUE(1.)),.T.,.PARAMETER.);
#8672=EDGE_CURVE('',#1312,#1336,#8671,.T.);
#8673=ORIENTED_EDGE('',*,*,#8672,.T.);
#8674=CARTESIAN_POINT('',(0.00985610480057566,0.019954072191753762,0.));
#8675=CARTESIAN_POINT('',(0.00985626600481939,0.019962807560639877,0.));
#8676=CARTESIAN_POINT('',(0.009856581324138476,0.019979894149090672,0.));
#8677=CARTESIAN_POINT('',(0.009859068884368397,0.020004845078085337,0.));
#8678=CARTESIAN_POINT('',(0.009863569949455503,0.020028489276597384,0.));
#8679=CARTESIAN_POINT('',(0.009869667886283804,0.020050798613124428,0.));
#8680=CARTESIAN_POINT('',(0.009877213651882752,0.02007185033626291,0.));
#8681=CARTESIAN_POINT('',(0.009886507637137904,0.020091297914779767,0.));
#8682=CARTESIAN_POINT('',(0.009897363444310013,0.020109176412395804,0.));
#8683=CARTESIAN_POINT('',(0.009909598203403194,0.02012552211283108,0.));
#8684=CARTESIAN_POINT('',(0.00992341515284048,0.020140184795473453,0.));
#8685=CARTESIAN_POINT('',(0.009938629724925657,0.02015310660583104,0.));
#8686=CARTESIAN_POINT('',(0.009955309305169276,0.020164188856605734,0.));
#8687=CARTESIAN_POINT('',(0.00997328708799859,0.020173488960288283,0.));
#8688=CARTESIAN_POINT('',(0.009992540266485972,0.020180907976335857,0.));
#8689=CARTESIAN_POINT('',(0.010013015352915511,0.020186187990530426,0.));
#8690=CARTESIAN_POINT('',(0.01003461550473606,0.020189415218094763,0.));
#8691=CARTESIAN_POINT('',(0.010049421400759068,0.020189798780429882,0.));
#8692=CARTESIAN_POINT('',(0.010056965908251314,0.020189994228844935,0.));
#8693=B_SPLINE_CURVE_WITH_KNOTS('',3,(#8674,#8675,#8676,#8677,#8678,#8679,#8680,#8681,#8682,#8683,#8684,#8685,#8686,#8687,#8688,#8689,#8690,#8691,#8692),.UNSPECIFIED.,.F.,.F.,(4,1,1,1,1,1,1,1,1,1,1,1,1,1,1,1,4),(0.,0.0750512804399201,0.1468020822360383,0.21514129142149327,0.28162115382331165,0.34534667143984027,0.40703844394130323,0.4664856837113119,0.5248017938222554,0.5821465599490453,0.6392322875232906,0.695941759406255,0.7538422202381175,0.8128228606369444,0.8728337681802726,0.9352010450949175,1.),.UNSPECIFIED.);
#8694=TRIMMED_CURVE('',#8693,(PARAMETER_VALUE(0.)),(PARAMETER_VALUE(1.)),.T.,.PARAMETER.);
#8695=EDGE_CURVE('',#1336,#1361,#8694,.T.);
#8696=ORIENTED_EDGE('',*,*,#8695,.T.);
#8697=CARTESIAN_POINT('',(0.00993720960115132,0.0197168828921536,0.));
#8698=CARTESIAN_POINT('',(0.009930723889605779,0.01972558034055987,0.));
#8699=CARTESIAN_POINT('',(0.009917890623175168,0.01974278996696408,0.));
#8700=CARTESIAN_POINT('',(0.00990138258005412,0.019770236559129413,0.));
#8701=CARTESIAN_POINT('',(0.009887417731492288,0.01979857716824329,0.));
#8702=CARTESIAN_POINT('',(0.009875921143125122,0.019827885377089044,0.));
#8703=CARTESIAN_POINT('',(0.009867058796176187,0.01985814514710209,0.));
#8704=CARTESIAN_POINT('',(0.009860742063096535,0.019889302013399505,0.));
#8705=CARTESIAN_POINT('',(0.009856806099085154,0.019921374320219447,0.));
#8706=CARTESIAN_POINT('',(0.009856340603970547,0.01994307791612226,0.));
#8707=CARTESIAN_POINT('',(0.00985610480057566,0.019954072191753762,0.));
#8708=B_SPLINE_CURVE_WITH_KNOTS('',3,(#8697,#8698,#8699,#8700,#8701,#8702,#8703,#8704,#8705,#8706,#8707),.UNSPECIFIED.,.F.,.F.,(4,1,1,1,1,1,1,1,4),(0.,0.12733969580090376,0.2519668400192206,0.3754563161137303,0.49796781839930854,0.6211830239304431,0.745216466586342,0.8709356548444461,1.),.UNSPECIFIED.);
#8709=TRIMMED_CURVE('',#8708,(PARAMETER_VALUE(0.)),(PARAMETER_VALUE(1.)),.T.,.PARAMETER.);
#8710=EDGE_CURVE('',#1361,#1378,#8709,.T.);
#8711=ORIENTED_EDGE('',*,*,#8710,.T.);
#8712=CARTESIAN_POINT('',(0.009815341189869665,0.019716882892153596,0.));
#8713=DIRECTION('',(1.,0.,0.));
#8714=VECTOR('',#8713,1.);
#8715=LINE('',#8712,#8714);
#8716=EDGE_CURVE('',#1378,#1387,#8715,.T.);
#8717=ORIENTED_EDGE('',*,*,#8716,.T.);
#8718=CARTESIAN_POINT('',(0.009761482533237394,0.019950481614644945,0.));
#8719=CARTESIAN_POINT('',(0.009761638701572794,0.019938578952286706,0.));
#8720=CARTESIAN_POINT('',(0.009761944016566897,0.019915308797819466,0.));
#8721=CARTESIAN_POINT('',(0.00976449141332566,0.019881388814271192,0.));
#8722=CARTESIAN_POINT('',(0.009768698541136862,0.01984929959934827,0.));
#8723=CARTESIAN_POINT('',(0.00977453320642825,0.019819081304287813,0.));
#8724=CARTESIAN_POINT('',(0.009782185396193126,0.01979074013450149,0.));
#8725=CARTESIAN_POINT('',(0.009791163606394915,0.019764169881879543,0.));
#8726=CARTESIAN_POINT('',(0.00980209043353199,0.019739529677530707,0.));
#8727=CARTESIAN_POINT('',(0.009810977012925704,0.01972434167986948,0.));
#8728=CARTESIAN_POINT('',(0.009815341189869665,0.019716882892153596,0.));
#8729=B_SPLINE_CURVE_WITH_KNOTS('',3,(#8718,#8719,#8720,#8721,#8722,#8723,#8724,#8725,#8726,#8727,#8728),.UNSPECIFIED.,.F.,.F.,(4,1,1,1,1,1,1,1,4),(0.,0.14709164783188064,0.2875697270805326,0.42010547948608,0.5468955886483767,0.6676262618751485,0.7826469235366443,0.8932584470385364,1.),.UNSPECIFIED.);
#8730=TRIMMED_CURVE('',#8729,(PARAMETER_VALUE(0.)),(PARAMETER_VALUE(1.)),.T.,.PARAMETER.);
#8731=EDGE_CURVE('',#1387,#1403,#8730,.T.);
#8732=ORIENTED_EDGE('',*,*,#8731,.T.);
#8733=CARTESIAN_POINT('',(0.010069216112504928,0.02031165142970842,0.));
#8734=CARTESIAN_POINT('',(0.010057934331048271,0.020311319717554854,0.));
#8735=CARTESIAN_POINT('',(0.010035756741619594,0.02031066764181854,0.));
#8736=CARTESIAN_POINT('',(0.010003232390486004,0.02030573076391139,0.));
#8737=CARTESIAN_POINT('',(0.009972277725679083,0.020297506077142664,0.));
#8738=CARTESIAN_POINT('',(0.009942994775580062,0.02028599916983442,0.));
#8739=CARTESIAN_POINT('',(0.009915513038326483,0.020271732365838024,0.));
#8740=CARTESIAN_POINT('',(0.009890166163876812,0.020254383152371002,0.));
#8741=CARTESIAN_POINT('',(0.00986679037859755,0.02023448828516106,0.));
#8742=CARTESIAN_POINT('',(0.00984570542391448,0.020211751279431426,0.));
#8743=CARTESIAN_POINT('',(0.009826570279995277,0.02018666849813685,0.));
#8744=CARTESIAN_POINT('',(0.009809614970740609,0.020159198940620546,0.));
#8745=CARTESIAN_POINT('',(0.009795341050695192,0.020129147414566197,0.));
#8746=CARTESIAN_POINT('',(0.00978302193192194,0.02009706184897069,0.));
#8747=CARTESIAN_POINT('',(0.00977341330429362,0.020062907736472176,0.));
#8748=CARTESIAN_POINT('',(0.009766353235228448,0.020026972094631314,0.));
#8749=CARTESIAN_POINT('',(0.009762413570328997,0.019989291628943286,0.));
#8750=CARTESIAN_POINT('',(0.009761796887494326,0.01996358538174111,0.));
#8751=CARTESIAN_POINT('',(0.009761482533237394,0.019950481614644945,0.));
#8752=B_SPLINE_CURVE_WITH_KNOTS('',3,(#8733,#8734,#8735,#8736,#8737,#8738,#8739,#8740,#8741,#8742,#8743,#8744,#8745,#8746,#8747,#8748,#8749,#8750,#8751),.UNSPECIFIED.,.F.,.F.,(4,1,1,1,1,1,1,1,1,1,1,1,1,1,1,1,4),(0.,0.06351959410944681,0.12486604923588544,0.18478511962789165,0.24354240310581696,0.3017134704770976,0.358790501676118,0.4161614984949509,0.47423112939438933,0.5330739713937552,0.5935973970726433,0.6556661320906799,0.7201730220509777,0.7869456784864376,0.855220078111083,0.926198392098562,1.),.UNSPECIFIED.);
#8753=TRIMMED_CURVE('',#8752,(PARAMETER_VALUE(0.)),(PARAMETER_VALUE(1.)),.T.,.PARAMETER.);
#8754=EDGE_CURVE('',#1403,#1428,#8753,.T.);
#8755=ORIENTED_EDGE('',*,*,#8754,.T.);
#8756=CARTESIAN_POINT('',(0.010313164145486399,0.020067280975890618,0.));
#8757=CARTESIAN_POINT('',(0.010312003357604132,0.020075957046749787,0.));
#8758=CARTESIAN_POINT('',(0.010309716246507363,0.020093051589380243,0.));
#8759=CARTESIAN_POINT('',(0.010304489751088995,0.020118098316748437,0.));
#8760=CARTESIAN_POINT('',(0.010297233388549128,0.020142004481485697,0.));
#8761=CARTESIAN_POINT('',(0.010288434416580951,0.02016486320679003,0.));
#8762=CARTESIAN_POINT('',(0.01027777656771501,0.02018641042322943,0.));
#8763=CARTESIAN_POINT('',(0.010265933271892111,0.020206704720066252,0.));
#8764=CARTESIAN_POINT('',(0.010252145960254812,0.0202252177953634,0.));
#8765=CARTESIAN_POINT('',(0.010237245990549128,0.02024238995482439,0.));
#8766=CARTESIAN_POINT('',(0.010220751293460926,0.02025781418584361,0.));
#8767=CARTESIAN_POINT('',(0.010202843678540926,0.02027146262039014,0.));
#8768=CARTESIAN_POINT('',(0.010183559377256866,0.020283275182171604,0.));
#8769=CARTESIAN_POINT('',(0.010163014938881314,0.020293431041848237,0.));
#8770=CARTESIAN_POINT('',(0.01014125102024945,0.0203018675671981,0.));
#8771=CARTESIAN_POINT('',(0.010118137199402098,0.020307307095435604,0.));
#8772=CARTESIAN_POINT('',(0.010094059832087526,0.020311212445772657,0.));
#8773=CARTESIAN_POINT('',(0.01007761090852712,0.020311503095213443,0.));
#8774=CARTESIAN_POINT('',(0.010069216112504928,0.02031165142970842,0.));
#8775=B_SPLINE_CURVE_WITH_KNOTS('',3,(#8756,#8757,#8758,#8759,#8760,#8761,#8762,#8763,#8764,#8765,#8766,#8767,#8768,#8769,#8770,#8771,#8772,#8773,#8774),.UNSPECIFIED.,.F.,.F.,(4,1,1,1,1,1,1,1,1,1,1,1,1,1,1,1,4),(0.,0.06894276094684176,0.13583855931996966,0.20128407155155612,0.26555105796231565,0.32855162327822013,0.3904712615683041,0.4503709606807846,0.5101086885096446,0.5693578458312503,0.6279256106151888,0.687185149776252,0.7472079622136791,0.8082898807871176,0.870568620080213,0.9339440037332837,1.),.UNSPECIFIED.);
#8776=TRIMMED_CURVE('',#8775,(PARAMETER_VALUE(0.)),(PARAMETER_VALUE(1.)),.T.,.PARAMETER.);
#8777=EDGE_CURVE('',#1428,#1144,#8776,.T.);
#8778=ORIENTED_EDGE('',*,*,#8777,.T.);
#8779=EDGE_LOOP('',(#8504,#8527,#8550,#8565,#8571,#8586,#8609,#8632,#8638,#8644,#8650,#8673,#8696,#8711,#8717,#8732,#8755,#8778));
#8780=FACE_OUTER_BOUND('',#8779,.T.);
#8781=ADVANCED_FACE('',(#8780),#24,.T.);
#8782=CARTESIAN_POINT('',(0.00985610480057566,0.019252008761770724,0.));
#8783=CARTESIAN_POINT('',(0.009856440198712594,0.01926040760232151,0.));
#8784=CARTESIAN_POINT('',(0.00985709712732217,0.019276858017626488,0.));
#8785=CARTESIAN_POINT('',(0.009861940188163566,0.019300801043845104,0.));
#8786=CARTESIAN_POINT('',(0.009870561979745757,0.0193229565008162,0.));
#8787=CARTESIAN_POINT('',(0.00988225962582308,0.01934356509383043,0.));
#8788=CARTESIAN_POINT('',(0.009897581217967775,0.019362242997853808,0.));
#8789=CARTESIAN_POINT('',(0.009915882682005344,0.019379542207434736,0.));
#8790=CARTESIAN_POINT('',(0.009937758009351651,0.019394917169629117,0.));
#8791=CARTESIAN_POINT('',(0.00996274930189227,0.019408936787134935,0.));
#8792=CARTESIAN_POINT('',(0.009991336292204663,0.019420820060983418,0.));
#8793=CARTESIAN_POINT('',(0.010023060244485313,0.01943128478533951,0.));
#8794=CARTESIAN_POINT('',(0.010058012795892949,0.019440453498085025,0.));
#8795=CARTESIAN_POINT('',(0.010096383203975174,0.019447416304577247,0.));
#8796=CARTESIAN_POINT('',(0.010137966476711453,0.019453057356334638,0.));
#8797=CARTESIAN_POINT('',(0.010182840219359307,0.01945734778146662,0.));
#8798=CARTESIAN_POINT('',(0.010231051686631678,0.019459526202102676,0.));
#8799=CARTESIAN_POINT('',(0.010264302262439497,0.019459872232422383,0.));
#8800=CARTESIAN_POINT('',(0.010281482582761533,0.019460051023664014,0.));
#8801=B_SPLINE_CURVE_WITH_KNOTS('',3,(#8782,#8783,#8784,#8785,#8786,#8787,#8788,#8789,#8790,#8791,#8792,#8793,#8794,#8795,#8796,#8797,#8798,#8799,#8800),.UNSPECIFIED.,.F.,.F.,(4,1,1,1,1,1,1,1,1,1,1,1,1,1,1,1,4),(0.,0.047898880593517275,0.09381729223720978,0.13856698710957122,0.18300019569704798,0.2284099960635095,0.2758555220568709,0.32622935502494144,0.3805277912376245,0.439009272584267,0.5025086154273019,0.5709867024413212,0.6449485825115173,0.7248044027672064,0.8103227188539107,0.9019951874897486,1.),.UNSPECIFIED.);
#8802=TRIMMED_CURVE('',#8801,(PARAMETER_VALUE(0.)),(PARAMETER_VALUE(1.)),.T.,.PARAMETER.);
#8803=EDGE_CURVE('',#8417,#8419,#8802,.T.);
#8804=ORIENTED_EDGE('',*,*,#8803,.F.);
#8805=CARTESIAN_POINT('',(0.010281482582761535,0.019460051023664018,0.));
#8806=CARTESIAN_POINT('',(0.010299226477440804,0.019459877740079127,0.));
#8807=CARTESIAN_POINT('',(0.01033360361586163,0.01945954201932045,0.));
#8808=CARTESIAN_POINT('',(0.01038349086394059,0.019457282945461424,0.));
#8809=CARTESIAN_POINT('',(0.010429917155842058,0.019453273343806324,0.));
#8810=CARTESIAN_POINT('',(0.01047293409768347,0.019447902470330614,0.));
#8811=CARTESIAN_POINT('',(0.01051250935266419,0.019440787734613395,0.));
#8812=CARTESIAN_POINT('',(0.010548633198658884,0.019431983318123562,0.));
#8813=CARTESIAN_POINT('',(0.0105813298961767,0.019421663380741215,0.));
#8814=CARTESIAN_POINT('',(0.010610669972301189,0.01940993097840742,0.));
#8815=CARTESIAN_POINT('',(0.010636648559494354,0.01939644932106177,0.));
#8816=CARTESIAN_POINT('',(0.010659169725167658,0.019381189431335776,0.));
#8817=CARTESIAN_POINT('',(0.0106785236153256,0.019364524708358272,0.));
#8818=CARTESIAN_POINT('',(0.010694066687282136,0.019345904321185832,0.));
#8819=CARTESIAN_POINT('',(0.01070645831858973,0.019325855836430032,0.));
#8820=CARTESIAN_POINT('',(0.010714767008986915,0.01930396449221776,0.));
#8821=CARTESIAN_POINT('',(0.010720402717661571,0.019280665013655864,0.));
#8822=CARTESIAN_POINT('',(0.010720945059884862,0.019264504959567493,0.));
#8823=CARTESIAN_POINT('',(0.010721222673382678,0.01925623297013404,0.));
#8824=B_SPLINE_CURVE_WITH_KNOTS('',3,(#8805,#8806,#8807,#8808,#8809,#8810,#8811,#8812,#8813,#8814,#8815,#8816,#8817,#8818,#8819,#8820,#8821,#8822,#8823),.UNSPECIFIED.,.F.,.F.,(4,1,1,1,1,1,1,1,1,1,1,1,1,1,1,1,4),(0.,0.09929233049822785,0.19236961509084133,0.27936510963280975,0.35999382109809286,0.43487357137209276,0.5042443113760178,0.5679124427876102,0.626585839406916,0.6808619306036253,0.7313451491954653,0.778524306276882,0.8232669504068509,0.8665765119292149,0.9097406877460033,0.9537981696625025,0.9999999999999999),.UNSPECIFIED.);
#8825=TRIMMED_CURVE('',#8824,(PARAMETER_VALUE(0.)),(PARAMETER_VALUE(0.9999999999999999)),.T.,.PARAMETER.);
#8826=EDGE_CURVE('',#8444,#8417,#8825,.T.);
#8827=ORIENTED_EDGE('',*,*,#8826,.F.);
#8828=CARTESIAN_POINT('',(0.010721222673382678,0.01925623297013404,0.));
#8829=CARTESIAN_POINT('',(0.010720929484726763,0.019247544954892212,0.));
#8830=CARTESIAN_POINT('',(0.010720354040746614,0.019230492910177987,0.));
#8831=CARTESIAN_POINT('',(0.010714907148017946,0.01920584767968099,0.));
#8832=CARTESIAN_POINT('',(0.010706155535301232,0.019182817321765862,0.));
#8833=CARTESIAN_POINT('',(0.010693834341974916,0.01916148196366565,0.));
#8834=CARTESIAN_POINT('',(0.010677603574540487,0.019142132859856206,0.));
#8835=CARTESIAN_POINT('',(0.010658218785979421,0.019124230108482826,0.));
#8836=CARTESIAN_POINT('',(0.010635236978878434,0.019108188934985424,0.));
#8837=CARTESIAN_POINT('',(0.01060874113818239,0.019094134861967753,0.));
#8838=CARTESIAN_POINT('',(0.010578967209678701,0.019081374222247573,0.));
#8839=CARTESIAN_POINT('',(0.010545592026250723,0.019070505040265702,0.));
#8840=CARTESIAN_POINT('',(0.010508682285242252,0.01906160728563578,0.));
#8841=CARTESIAN_POINT('',(0.010468445699915986,0.019053961513918524,0.));
#8842=CARTESIAN_POINT('',(0.010424723586121456,0.01904816441432257,0.));
#8843=CARTESIAN_POINT('',(0.010377509213092372,0.019044000833468726,0.));
#8844=CARTESIAN_POINT('',(0.010326780126279392,0.01904145356763523,0.));
#8845=CARTESIAN_POINT('',(0.010291764573853033,0.019041160841215415,0.));
#8846=CARTESIAN_POINT('',(0.0102736677972894,0.019041009554023113,0.));
#8847=B_SPLINE_CURVE_WITH_KNOTS('',3,(#8828,#8829,#8830,#8831,#8832,#8833,#8834,#8835,#8836,#8837,#8838,#8839,#8840,#8841,#8842,#8843,#8844,#8845,#8846),.UNSPECIFIED.,.F.,.F.,(4,1,1,1,1,1,1,1,1,1,1,1,1,1,1,1,4),(0.,0.04725749774986845,0.09275271074959052,0.1366847452972178,0.18100652460211658,0.2262181443105269,0.2736990683396668,0.32433073153290093,0.37836798138290356,0.4367653053027078,0.5005384505931377,0.5692564522506932,0.6433979796875183,0.7234839589677916,0.8093247031441988,0.9014549820208838,1.),.UNSPECIFIED.);
#8848=TRIMMED_CURVE('',#8847,(PARAMETER_VALUE(0.)),(PARAMETER_VALUE(1.)),.T.,.PARAMETER.);
#8849=EDGE_CURVE('',#8469,#8444,#8848,.T.);
#8850=ORIENTED_EDGE('',*,*,#8849,.F.);
#8851=CARTESIAN_POINT('',(0.0102736677972894,0.019041009554023113,0.));
#8852=CARTESIAN_POINT('',(0.010256837633760804,0.019041155618557223,0.));
#8853=CARTESIAN_POINT('',(0.010224213186516184,0.019041438757498756,0.));
#8854=CARTESIAN_POINT('',(0.010176873676170593,0.019044070220240773,0.));
#8855=CARTESIAN_POINT('',(0.010132750032822725,0.019047952172493093,0.));
#8856=CARTESIAN_POINT('',(0.010091812644813725,0.019053495753315084,0.));
#8857=CARTESIAN_POINT('',(0.01005430122156058,0.01906124320704029,0.));
#8858=CARTESIAN_POINT('',(0.010019867601607734,0.019069813649998976,0.));
#8859=CARTESIAN_POINT('',(0.00998882499350088,0.01908070000110609,0.));
#8860=CARTESIAN_POINT('',(0.00996094254483384,0.01909304707876611,0.));
#8861=CARTESIAN_POINT('',(0.009936170920975014,0.019106927214399865,0.));
#8862=CARTESIAN_POINT('',(0.009914820007856758,0.01912268300371687,0.));
#8863=CARTESIAN_POINT('',(0.009896609494500932,0.019140022945873407,0.));
#8864=CARTESIAN_POINT('',(0.009881922722547402,0.01915926317532742,0.));
#8865=CARTESIAN_POINT('',(0.00987025103800391,0.019180053222421903,0.));
#8866=CARTESIAN_POINT('',(0.009862038325553803,0.019202581625413353,0.));
#8867=CARTESIAN_POINT('',(0.009857058845028152,0.019226798996672862,0.));
#8868=CARTESIAN_POINT('',(0.009856428100649208,0.019243465848608875,0.));
#8869=CARTESIAN_POINT('',(0.00985610480057566,0.019252008761770724,0.));
#8870=B_SPLINE_CURVE_WITH_KNOTS('',3,(#8851,#8852,#8853,#8854,#8855,#8856,#8857,#8858,#8859,#8860,#8861,#8862,#8863,#8864,#8865,#8866,#8867,#8868,#8869),.UNSPECIFIED.,.F.,.F.,(4,1,1,1,1,1,1,1,1,1,1,1,1,1,1,1,4),(0.,0.09692320320203013,0.1878808797235845,0.2729755888316734,0.35199523611325884,0.42563194456442877,0.49349135631793845,0.5561992760099685,0.6148257976181066,0.6689417598424584,0.7193844688601725,0.7672739993087923,0.8132579637726901,0.8582735080688026,0.9040711713262939,0.950829847398663,1.),.UNSPECIFIED.);
#8871=TRIMMED_CURVE('',#8870,(PARAMETER_VALUE(0.)),(PARAMETER_VALUE(1.)),.T.,.PARAMETER.);
#8872=EDGE_CURVE('',#8419,#8469,#8871,.T.);
#8873=ORIENTED_EDGE('',*,*,#8872,.F.);
#8874=EDGE_LOOP('',(#8804,#8827,#8850,#8873));
#8875=FACE_OUTER_BOUND('',#8874,.T.);
#8876=CARTESIAN_POINT('',(0.010815844940720945,0.019261935651424516,0.));
#8877=CARTESIAN_POINT('',(0.010815447259499731,0.019274845848464384,0.));
#8878=CARTESIAN_POINT('',(0.010814671090517878,0.01930004315212715,0.));
#8879=CARTESIAN_POINT('',(0.010808396565449014,0.019336565564856044,0.));
#8880=CARTESIAN_POINT('',(0.010798418473279763,0.019370678048012086,0.));
#8881=CARTESIAN_POINT('',(0.010783792747932463,0.019402099922371435,0.));
#8882=CARTESIAN_POINT('',(0.010765236236839943,0.019431059447505315,0.));
#8883=CARTESIAN_POINT('',(0.010742744851746014,0.019457745881696367,0.));
#8884=CARTESIAN_POINT('',(0.010715684593893469,0.019481414510998493,0.));
#8885=CARTESIAN_POINT('',(0.010684955763126796,0.019502898812117333,0.));
#8886=CARTESIAN_POINT('',(0.010649923552167827,0.01952136939902755,0.));
#8887=CARTESIAN_POINT('',(0.010611080080332345,0.019537696713228733,0.));
#8888=CARTESIAN_POINT('',(0.010568004813046584,0.01955133732113078,0.));
#8889=CARTESIAN_POINT('',(0.010520867172531576,0.019562303831393707,0.));
#8890=CARTESIAN_POINT('',(0.010469770342510397,0.019571307040371272,0.));
#8891=CARTESIAN_POINT('',(0.010414581515079612,0.019577110466196375,0.));
#8892=CARTESIAN_POINT('',(0.010355323296417352,0.019581071247431966,0.));
#8893=CARTESIAN_POINT('',(0.01031443860793608,0.01958149120194823,0.));
#8894=CARTESIAN_POINT('',(0.010293310366178816,0.0195817082245275,0.));
#8895=B_SPLINE_CURVE_WITH_KNOTS('',3,(#8876,#8877,#8878,#8879,#8880,#8881,#8882,#8883,#8884,#8885,#8886,#8887,#8888,#8889,#8890,#8891,#8892,#8893,#8894),.UNSPECIFIED.,.F.,.F.,(4,1,1,1,1,1,1,1,1,1,1,1,1,1,1,1,4),(0.,0.05600840772502456,0.10931365747226474,0.16036273758288647,0.2098597138057291,0.2591979424927096,0.30928387655575595,0.3608027936550088,0.41480516944806045,0.47168307957627376,0.5323569893762716,0.5974966026462478,0.667543911872201,0.7423037968749449,0.8225564895742005,0.908301383089863,1.),.UNSPECIFIED.);
#8896=TRIMMED_CURVE('',#8895,(PARAMETER_VALUE(0.)),(PARAMETER_VALUE(1.)),.T.,.PARAMETER.);
#8897=EDGE_CURVE('',#1110,#1058,#8896,.T.);
#8898=ORIENTED_EDGE('',*,*,#8897,.F.);
#8899=CARTESIAN_POINT('',(0.010293310366178818,0.019581708224527504,0.));
#8900=CARTESIAN_POINT('',(0.010272604925051835,0.019581417728842934,0.));
#8901=CARTESIAN_POINT('',(0.010232275829718583,0.01958085191485785,0.));
#8902=CARTESIAN_POINT('',(0.010173667962490201,0.019576675164722772,0.));
#8903=CARTESIAN_POINT('',(0.010118645754999425,0.019569544593924137,0.));
#8904=CARTESIAN_POINT('',(0.010067327320183117,0.01955951876994299,0.));
#8905=CARTESIAN_POINT('',(0.010019809585075859,0.019546592052421197,0.));
#8906=CARTESIAN_POINT('',(0.009975903731757422,0.01953161343598565,0.));
#8907=CARTESIAN_POINT('',(0.009936160690755966,0.019513294375141026,0.));
#8908=CARTESIAN_POINT('',(0.009899992616669245,0.019492935820788034,0.));
#8909=CARTESIAN_POINT('',(0.00986785225683722,0.0194698219961036,0.));
#8910=CARTESIAN_POINT('',(0.009839790422984678,0.01944420902348961,0.));
#8911=CARTESIAN_POINT('',(0.009815755632772519,0.019416032842258037,0.));
#8912=CARTESIAN_POINT('',(0.009796128449561285,0.019385286061925317,0.));
#8913=CARTESIAN_POINT('',(0.00978043401288439,0.019352268797408454,0.));
#8914=CARTESIAN_POINT('',(0.0097696113945074,0.019316894817016726,0.));
#8915=CARTESIAN_POINT('',(0.009762504450490489,0.01927946890264361,0.));
#8916=CARTESIAN_POINT('',(0.009761827733253797,0.0192537320281361,0.));
#8917=CARTESIAN_POINT('',(0.009761482533237394,0.019240603399189773,0.));
#8918=B_SPLINE_CURVE_WITH_KNOTS('',3,(#8899,#8900,#8901,#8902,#8903,#8904,#8905,#8906,#8907,#8908,#8909,#8910,#8911,#8912,#8913,#8914,#8915,#8916,#8917),.UNSPECIFIED.,.F.,.F.,(4,1,1,1,1,1,1,1,1,1,1,1,1,1,1,1,4),(0.,0.08761252995940348,0.1706476114877627,0.24847022097941102,0.3222629765944557,0.3917141549787829,0.4567257052156475,0.5183161138530104,0.5766265425532776,0.6321080041528256,0.6854551819102931,0.7370284564163255,0.7883481285107397,0.8393903386972642,0.8912142620642988,0.9445073414958353,1.),.UNSPECIFIED.);
#8919=TRIMMED_CURVE('',#8918,(PARAMETER_VALUE(0.)),(PARAMETER_VALUE(1.)),.T.,.PARAMETER.);
#8920=EDGE_CURVE('',#1085,#1110,#8919,.T.);
#8921=ORIENTED_EDGE('',*,*,#8920,.F.);
#8922=CARTESIAN_POINT('',(0.009761482533237394,0.019240603399189773,0.));
#8923=CARTESIAN_POINT('',(0.009761862107441021,0.019228112703044132,0.));
#8924=CARTESIAN_POINT('',(0.009762602857187433,0.019203736757803503,0.));
#8925=CARTESIAN_POINT('',(0.009769168984903443,0.01916824560310297,0.));
#8926=CARTESIAN_POINT('',(0.009779687325116615,0.01913483552291735,0.));
#8927=CARTESIAN_POINT('',(0.009794585925069198,0.019103579694056357,0.));
#8928=CARTESIAN_POINT('',(0.009813576200298433,0.019074674832941504,0.));
#8929=CARTESIAN_POINT('',(0.009836383614653707,0.01904801098669418,0.));
#8930=CARTESIAN_POINT('',(0.009863247270676122,0.019023885576004415,0.));
#8931=CARTESIAN_POINT('',(0.009893900449436159,0.01900209572261184,0.));
#8932=CARTESIAN_POINT('',(0.009928183519632594,0.018982609102467043,0.));
#8933=CARTESIAN_POINT('',(0.009966403622453667,0.01896608087862929,0.));
#8934=CARTESIAN_POINT('',(0.010007975782130843,0.0189514039319004,0.));
#8935=CARTESIAN_POINT('',(0.010053382911512736,0.018939768765138688,0.));
#8936=CARTESIAN_POINT('',(0.010102191206587693,0.01893046027062571,0.));
#8937=CARTESIAN_POINT('',(0.010154551100579591,0.01892410416998421,0.));
#8938=CARTESIAN_POINT('',(0.010210307962920322,0.018919963843181595,0.));
#8939=CARTESIAN_POINT('',(0.01024866664762846,0.018919559984279508,0.));
#8940=CARTESIAN_POINT('',(0.010268387536835255,0.018919352353159627,0.));
#8941=B_SPLINE_CURVE_WITH_KNOTS('',3,(#8922,#8923,#8924,#8925,#8926,#8927,#8928,#8929,#8930,#8931,#8932,#8933,#8934,#8935,#8936,#8937,#8938,#8939,#8940),.UNSPECIFIED.,.F.,.F.,(4,1,1,1,1,1,1,1,1,1,1,1,1,1,1,1,4),(0.,0.05560346552068954,0.10851172864331725,0.16019065677036698,0.21125682259744455,0.2622342983467065,0.3138417947423511,0.36713538924212824,0.42266449961136965,0.48109658322950266,0.5424634412610565,0.6079316349458072,0.6773114379131157,0.7510657410246947,0.8291434976952492,0.9121596014605431,1.),.UNSPECIFIED.);
#8942=TRIMMED_CURVE('',#8941,(PARAMETER_VALUE(0.)),(PARAMETER_VALUE(1.)),.T.,.PARAMETER.);
#8943=EDGE_CURVE('',#1060,#1085,#8942,.T.);
#8944=ORIENTED_EDGE('',*,*,#8943,.F.);
#8945=CARTESIAN_POINT('',(0.010268387536835255,0.018919352353159627,0.));
#8946=CARTESIAN_POINT('',(0.01029000861060452,0.0189196354830662,0.));
#8947=CARTESIAN_POINT('',(0.010332026451749958,0.018920185710476947,0.));
#8948=CARTESIAN_POINT('',(0.010393077207113821,0.01892444551484742,0.));
#8949=CARTESIAN_POINT('',(0.010450271883889908,0.018931317661345533,0.));
#8950=CARTESIAN_POINT('',(0.01050348714941823,0.018940913157618235,0.));
#8951=CARTESIAN_POINT('',(0.01055272659771014,0.01895327959411228,0.));
#8952=CARTESIAN_POINT('',(0.010597790356598271,0.01896855112527437,0.));
#8953=CARTESIAN_POINT('',(0.010639024791737279,0.018985886461309415,0.));
#8954=CARTESIAN_POINT('',(0.010676043727463993,0.019006185756478784,0.));
#8955=CARTESIAN_POINT('',(0.010708777736974495,0.019029290649809287,0.));
#8956=CARTESIAN_POINT('',(0.010737382657014299,0.019054888505620496,0.));
#8957=CARTESIAN_POINT('',(0.010761533493450645,0.019083362025532725,0.));
#8958=CARTESIAN_POINT('',(0.01078154674857128,0.019114326543011432,0.));
#8959=CARTESIAN_POINT('',(0.010797091669675428,0.019147884398517855,0.));
#8960=CARTESIAN_POINT('',(0.010807722286757603,0.019183913912727377,0.));
#8961=CARTESIAN_POINT('',(0.010814840473835323,0.01922208847163459,0.));
#8962=CARTESIAN_POINT('',(0.01081550512031405,0.01924845498317784,0.));
#8963=CARTESIAN_POINT('',(0.010815844940720945,0.019261935651424516,0.));
#8964=B_SPLINE_CURVE_WITH_KNOTS('',3,(#8945,#8946,#8947,#8948,#8949,#8950,#8951,#8952,#8953,#8954,#8955,#8956,#8957,#8958,#8959,#8960,#8961,#8962,#8963),.UNSPECIFIED.,.F.,.F.,(4,1,1,1,1,1,1,1,1,1,1,1,1,1,1,1,4),(0.,0.08926761439691079,0.1734803960797661,0.2525530411572923,0.32701951696035875,0.39660825267745753,0.4619688713790854,0.5233089957169025,0.5810783152598848,0.6359248744476097,0.6884094276150146,0.7391427587707798,0.7896205973074935,0.8402163231132901,0.8912543916232923,0.9444005526705761,1.),.UNSPECIFIED.);
#8965=TRIMMED_CURVE('',#8964,(PARAMETER_VALUE(0.)),(PARAMETER_VALUE(1.)),.T.,.PARAMETER.);
#8966=EDGE_CURVE('',#1058,#1060,#8965,.T.);
#8967=ORIENTED_EDGE('',*,*,#8966,.F.);
#8968=EDGE_LOOP('',(#8898,#8921,#8944,#8967));
#8969=FACE_BOUND('',#8968,.T.);
#8970=ADVANCED_FACE('',(#8875,#8969),#24,.T.);
#8971=CARTESIAN_POINT('',(0.00985610480057566,0.017683982617308004,0.));
#8972=CARTESIAN_POINT('',(0.009856440198712594,0.017692381457858793,0.));
#8973=CARTESIAN_POINT('',(0.00985709712732217,0.017708831873163775,0.));
#8974=CARTESIAN_POINT('',(0.009861940188163566,0.01773277489938238,0.));
#8975=CARTESIAN_POINT('',(0.009870561979745757,0.01775493035635348,0.));
#8976=CARTESIAN_POINT('',(0.00988225962582308,0.01777553894936771,0.));
#8977=CARTESIAN_POINT('',(0.009897581217967775,0.01779421685339109,0.));
#8978=CARTESIAN_POINT('',(0.009915882682005344,0.01781151606297202,0.));
#8979=CARTESIAN_POINT('',(0.009937758009351651,0.017826891025166394,0.));
#8980=CARTESIAN_POINT('',(0.00996274930189227,0.01784091064267222,0.));
#8981=CARTESIAN_POINT('',(0.009991336292204663,0.017852793916520695,0.));
#8982=CARTESIAN_POINT('',(0.010023060244485313,0.01786325864087679,0.));
#8983=CARTESIAN_POINT('',(0.010058012795892949,0.017872427353622305,0.));
#8984=CARTESIAN_POINT('',(0.010096383203975174,0.017879390160114524,0.));
#8985=CARTESIAN_POINT('',(0.010137966476711453,0.017885031211871915,0.));
#8986=CARTESIAN_POINT('',(0.010182840219359307,0.0178893216370039,0.));
#8987=CARTESIAN_POINT('',(0.010231051686631678,0.017891500057639956,0.));
#8988=CARTESIAN_POINT('',(0.010264302262439497,0.01789184608795966,0.));
#8989=CARTESIAN_POINT('',(0.010281482582761533,0.017892024879201295,0.));
#8990=B_SPLINE_CURVE_WITH_KNOTS('',3,(#8971,#8972,#8973,#8974,#8975,#8976,#8977,#8978,#8979,#8980,#8981,#8982,#8983,#8984,#8985,#8986,#8987,#8988,#8989),.UNSPECIFIED.,.F.,.F.,(4,1,1,1,1,1,1,1,1,1,1,1,1,1,1,1,4),(0.,0.047898880593517275,0.09381729223720978,0.13856698710957122,0.18300019569704798,0.2284099960635095,0.2758555220568709,0.32622935502494144,0.3805277912376245,0.439009272584267,0.5025086154273019,0.5709867024413212,0.6449485825115173,0.7248044027672064,0.8103227188539107,0.9019951874897486,1.),.UNSPECIFIED.);
#8991=CARTESIAN_POINT('',(0.010281482582761535,0.017892024879201298,0.));
#8992=VERTEX_POINT('',#8991);
#8993=CARTESIAN_POINT('',(0.00985610480057566,0.017683982617308004,0.));
#8994=VERTEX_POINT('',#8993);
#8995=TRIMMED_CURVE('',#8990,(PARAMETER_VALUE(0.)),(PARAMETER_VALUE(1.)),.T.,.PARAMETER.);
#8996=EDGE_CURVE('',#8992,#8994,#8995,.T.);
#8997=ORIENTED_EDGE('',*,*,#8996,.F.);
#8998=CARTESIAN_POINT('',(0.010281482582761535,0.017892024879201298,0.));
#8999=CARTESIAN_POINT('',(0.010299226477440804,0.01789185159561641,0.));
#9000=CARTESIAN_POINT('',(0.01033360361586163,0.017891515874857728,0.));
#9001=CARTESIAN_POINT('',(0.01038349086394059,0.017889256800998704,0.));
#9002=CARTESIAN_POINT('',(0.010429917155842058,0.017885247199343604,0.));
#9003=CARTESIAN_POINT('',(0.01047293409768347,0.017879876325867895,0.));
#9004=CARTESIAN_POINT('',(0.01051250935266419,0.017872761590150676,0.));
#9005=CARTESIAN_POINT('',(0.010548633198658884,0.017863957173660842,0.));
#9006=CARTESIAN_POINT('',(0.0105813298961767,0.017853637236278495,0.));
#9007=CARTESIAN_POINT('',(0.010610669972301189,0.017841904833944697,0.));
#9008=CARTESIAN_POINT('',(0.010636648559494354,0.01782842317659905,0.));
#9009=CARTESIAN_POINT('',(0.010659169725167658,0.017813163286873053,0.));
#9010=CARTESIAN_POINT('',(0.0106785236153256,0.017796498563895553,0.));
#9011=CARTESIAN_POINT('',(0.010694066687282136,0.01777787817672311,0.));
#9012=CARTESIAN_POINT('',(0.01070645831858973,0.017757829691967313,0.));
#9013=CARTESIAN_POINT('',(0.010714767008986915,0.017735938347755043,0.));
#9014=CARTESIAN_POINT('',(0.010720402717661571,0.017712638869193144,0.));
#9015=CARTESIAN_POINT('',(0.010720945059884862,0.017696478815104773,0.));
#9016=CARTESIAN_POINT('',(0.010721222673382678,0.01768820682567132,0.));
#9017=B_SPLINE_CURVE_WITH_KNOTS('',3,(#8998,#8999,#9000,#9001,#9002,#9003,#9004,#9005,#9006,#9007,#9008,#9009,#9010,#9011,#9012,#9013,#9014,#9015,#9016),.UNSPECIFIED.,.F.,.F.,(4,1,1,1,1,1,1,1,1,1,1,1,1,1,1,1,4),(0.,0.09929233049822785,0.19236961509084133,0.27936510963280975,0.35999382109809286,0.43487357137209276,0.5042443113760178,0.5679124427876102,0.626585839406916,0.6808619306036253,0.7313451491954653,0.778524306276882,0.8232669504068509,0.8665765119292149,0.9097406877460033,0.9537981696625025,0.9999999999999999),.UNSPECIFIED.);
#9018=CARTESIAN_POINT('',(0.010721222673382678,0.01768820682567132,0.));
#9019=VERTEX_POINT('',#9018);
#9020=TRIMMED_CURVE('',#9017,(PARAMETER_VALUE(0.)),(PARAMETER_VALUE(0.9999999999999999)),.T.,.PARAMETER.);
#9021=EDGE_CURVE('',#9019,#8992,#9020,.T.);
#9022=ORIENTED_EDGE('',*,*,#9021,.F.);
#9023=CARTESIAN_POINT('',(0.010721222673382678,0.01768820682567132,0.));
#9024=CARTESIAN_POINT('',(0.010720929484726763,0.01767951881042949,0.));
#9025=CARTESIAN_POINT('',(0.010720354040746614,0.017662466765715267,0.));
#9026=CARTESIAN_POINT('',(0.010714907148017946,0.01763782153521827,0.));
#9027=CARTESIAN_POINT('',(0.010706155535301232,0.017614791177303146,0.));
#9028=CARTESIAN_POINT('',(0.010693834341974916,0.01759345581920293,0.));
#9029=CARTESIAN_POINT('',(0.010677603574540487,0.017574106715393487,0.));
#9030=CARTESIAN_POINT('',(0.010658218785979421,0.017556203964020106,0.));
#9031=CARTESIAN_POINT('',(0.010635236978878434,0.017540162790522704,0.));
#9032=CARTESIAN_POINT('',(0.01060874113818239,0.01752610871750503,0.));
#9033=CARTESIAN_POINT('',(0.010578967209678701,0.01751334807778485,0.));
#9034=CARTESIAN_POINT('',(0.010545592026250723,0.017502478895802986,0.));
#9035=CARTESIAN_POINT('',(0.010508682285242252,0.017493581141173057,0.));
#9036=CARTESIAN_POINT('',(0.010468445699915986,0.017485935369455807,0.));
#9037=CARTESIAN_POINT('',(0.010424723586121456,0.01748013826985985,0.));
#9038=CARTESIAN_POINT('',(0.010377509213092372,0.017475974689006007,0.));
#9039=CARTESIAN_POINT('',(0.010326780126279392,0.017473427423172514,0.));
#9040=CARTESIAN_POINT('',(0.010291764573853033,0.017473134696752695,0.));
#9041=CARTESIAN_POINT('',(0.0102736677972894,0.017472983409560394,0.));
#9042=B_SPLINE_CURVE_WITH_KNOTS('',3,(#9023,#9024,#9025,#9026,#9027,#9028,#9029,#9030,#9031,#9032,#9033,#9034,#9035,#9036,#9037,#9038,#9039,#9040,#9041),.UNSPECIFIED.,.F.,.F.,(4,1,1,1,1,1,1,1,1,1,1,1,1,1,1,1,4),(0.,0.04725749774986845,0.09275271074959052,0.1366847452972178,0.18100652460211658,0.2262181443105269,0.2736990683396668,0.32433073153290093,0.37836798138290356,0.4367653053027078,0.5005384505931377,0.5692564522506932,0.6433979796875183,0.7234839589677916,0.8093247031441988,0.9014549820208838,1.),.UNSPECIFIED.);
#9043=CARTESIAN_POINT('',(0.0102736677972894,0.017472983409560394,0.));
#9044=VERTEX_POINT('',#9043);
#9045=TRIMMED_CURVE('',#9042,(PARAMETER_VALUE(0.)),(PARAMETER_VALUE(1.)),.T.,.PARAMETER.);
#9046=EDGE_CURVE('',#9044,#9019,#9045,.T.);
#9047=ORIENTED_EDGE('',*,*,#9046,.F.);
#9048=CARTESIAN_POINT('',(0.0102736677972894,0.017472983409560394,0.));
#9049=CARTESIAN_POINT('',(0.010256837633760804,0.017473129474094504,0.));
#9050=CARTESIAN_POINT('',(0.010224213186516184,0.01747341261303604,0.));
#9051=CARTESIAN_POINT('',(0.010176873676170593,0.01747604407577805,0.));
#9052=CARTESIAN_POINT('',(0.010132750032822725,0.017479926028030376,0.));
#9053=CARTESIAN_POINT('',(0.010091812644813725,0.01748546960885236,0.));
#9054=CARTESIAN_POINT('',(0.01005430122156058,0.01749321706257757,0.));
#9055=CARTESIAN_POINT('',(0.010019867601607734,0.017501787505536253,0.));
#9056=CARTESIAN_POINT('',(0.00998882499350088,0.01751267385664337,0.));
#9057=CARTESIAN_POINT('',(0.00996094254483384,0.017525020934303387,0.));
#9058=CARTESIAN_POINT('',(0.009936170920975014,0.017538901069937145,0.));
#9059=CARTESIAN_POINT('',(0.009914820007856758,0.017554656859254145,0.));
#9060=CARTESIAN_POINT('',(0.009896609494500932,0.017571996801410687,0.));
#9061=CARTESIAN_POINT('',(0.009881922722547402,0.017591237030864695,0.));
#9062=CARTESIAN_POINT('',(0.00987025103800391,0.017612027077959183,0.));
#9063=CARTESIAN_POINT('',(0.009862038325553803,0.017634555480950633,0.));
#9064=CARTESIAN_POINT('',(0.009857058845028152,0.01765877285221014,0.));
#9065=CARTESIAN_POINT('',(0.009856428100649208,0.017675439704146152,0.));
#9066=CARTESIAN_POINT('',(0.00985610480057566,0.017683982617308004,0.));
#9067=B_SPLINE_CURVE_WITH_KNOTS('',3,(#9048,#9049,#9050,#9051,#9052,#9053,#9054,#9055,#9056,#9057,#9058,#9059,#9060,#9061,#9062,#9063,#9064,#9065,#9066),.UNSPECIFIED.,.F.,.F.,(4,1,1,1,1,1,1,1,1,1,1,1,1,1,1,1,4),(0.,0.09692320320203013,0.1878808797235845,0.2729755888316734,0.35199523611325884,0.42563194456442877,0.49349135631793845,0.5561992760099685,0.6148257976181066,0.6689417598424584,0.7193844688601725,0.7672739993087923,0.8132579637726901,0.8582735080688026,0.9040711713262939,0.950829847398663,1.),.UNSPECIFIED.);
#9068=TRIMMED_CURVE('',#9067,(PARAMETER_VALUE(0.)),(PARAMETER_VALUE(1.)),.T.,.PARAMETER.);
#9069=EDGE_CURVE('',#8994,#9044,#9068,.T.);
#9070=ORIENTED_EDGE('',*,*,#9069,.F.);
#9071=EDGE_LOOP('',(#8997,#9022,#9047,#9070));
#9072=FACE_OUTER_BOUND('',#9071,.T.);
#9073=ADVANCED_FACE('',(#9072),#24,.T.);
#9074=CARTESIAN_POINT('',(0.00982569050035979,0.01814885674769088,0.));
#9075=CARTESIAN_POINT('',(0.009836328277392701,0.018148988697538063,0.));
#9076=CARTESIAN_POINT('',(0.009857008103570049,0.018149245207887504,0.));
#9077=CARTESIAN_POINT('',(0.00988705706326245,0.018152094182178554,0.));
#9078=CARTESIAN_POINT('',(0.009915157574005762,0.018156431545425802,0.));
#9079=CARTESIAN_POINT('',(0.009941542883657183,0.01816256651142901,0.));
#9080=CARTESIAN_POINT('',(0.009966632628351114,0.018170846018964213,0.));
#9081=CARTESIAN_POINT('',(0.009990691878831587,0.01818178379588843,0.));
#9082=CARTESIAN_POINT('',(0.010014282558705685,0.018194660762985582,0.));
#9083=CARTESIAN_POINT('',(0.010037250339855436,0.01821008495183054,0.));
#9084=CARTESIAN_POINT('',(0.010059911538934648,0.01822787916859426,0.));
#9085=CARTESIAN_POINT('',(0.010082236799854673,0.018248387915980165,0.));
#9086=CARTESIAN_POINT('',(0.01010500615205879,0.018270951814064355,0.));
#9087=CARTESIAN_POINT('',(0.010127564089241805,0.018296582108914043,0.));
#9088=CARTESIAN_POINT('',(0.01015087137383223,0.01832487318345807,0.));
#9089=CARTESIAN_POINT('',(0.010175396842746523,0.01835609206486675,0.));
#9090=CARTESIAN_POINT('',(0.010201502770722067,0.018390129745990684,0.));
#9091=CARTESIAN_POINT('',(0.01021914431721323,0.01841403717699423,0.));
#9092=CARTESIAN_POINT('',(0.010228257557383756,0.018426387237160707,0.));
#9093=B_SPLINE_CURVE_WITH_KNOTS('',3,(#9074,#9075,#9076,#9077,#9078,#9079,#9080,#9081,#9082,#9083,#9084,#9085,#9086,#9087,#9088,#9089,#9090,#9091,#9092),.UNSPECIFIED.,.F.,.F.,(4,1,1,1,1,1,1,1,1,1,1,1,1,1,1,1,4),(0.,0.06210179279661666,0.12072581295531153,0.17608296879907714,0.22803796587715655,0.2787416450302942,0.3300863192645707,0.3821583029740558,0.435522385065614,0.49144911303469263,0.5502444330735202,0.6124563584204226,0.6785556401048791,0.7495138791035729,0.8264998849395135,0.9103736047771234,1.),.UNSPECIFIED.);
#9094=TRIMMED_CURVE('',#9093,(PARAMETER_VALUE(0.)),(PARAMETER_VALUE(1.)),.T.,.PARAMETER.);
#9095=EDGE_CURVE('',#834,#836,#9094,.T.);
#9096=ORIENTED_EDGE('',*,*,#9095,.T.);
#9097=CARTESIAN_POINT('',(0.009775000000000002,0.018148856747690876,0.));
#9098=DIRECTION('',(1.,0.,0.));
#9099=VECTOR('',#9098,1.);
#9100=LINE('',#9097,#9099);
#9101=EDGE_CURVE('',#836,#845,#9100,.T.);
#9102=ORIENTED_EDGE('',*,*,#9101,.T.);
#9103=CARTESIAN_POINT('',(0.009775000000000002,0.018782910423024535,0.));
#9104=DIRECTION('',(0.,-1.,0.));
#9105=VECTOR('',#9104,1.);
#9106=LINE('',#9103,#9105);
#9107=EDGE_CURVE('',#845,#853,#9106,.T.);
#9108=ORIENTED_EDGE('',*,*,#9107,.T.);
#9109=CARTESIAN_POINT('',(0.00988313973410088,0.018782910423024535,0.));
#9110=DIRECTION('',(-1.,0.,0.));
#9111=VECTOR('',#9110,1.);
#9112=LINE('',#9109,#9111);
#9113=EDGE_CURVE('',#853,#861,#9112,.T.);
#9114=ORIENTED_EDGE('',*,*,#9113,.T.);
#9115=CARTESIAN_POINT('',(0.00988313973410088,0.018270513948554366,0.));
#9116=DIRECTION('',(0.,1.,0.));
#9117=VECTOR('',#9116,1.);
#9118=LINE('',#9115,#9117);
#9119=EDGE_CURVE('',#861,#869,#9118,.T.);
#9120=ORIENTED_EDGE('',*,*,#9119,.T.);
#9121=CARTESIAN_POINT('',(0.010174821321587818,0.018514673191954004,0.));
#9122=CARTESIAN_POINT('',(0.010166588124926683,0.018503124292891214,0.));
#9123=CARTESIAN_POINT('',(0.01015080104845167,0.018480979388522892,0.));
#9124=CARTESIAN_POINT('',(0.0101281418474051,0.01844932668187504,0.));
#9125=CARTESIAN_POINT('',(0.01010713125530407,0.018421026731821905,0.));
#9126=CARTESIAN_POINT('',(0.010088147972310408,0.018395579368845363,0.));
#9127=CARTESIAN_POINT('',(0.01007001947696218,0.018373193481841032,0.));
#9128=CARTESIAN_POINT('',(0.010052714471019608,0.0183533039051897,0.));
#9129=CARTESIAN_POINT('',(0.010036122179034154,0.018335707217954203,0.));
#9130=CARTESIAN_POINT('',(0.010019897561611063,0.018320549624442902,0.));
#9131=CARTESIAN_POINT('',(0.010004122454887151,0.018307443661478556,0.));
#9132=CARTESIAN_POINT('',(0.009988027193783968,0.01829693198315495,0.));
#9133=CARTESIAN_POINT('',(0.009972336528999407,0.018287823134987835,0.));
#9134=CARTESIAN_POINT('',(0.009956086175145906,0.01828122580126613,0.));
#9135=CARTESIAN_POINT('',(0.009939382749969985,0.01827629145780084,0.));
#9136=CARTESIAN_POINT('',(0.009921683278733093,0.01827300520791556,0.));
#9137=CARTESIAN_POINT('',(0.009902838874890655,0.01827078650395777,0.));
#9138=CARTESIAN_POINT('',(0.00988983495836091,0.018270606583028554,0.));
#9139=CARTESIAN_POINT('',(0.00988313973410088,0.018270513948554366,0.));
#9140=B_SPLINE_CURVE_WITH_KNOTS('',3,(#9121,#9122,#9123,#9124,#9125,#9126,#9127,#9128,#9129,#9130,#9131,#9132,#9133,#9134,#9135,#9136,#9137,#9138,#9139),.UNSPECIFIED.,.F.,.F.,(4,1,1,1,1,1,1,1,1,1,1,1,1,1,1,1,4),(0.,0.10687929048071575,0.20494002534631126,0.29332878704977966,0.37248465616867743,0.4441554510795237,0.5103337475008524,0.5711252881572205,0.626303065426242,0.6775919997301714,0.725413420161691,0.7710174919025499,0.81407229923282,0.8572152701530349,0.9020600507410851,0.9495744283805088,1.),.UNSPECIFIED.);
#9141=TRIMMED_CURVE('',#9140,(PARAMETER_VALUE(0.)),(PARAMETER_VALUE(1.)),.T.,.PARAMETER.);
#9142=EDGE_CURVE('',#869,#893,#9141,.T.);
#9143=ORIENTED_EDGE('',*,*,#9142,.T.);
#9144=CARTESIAN_POINT('',(0.010541271397105437,0.018743625285245702,0.));
#9145=CARTESIAN_POINT('',(0.010531407334355274,0.018743492688808462,0.));
#9146=CARTESIAN_POINT('',(0.010512131594711824,0.018743233577074622,0.));
#9147=CARTESIAN_POINT('',(0.01048391755559106,0.018740342543868155,0.));
#9148=CARTESIAN_POINT('',(0.010457148265951432,0.018736036723889883,0.));
#9149=CARTESIAN_POINT('',(0.010431748950585917,0.018729817191065666,0.));
#9150=CARTESIAN_POINT('',(0.010407429127172388,0.018721990826239116,0.));
#9151=CARTESIAN_POINT('',(0.010383984854508933,0.01871216523628834,0.));
#9152=CARTESIAN_POINT('',(0.01036107726504245,0.01870085459548698,0.));
#9153=CARTESIAN_POINT('',(0.010339063223180374,0.018687327378891908,0.));
#9154=CARTESIAN_POINT('',(0.010317417300774978,0.018672321901165967,0.));
#9155=CARTESIAN_POINT('',(0.010296283702103512,0.018655422500646685,0.));
#9156=CARTESIAN_POINT('',(0.010275752888095494,0.01863644174044047,0.));
#9157=CARTESIAN_POINT('',(0.010255521344914628,0.01861572443344457,0.));
#9158=CARTESIAN_POINT('',(0.010235323790026401,0.018593151383844476,0.));
#9159=CARTESIAN_POINT('',(0.01021518481612249,0.018568711173731125,0.));
#9160=CARTESIAN_POINT('',(0.0101948190308362,0.018542443977052545,0.));
#9161=CARTESIAN_POINT('',(0.010181594147527381,0.018524078603911007,0.));
#9162=CARTESIAN_POINT('',(0.010174821321587816,0.018514673191954,0.));
#9163=B_SPLINE_CURVE_WITH_KNOTS('',3,(#9144,#9145,#9146,#9147,#9148,#9149,#9150,#9151,#9152,#9153,#9154,#9155,#9156,#9157,#9158,#9159,#9160,#9161,#9162),.UNSPECIFIED.,.F.,.F.,(4,1,1,1,1,1,1,1,1,1,1,1,1,1,1,1,4),(0.,0.06536284065744508,0.12772800931829506,0.18780206407794403,0.2449631239001149,0.30089746249269633,0.35697180242986054,0.4133231691732024,0.47006931324001516,0.5280681987273931,0.5878332939645949,0.6492695827606697,0.7132925062353294,0.7797212638555788,0.84999136980256,0.9231764607645334,1.),.UNSPECIFIED.);
#9164=TRIMMED_CURVE('',#9163,(PARAMETER_VALUE(0.)),(PARAMETER_VALUE(1.)),.T.,.PARAMETER.);
#9165=EDGE_CURVE('',#893,#918,#9164,.T.);
#9166=ORIENTED_EDGE('',*,*,#9165,.T.);
#9167=CARTESIAN_POINT('',(0.010815844940720945,0.018448986751904446,0.));
#9168=CARTESIAN_POINT('',(0.01081569689922203,0.01845934984019824,0.));
#9169=CARTESIAN_POINT('',(0.010815405913038733,0.018479719233455337,0.));
#9170=CARTESIAN_POINT('',(0.010811488136642533,0.018509539414701254,0.));
#9171=CARTESIAN_POINT('',(0.010806250577564642,0.018538307272073604,0.));
#9172=CARTESIAN_POINT('',(0.010798110292969254,0.018565681004923444,0.));
#9173=CARTESIAN_POINT('',(0.010788058764264802,0.01859174485299316,0.));
#9174=CARTESIAN_POINT('',(0.010775754251047716,0.018616034814545122,0.));
#9175=CARTESIAN_POINT('',(0.010761639941005572,0.01863872125550951,0.));
#9176=CARTESIAN_POINT('',(0.01074492811441086,0.01865915876368361,0.));
#9177=CARTESIAN_POINT('',(0.0107266945863593,0.018678168605314016,0.));
#9178=CARTESIAN_POINT('',(0.010705882561334815,0.018694660827180524,0.));
#9179=CARTESIAN_POINT('',(0.010683319391270374,0.018709311966228763,0.));
#9180=CARTESIAN_POINT('',(0.010658581543508641,0.018721583844253067,0.));
#9181=CARTESIAN_POINT('',(0.010631969099428241,0.018731637936626872,0.));
#9182=CARTESIAN_POINT('',(0.010603287567456559,0.018738437154356073,0.));
#9183=CARTESIAN_POINT('',(0.010572875302432509,0.018742799399010183,0.));
#9184=CARTESIAN_POINT('',(0.010551988434431506,0.018743345223224205,0.));
#9185=CARTESIAN_POINT('',(0.010541271397105437,0.018743625285245702,0.));
#9186=B_SPLINE_CURVE_WITH_KNOTS('',3,(#9167,#9168,#9169,#9170,#9171,#9172,#9173,#9174,#9175,#9176,#9177,#9178,#9179,#9180,#9181,#9182,#9183,#9184,#9185),.UNSPECIFIED.,.F.,.F.,(4,1,1,1,1,1,1,1,1,1,1,1,1,1,1,1,4),(0.,0.06845372137377556,0.1345506986955658,0.19853464777810764,0.261568764415282,0.3230177496278537,0.3829607881609967,0.4413219564581345,0.4992510070140163,0.5571744487283106,0.6151034992841947,0.6743578382505943,0.7347167840321541,0.7973043275934768,0.861983546071309,0.9291838542621921,0.9999999999999999),.UNSPECIFIED.);
#9187=TRIMMED_CURVE('',#9186,(PARAMETER_VALUE(0.)),(PARAMETER_VALUE(0.9999999999999999)),.T.,.PARAMETER.);
#9188=EDGE_CURVE('',#918,#943,#9187,.T.);
#9189=ORIENTED_EDGE('',*,*,#9188,.T.);
#9190=CARTESIAN_POINT('',(0.010720800252546347,0.018188775516724213,0.));
#9191=CARTESIAN_POINT('',(0.01072823208737448,0.01819715028102396,0.));
#9192=CARTESIAN_POINT('',(0.01074291700939059,0.01821369838300539,0.));
#9193=CARTESIAN_POINT('',(0.010761733809123849,0.01824098893649901,0.));
#9194=CARTESIAN_POINT('',(0.01077829300247405,0.018269339763839303,0.));
#9195=CARTESIAN_POINT('',(0.010792031640817679,0.01829966266700914,0.));
#9196=CARTESIAN_POINT('',(0.010803060991039308,0.0183324259349746,0.));
#9197=CARTESIAN_POINT('',(0.010810329214087443,0.018368397050166706,0.));
#9198=CARTESIAN_POINT('',(0.010815168341496264,0.018407598699732533,0.));
#9199=CARTESIAN_POINT('',(0.01081561333846718,0.018434819478558018,0.));
#9200=CARTESIAN_POINT('',(0.010815844940720945,0.018448986751904446,0.));
#9201=B_SPLINE_CURVE_WITH_KNOTS('',3,(#9190,#9191,#9192,#9193,#9194,#9195,#9196,#9197,#9198,#9199,#9200),.UNSPECIFIED.,.F.,.F.,(4,1,1,1,1,1,1,1,4),(0.,0.11803603206374576,0.233233106767345,0.3490488123272199,0.4640709228416423,0.5838701693636449,0.7129500689291857,0.8506025538936073,1.),.UNSPECIFIED.);
#9202=TRIMMED_CURVE('',#9201,(PARAMETER_VALUE(0.)),(PARAMETER_VALUE(1.)),.T.,.PARAMETER.);
#9203=EDGE_CURVE('',#943,#960,#9202,.T.);
#9204=ORIENTED_EDGE('',*,*,#9203,.T.);
#9205=CARTESIAN_POINT('',(0.01059956547251919,0.01818877551672421,0.));
#9206=DIRECTION('',(1.,0.,0.));
#9207=VECTOR('',#9206,1.);
#9208=LINE('',#9205,#9207);
#9209=EDGE_CURVE('',#960,#969,#9208,.T.);
#9210=ORIENTED_EDGE('',*,*,#9209,.T.);
#9211=CARTESIAN_POINT('',(0.010721222673382678,0.018433568391378344,0.));
#9212=CARTESIAN_POINT('',(0.010720761158307321,0.018422270462386734,0.));
#9213=CARTESIAN_POINT('',(0.01071983573893404,0.018399616116028215,0.));
#9214=CARTESIAN_POINT('',(0.010712778732182791,0.01836620498582568,0.));
#9215=CARTESIAN_POINT('',(0.010701824854215279,0.018333754996874077,0.));
#9216=CARTESIAN_POINT('',(0.010687675418072558,0.01830215592006942,0.));
#9217=CARTESIAN_POINT('',(0.010669915305857373,0.018271664407028987,0.));
#9218=CARTESIAN_POINT('',(0.010649355222609019,0.0182421597833533,0.));
#9219=CARTESIAN_POINT('',(0.010625733268149697,0.018214356219429725,0.));
#9220=CARTESIAN_POINT('',(0.010608290252130672,0.01819730454976023,0.));
#9221=CARTESIAN_POINT('',(0.01059956547251919,0.01818877551672421,0.));
#9222=B_SPLINE_CURVE_WITH_KNOTS('',3,(#9211,#9212,#9213,#9214,#9215,#9216,#9217,#9218,#9219,#9220,#9221),.UNSPECIFIED.,.F.,.F.,(4,1,1,1,1,1,1,1,4),(0.,0.12061307993718844,0.24185056308043962,0.3631393518337253,0.4860033856571386,0.6110009717789585,0.7395212487425126,0.8697117691276984,1.),.UNSPECIFIED.);
#9223=TRIMMED_CURVE('',#9222,(PARAMETER_VALUE(0.)),(PARAMETER_VALUE(1.)),.T.,.PARAMETER.);
#9224=EDGE_CURVE('',#969,#985,#9223,.T.);
#9225=ORIENTED_EDGE('',*,*,#9224,.T.);
#9226=CARTESIAN_POINT('',(0.010531344507451645,0.018621968084382216,0.));
#9227=CARTESIAN_POINT('',(0.010539098375770732,0.018621837083980016,0.));
#9228=CARTESIAN_POINT('',(0.01055409556797407,0.018621583708744636,0.));
#9229=CARTESIAN_POINT('',(0.01057587489116081,0.018618740845497566,0.));
#9230=CARTESIAN_POINT('',(0.010596160902787137,0.01861423502749757,0.));
#9231=CARTESIAN_POINT('',(0.010614855535166605,0.01860757107452751,0.));
#9232=CARTESIAN_POINT('',(0.010632013469352731,0.018599524351364645,0.));
#9233=CARTESIAN_POINT('',(0.010647724242291882,0.01859028515974743,0.));
#9234=CARTESIAN_POINT('',(0.010661862941954063,0.018579546572979562,0.));
#9235=CARTESIAN_POINT('',(0.010674496885848674,0.018567593180458804,0.));
#9236=CARTESIAN_POINT('',(0.010685584163609272,0.018554267703997783,0.));
#9237=CARTESIAN_POINT('',(0.010695342914567117,0.01853997767868373,0.));
#9238=CARTESIAN_POINT('',(0.010703420404124241,0.018524350495804053,0.));
#9239=CARTESIAN_POINT('',(0.010709893425965358,0.018507686807054335,0.));
#9240=CARTESIAN_POINT('',(0.010714975639647515,0.018490150319954445,0.));
#9241=CARTESIAN_POINT('',(0.010718456936720872,0.018471899613718482,0.));
#9242=CARTESIAN_POINT('',(0.0107209987166171,0.018453000245398844,0.));
#9243=CARTESIAN_POINT('',(0.010721147108547218,0.018440124857078202,0.));
#9244=CARTESIAN_POINT('',(0.010721222673382678,0.018433568391378344,0.));
#9245=B_SPLINE_CURVE_WITH_KNOTS('',3,(#9226,#9227,#9228,#9229,#9230,#9231,#9232,#9233,#9234,#9235,#9236,#9237,#9238,#9239,#9240,#9241,#9242,#9243,#9244),.UNSPECIFIED.,.F.,.F.,(4,1,1,1,1,1,1,1,1,1,1,1,1,1,1,1,4),(0.,0.07682455400343034,0.14859068466358683,0.21733017099849689,0.2824487332283102,0.3448942240460176,0.4049822754746332,0.46277269135481114,0.5205335975922462,0.5770110048034718,0.6343104429683478,0.691749982958298,0.7509806977730163,0.8112831983345559,0.8724678301927133,0.935057469635359,1.),.UNSPECIFIED.);
#9246=TRIMMED_CURVE('',#9245,(PARAMETER_VALUE(0.)),(PARAMETER_VALUE(1.)),.T.,.PARAMETER.);
#9247=EDGE_CURVE('',#985,#1010,#9246,.T.);
#9248=ORIENTED_EDGE('',*,*,#9247,.T.);
#9249=CARTESIAN_POINT('',(0.010228257557383756,0.018426387237160707,0.));
#9250=CARTESIAN_POINT('',(0.01023471225692731,0.01843539935776535,0.));
#9251=CARTESIAN_POINT('',(0.01024720592367931,0.01845284314903766,0.));
#9252=CARTESIAN_POINT('',(0.0102668583974663,0.01847701086504053,0.));
#9253=CARTESIAN_POINT('',(0.010285484508959728,0.01849941380268903,0.));
#9254=CARTESIAN_POINT('',(0.010304257405992489,0.01851920486908713,0.));
#9255=CARTESIAN_POINT('',(0.010322387197874934,0.018537454411881617,0.));
#9256=CARTESIAN_POINT('',(0.010340792125826895,0.01855337554190959,0.));
#9257=CARTESIAN_POINT('',(0.010358971208822272,0.018567771490145945,0.));
#9258=CARTESIAN_POINT('',(0.010377399437739873,0.01857989350363863,0.));
#9259=CARTESIAN_POINT('',(0.010395635306253684,0.018590675992918762,0.));
#9260=CARTESIAN_POINT('',(0.010414132851728482,0.018599484547495417,0.));
#9261=CARTESIAN_POINT('',(0.010432666567640747,0.018607077560869614,0.));
#9262=CARTESIAN_POINT('',(0.010458025379328637,0.018614181499277172,0.));
#9263=CARTESIAN_POINT('',(0.010490810343773221,0.01862087355539708,0.));
#9264=CARTESIAN_POINT('',(0.010517645240692288,0.01862159816816383,0.));
#9265=CARTESIAN_POINT('',(0.010531344507451645,0.018621968084382216,0.));
#9266=B_SPLINE_CURVE_WITH_KNOTS('',3,(#9249,#9250,#9251,#9252,#9253,#9254,#9255,#9256,#9257,#9258,#9259,#9260,#9261,#9262,#9263,#9264,#9265),.UNSPECIFIED.,.F.,.F.,(4,1,1,1,1,1,1,1,1,1,1,1,1,1,4),(0.,0.08817285447746033,0.17066669842346763,0.24776779287246353,0.31989415691013906,0.3876255978419866,0.4523340580398474,0.5134003246456887,0.5719698157363583,0.6276924474855015,0.6818067928859926,0.7348553759626444,0.7867921821815032,0.8911569967909622,1.),.UNSPECIFIED.);
#9267=TRIMMED_CURVE('',#9266,(PARAMETER_VALUE(0.)),(PARAMETER_VALUE(1.)),.T.,.PARAMETER.);
#9268=EDGE_CURVE('',#1010,#834,#9267,.T.);
#9269=ORIENTED_EDGE('',*,*,#9268,.T.);
#9270=EDGE_LOOP('',(#9096,#9102,#9108,#9114,#9120,#9143,#9166,#9189,#9204,#9210,#9225,#9248,#9269));
#9271=FACE_OUTER_BOUND('',#9270,.T.);
#9272=ADVANCED_FACE('',(#9271),#24,.T.);
#9273=CARTESIAN_POINT('',(0.00985610480057566,0.017683982617308004,0.));
#9274=CARTESIAN_POINT('',(0.009856440198712594,0.017692381457858793,0.));
#9275=CARTESIAN_POINT('',(0.00985709712732217,0.017708831873163775,0.));
#9276=CARTESIAN_POINT('',(0.009861940188163566,0.01773277489938238,0.));
#9277=CARTESIAN_POINT('',(0.009870561979745757,0.01775493035635348,0.));
#9278=CARTESIAN_POINT('',(0.00988225962582308,0.01777553894936771,0.));
#9279=CARTESIAN_POINT('',(0.009897581217967775,0.01779421685339109,0.));
#9280=CARTESIAN_POINT('',(0.009915882682005344,0.01781151606297202,0.));
#9281=CARTESIAN_POINT('',(0.009937758009351651,0.017826891025166394,0.));
#9282=CARTESIAN_POINT('',(0.00996274930189227,0.01784091064267222,0.));
#9283=CARTESIAN_POINT('',(0.009991336292204663,0.017852793916520695,0.));
#9284=CARTESIAN_POINT('',(0.010023060244485313,0.01786325864087679,0.));
#9285=CARTESIAN_POINT('',(0.010058012795892949,0.017872427353622305,0.));
#9286=CARTESIAN_POINT('',(0.010096383203975174,0.017879390160114524,0.));
#9287=CARTESIAN_POINT('',(0.010137966476711453,0.017885031211871915,0.));
#9288=CARTESIAN_POINT('',(0.010182840219359307,0.0178893216370039,0.));
#9289=CARTESIAN_POINT('',(0.010231051686631678,0.017891500057639956,0.));
#9290=CARTESIAN_POINT('',(0.010264302262439497,0.01789184608795966,0.));
#9291=CARTESIAN_POINT('',(0.010281482582761533,0.017892024879201295,0.));
#9292=B_SPLINE_CURVE_WITH_KNOTS('',3,(#9273,#9274,#9275,#9276,#9277,#9278,#9279,#9280,#9281,#9282,#9283,#9284,#9285,#9286,#9287,#9288,#9289,#9290,#9291),.UNSPECIFIED.,.F.,.F.,(4,1,1,1,1,1,1,1,1,1,1,1,1,1,1,1,4),(0.,0.047898880593517275,0.09381729223720978,0.13856698710957122,0.18300019569704798,0.2284099960635095,0.2758555220568709,0.32622935502494144,0.3805277912376245,0.439009272584267,0.5025086154273019,0.5709867024413212,0.6449485825115173,0.7248044027672064,0.8103227188539107,0.9019951874897486,1.),.UNSPECIFIED.);
#9293=TRIMMED_CURVE('',#9292,(PARAMETER_VALUE(0.)),(PARAMETER_VALUE(1.)),.T.,.PARAMETER.);
#9294=EDGE_CURVE('',#8992,#8994,#9293,.T.);
#9295=ORIENTED_EDGE('',*,*,#9294,.F.);
#9296=CARTESIAN_POINT('',(0.010281482582761535,0.017892024879201298,0.));
#9297=CARTESIAN_POINT('',(0.010299226477440804,0.01789185159561641,0.));
#9298=CARTESIAN_POINT('',(0.01033360361586163,0.017891515874857728,0.));
#9299=CARTESIAN_POINT('',(0.01038349086394059,0.017889256800998704,0.));
#9300=CARTESIAN_POINT('',(0.010429917155842058,0.017885247199343604,0.));
#9301=CARTESIAN_POINT('',(0.01047293409768347,0.017879876325867895,0.));
#9302=CARTESIAN_POINT('',(0.01051250935266419,0.017872761590150676,0.));
#9303=CARTESIAN_POINT('',(0.010548633198658884,0.017863957173660842,0.));
#9304=CARTESIAN_POINT('',(0.0105813298961767,0.017853637236278495,0.));
#9305=CARTESIAN_POINT('',(0.010610669972301189,0.017841904833944697,0.));
#9306=CARTESIAN_POINT('',(0.010636648559494354,0.01782842317659905,0.));
#9307=CARTESIAN_POINT('',(0.010659169725167658,0.017813163286873053,0.));
#9308=CARTESIAN_POINT('',(0.0106785236153256,0.017796498563895553,0.));
#9309=CARTESIAN_POINT('',(0.010694066687282136,0.01777787817672311,0.));
#9310=CARTESIAN_POINT('',(0.01070645831858973,0.017757829691967313,0.));
#9311=CARTESIAN_POINT('',(0.010714767008986915,0.017735938347755043,0.));
#9312=CARTESIAN_POINT('',(0.010720402717661571,0.017712638869193144,0.));
#9313=CARTESIAN_POINT('',(0.010720945059884862,0.017696478815104773,0.));
#9314=CARTESIAN_POINT('',(0.010721222673382678,0.01768820682567132,0.));
#9315=B_SPLINE_CURVE_WITH_KNOTS('',3,(#9296,#9297,#9298,#9299,#9300,#9301,#9302,#9303,#9304,#9305,#9306,#9307,#9308,#9309,#9310,#9311,#9312,#9313,#9314),.UNSPECIFIED.,.F.,.F.,(4,1,1,1,1,1,1,1,1,1,1,1,1,1,1,1,4),(0.,0.09929233049822785,0.19236961509084133,0.27936510963280975,0.35999382109809286,0.43487357137209276,0.5042443113760178,0.5679124427876102,0.626585839406916,0.6808619306036253,0.7313451491954653,0.778524306276882,0.8232669504068509,0.8665765119292149,0.9097406877460033,0.9537981696625025,0.9999999999999999),.UNSPECIFIED.);
#9316=TRIMMED_CURVE('',#9315,(PARAMETER_VALUE(0.)),(PARAMETER_VALUE(0.9999999999999999)),.T.,.PARAMETER.);
#9317=EDGE_CURVE('',#9019,#8992,#9316,.T.);
#9318=ORIENTED_EDGE('',*,*,#9317,.F.);
#9319=CARTESIAN_POINT('',(0.010721222673382678,0.01768820682567132,0.));
#9320=CARTESIAN_POINT('',(0.010720929484726763,0.01767951881042949,0.));
#9321=CARTESIAN_POINT('',(0.010720354040746614,0.017662466765715267,0.));
#9322=CARTESIAN_POINT('',(0.010714907148017946,0.01763782153521827,0.));
#9323=CARTESIAN_POINT('',(0.010706155535301232,0.017614791177303146,0.));
#9324=CARTESIAN_POINT('',(0.010693834341974916,0.01759345581920293,0.));
#9325=CARTESIAN_POINT('',(0.010677603574540487,0.017574106715393487,0.));
#9326=CARTESIAN_POINT('',(0.010658218785979421,0.017556203964020106,0.));
#9327=CARTESIAN_POINT('',(0.010635236978878434,0.017540162790522704,0.));
#9328=CARTESIAN_POINT('',(0.01060874113818239,0.01752610871750503,0.));
#9329=CARTESIAN_POINT('',(0.010578967209678701,0.01751334807778485,0.));
#9330=CARTESIAN_POINT('',(0.010545592026250723,0.017502478895802986,0.));
#9331=CARTESIAN_POINT('',(0.010508682285242252,0.017493581141173057,0.));
#9332=CARTESIAN_POINT('',(0.010468445699915986,0.017485935369455807,0.));
#9333=CARTESIAN_POINT('',(0.010424723586121456,0.01748013826985985,0.));
#9334=CARTESIAN_POINT('',(0.010377509213092372,0.017475974689006007,0.));
#9335=CARTESIAN_POINT('',(0.010326780126279392,0.017473427423172514,0.));
#9336=CARTESIAN_POINT('',(0.010291764573853033,0.017473134696752695,0.));
#9337=CARTESIAN_POINT('',(0.0102736677972894,0.017472983409560394,0.));
#9338=B_SPLINE_CURVE_WITH_KNOTS('',3,(#9319,#9320,#9321,#9322,#9323,#9324,#9325,#9326,#9327,#9328,#9329,#9330,#9331,#9332,#9333,#9334,#9335,#9336,#9337),.UNSPECIFIED.,.F.,.F.,(4,1,1,1,1,1,1,1,1,1,1,1,1,1,1,1,4),(0.,0.04725749774986845,0.09275271074959052,0.1366847452972178,0.18100652460211658,0.2262181443105269,0.2736990683396668,0.32433073153290093,0.37836798138290356,0.4367653053027078,0.5005384505931377,0.5692564522506932,0.6433979796875183,0.7234839589677916,0.8093247031441988,0.9014549820208838,1.),.UNSPECIFIED.);
#9339=TRIMMED_CURVE('',#9338,(PARAMETER_VALUE(0.)),(PARAMETER_VALUE(1.)),.T.,.PARAMETER.);
#9340=EDGE_CURVE('',#9044,#9019,#9339,.T.);
#9341=ORIENTED_EDGE('',*,*,#9340,.F.);
#9342=CARTESIAN_POINT('',(0.0102736677972894,0.017472983409560394,0.));
#9343=CARTESIAN_POINT('',(0.010256837633760804,0.017473129474094504,0.));
#9344=CARTESIAN_POINT('',(0.010224213186516184,0.01747341261303604,0.));
#9345=CARTESIAN_POINT('',(0.010176873676170593,0.01747604407577805,0.));
#9346=CARTESIAN_POINT('',(0.010132750032822725,0.017479926028030376,0.));
#9347=CARTESIAN_POINT('',(0.010091812644813725,0.01748546960885236,0.));
#9348=CARTESIAN_POINT('',(0.01005430122156058,0.01749321706257757,0.));
#9349=CARTESIAN_POINT('',(0.010019867601607734,0.017501787505536253,0.));
#9350=CARTESIAN_POINT('',(0.00998882499350088,0.01751267385664337,0.));
#9351=CARTESIAN_POINT('',(0.00996094254483384,0.017525020934303387,0.));
#9352=CARTESIAN_POINT('',(0.009936170920975014,0.017538901069937145,0.));
#9353=CARTESIAN_POINT('',(0.009914820007856758,0.017554656859254145,0.));
#9354=CARTESIAN_POINT('',(0.009896609494500932,0.017571996801410687,0.));
#9355=CARTESIAN_POINT('',(0.009881922722547402,0.017591237030864695,0.));
#9356=CARTESIAN_POINT('',(0.00987025103800391,0.017612027077959183,0.));
#9357=CARTESIAN_POINT('',(0.009862038325553803,0.017634555480950633,0.));
#9358=CARTESIAN_POINT('',(0.009857058845028152,0.01765877285221014,0.));
#9359=CARTESIAN_POINT('',(0.009856428100649208,0.017675439704146152,0.));
#9360=CARTESIAN_POINT('',(0.00985610480057566,0.017683982617308004,0.));
#9361=B_SPLINE_CURVE_WITH_KNOTS('',3,(#9342,#9343,#9344,#9345,#9346,#9347,#9348,#9349,#9350,#9351,#9352,#9353,#9354,#9355,#9356,#9357,#9358,#9359,#9360),.UNSPECIFIED.,.F.,.F.,(4,1,1,1,1,1,1,1,1,1,1,1,1,1,1,1,4),(0.,0.09692320320203013,0.1878808797235845,0.2729755888316734,0.35199523611325884,0.42563194456442877,0.49349135631793845,0.5561992760099685,0.6148257976181066,0.6689417598424584,0.7193844688601725,0.7672739993087923,0.8132579637726901,0.8582735080688026,0.9040711713262939,0.950829847398663,1.),.UNSPECIFIED.);
#9362=TRIMMED_CURVE('',#9361,(PARAMETER_VALUE(0.)),(PARAMETER_VALUE(1.)),.T.,.PARAMETER.);
#9363=EDGE_CURVE('',#8994,#9044,#9362,.T.);
#9364=ORIENTED_EDGE('',*,*,#9363,.F.);
#9365=EDGE_LOOP('',(#9295,#9318,#9341,#9364));
#9366=FACE_OUTER_BOUND('',#9365,.T.);
#9367=CARTESIAN_POINT('',(0.010815844940720945,0.017693909506961796,0.));
#9368=CARTESIAN_POINT('',(0.010815447259499731,0.017706819704001665,0.));
#9369=CARTESIAN_POINT('',(0.010814671090517878,0.017732017007664434,0.));
#9370=CARTESIAN_POINT('',(0.010808396565449014,0.017768539420393324,0.));
#9371=CARTESIAN_POINT('',(0.010798418473279763,0.01780265190354937,0.));
#9372=CARTESIAN_POINT('',(0.010783792747932463,0.017834073777908716,0.));
#9373=CARTESIAN_POINT('',(0.010765236236839943,0.01786303330304259,0.));
#9374=CARTESIAN_POINT('',(0.010742744851746014,0.01788971973723365,0.));
#9375=CARTESIAN_POINT('',(0.010715684593893469,0.01791338836653577,0.));
#9376=CARTESIAN_POINT('',(0.010684955763126796,0.017934872667654613,0.));
#9377=CARTESIAN_POINT('',(0.010649923552167827,0.017953343254564828,0.));
#9378=CARTESIAN_POINT('',(0.010611080080332345,0.017969670568766014,0.));
#9379=CARTESIAN_POINT('',(0.010568004813046584,0.01798331117666806,0.));
#9380=CARTESIAN_POINT('',(0.010520867172531576,0.017994277686930984,0.));
#9381=CARTESIAN_POINT('',(0.010469770342510397,0.018003280895908552,0.));
#9382=CARTESIAN_POINT('',(0.010414581515079612,0.018009084321733655,0.));
#9383=CARTESIAN_POINT('',(0.010355323296417352,0.018013045102969243,0.));
#9384=CARTESIAN_POINT('',(0.01031443860793608,0.01801346505748551,0.));
#9385=CARTESIAN_POINT('',(0.010293310366178816,0.01801368208006478,0.));
#9386=B_SPLINE_CURVE_WITH_KNOTS('',3,(#9367,#9368,#9369,#9370,#9371,#9372,#9373,#9374,#9375,#9376,#9377,#9378,#9379,#9380,#9381,#9382,#9383,#9384,#9385),.UNSPECIFIED.,.F.,.F.,(4,1,1,1,1,1,1,1,1,1,1,1,1,1,1,1,4),(0.,0.05600840772502456,0.10931365747226474,0.16036273758288647,0.2098597138057291,0.2591979424927096,0.30928387655575595,0.3608027936550088,0.41480516944806045,0.47168307957627376,0.5323569893762716,0.5974966026462478,0.667543911872201,0.7423037968749449,0.8225564895742005,0.908301383089863,1.),.UNSPECIFIED.);
#9387=TRIMMED_CURVE('',#9386,(PARAMETER_VALUE(0.)),(PARAMETER_VALUE(1.)),.T.,.PARAMETER.);
#9388=EDGE_CURVE('',#784,#732,#9387,.T.);
#9389=ORIENTED_EDGE('',*,*,#9388,.F.);
#9390=CARTESIAN_POINT('',(0.010293310366178818,0.018013682080064784,0.));
#9391=CARTESIAN_POINT('',(0.010272604925051835,0.01801339158438021,0.));
#9392=CARTESIAN_POINT('',(0.010232275829718583,0.01801282577039513,0.));
#9393=CARTESIAN_POINT('',(0.010173667962490201,0.018008649020260052,0.));
#9394=CARTESIAN_POINT('',(0.010118645754999425,0.018001518449461417,0.));
#9395=CARTESIAN_POINT('',(0.010067327320183117,0.017991492625480266,0.));
#9396=CARTESIAN_POINT('',(0.010019809585075859,0.017978565907958478,0.));
#9397=CARTESIAN_POINT('',(0.009975903731757422,0.017963587291522927,0.));
#9398=CARTESIAN_POINT('',(0.009936160690755966,0.01794526823067831,0.));
#9399=CARTESIAN_POINT('',(0.009899992616669245,0.01792490967632531,0.));
#9400=CARTESIAN_POINT('',(0.00986785225683722,0.01790179585164088,0.));
#9401=CARTESIAN_POINT('',(0.009839790422984678,0.017876182879026894,0.));
#9402=CARTESIAN_POINT('',(0.009815755632772519,0.017848006697795318,0.));
#9403=CARTESIAN_POINT('',(0.009796128449561285,0.017817259917462594,0.));
#9404=CARTESIAN_POINT('',(0.00978043401288439,0.017784242652945738,0.));
#9405=CARTESIAN_POINT('',(0.0097696113945074,0.017748868672554003,0.));
#9406=CARTESIAN_POINT('',(0.009762504450490489,0.017711442758180894,0.));
#9407=CARTESIAN_POINT('',(0.009761827733253797,0.017685705883673377,0.));
#9408=CARTESIAN_POINT('',(0.009761482533237394,0.017672577254727054,0.));
#9409=B_SPLINE_CURVE_WITH_KNOTS('',3,(#9390,#9391,#9392,#9393,#9394,#9395,#9396,#9397,#9398,#9399,#9400,#9401,#9402,#9403,#9404,#9405,#9406,#9407,#9408),.UNSPECIFIED.,.F.,.F.,(4,1,1,1,1,1,1,1,1,1,1,1,1,1,1,1,4),(0.,0.08761252995940348,0.1706476114877627,0.24847022097941102,0.3222629765944557,0.3917141549787829,0.4567257052156475,0.5183161138530104,0.5766265425532776,0.6321080041528256,0.6854551819102931,0.7370284564163255,0.7883481285107397,0.8393903386972642,0.8912142620642988,0.9445073414958353,1.),.UNSPECIFIED.);
#9410=TRIMMED_CURVE('',#9409,(PARAMETER_VALUE(0.)),(PARAMETER_VALUE(1.)),.T.,.PARAMETER.);
#9411=EDGE_CURVE('',#759,#784,#9410,.T.);
#9412=ORIENTED_EDGE('',*,*,#9411,.F.);
#9413=CARTESIAN_POINT('',(0.009761482533237394,0.017672577254727054,0.));
#9414=CARTESIAN_POINT('',(0.009761862107441021,0.017660086558581416,0.));
#9415=CARTESIAN_POINT('',(0.009762602857187433,0.017635710613340787,0.));
#9416=CARTESIAN_POINT('',(0.009769168984903443,0.01760021945864025,0.));
#9417=CARTESIAN_POINT('',(0.009779687325116615,0.017566809378454635,0.));
#9418=CARTESIAN_POINT('',(0.009794585925069198,0.017535553549593633,0.));
#9419=CARTESIAN_POINT('',(0.009813576200298433,0.017506648688478784,0.));
#9420=CARTESIAN_POINT('',(0.009836383614653707,0.017479984842231455,0.));
#9421=CARTESIAN_POINT('',(0.009863247270676122,0.017455859431541695,0.));
#9422=CARTESIAN_POINT('',(0.009893900449436159,0.01743406957814912,0.));
#9423=CARTESIAN_POINT('',(0.009928183519632594,0.017414582958004323,0.));
#9424=CARTESIAN_POINT('',(0.009966403622453667,0.01739805473416657,0.));
#9425=CARTESIAN_POINT('',(0.010007975782130843,0.01738337778743768,0.));
#9426=CARTESIAN_POINT('',(0.010053382911512736,0.01737174262067597,0.));
#9427=CARTESIAN_POINT('',(0.010102191206587693,0.01736243412616299,0.));
#9428=CARTESIAN_POINT('',(0.010154551100579591,0.017356078025521488,0.));
#9429=CARTESIAN_POINT('',(0.010210307962920322,0.017351937698718872,0.));
#9430=CARTESIAN_POINT('',(0.01024866664762846,0.017351533839816784,0.));
#9431=CARTESIAN_POINT('',(0.010268387536835255,0.017351326208696907,0.));
#9432=B_SPLINE_CURVE_WITH_KNOTS('',3,(#9413,#9414,#9415,#9416,#9417,#9418,#9419,#9420,#9421,#9422,#9423,#9424,#9425,#9426,#9427,#9428,#9429,#9430,#9431),.UNSPECIFIED.,.F.,.F.,(4,1,1,1,1,1,1,1,1,1,1,1,1,1,1,1,4),(0.,0.05560346552068954,0.10851172864331725,0.16019065677036698,0.21125682259744455,0.2622342983467065,0.3138417947423511,0.36713538924212824,0.42266449961136965,0.48109658322950266,0.5424634412610565,0.6079316349458072,0.6773114379131157,0.7510657410246947,0.8291434976952492,0.9121596014605431,1.),.UNSPECIFIED.);
#9433=TRIMMED_CURVE('',#9432,(PARAMETER_VALUE(0.)),(PARAMETER_VALUE(1.)),.T.,.PARAMETER.);
#9434=EDGE_CURVE('',#734,#759,#9433,.T.);
#9435=ORIENTED_EDGE('',*,*,#9434,.F.);
#9436=CARTESIAN_POINT('',(0.010268387536835255,0.017351326208696907,0.));
#9437=CARTESIAN_POINT('',(0.01029000861060452,0.017351609338603476,0.));
#9438=CARTESIAN_POINT('',(0.010332026451749958,0.017352159566014224,0.));
#9439=CARTESIAN_POINT('',(0.010393077207113821,0.017356419370384703,0.));
#9440=CARTESIAN_POINT('',(0.010450271883889908,0.01736329151688281,0.));
#9441=CARTESIAN_POINT('',(0.01050348714941823,0.01737288701315552,0.));
#9442=CARTESIAN_POINT('',(0.01055272659771014,0.017385253449649564,0.));
#9443=CARTESIAN_POINT('',(0.010597790356598271,0.01740052498081165,0.));
#9444=CARTESIAN_POINT('',(0.010639024791737279,0.0174178603168467,0.));
#9445=CARTESIAN_POINT('',(0.010676043727463993,0.017438159612016065,0.));
#9446=CARTESIAN_POINT('',(0.010708777736974495,0.017461264505346567,0.));
#9447=CARTESIAN_POINT('',(0.010737382657014299,0.017486862361157776,0.));
#9448=CARTESIAN_POINT('',(0.010761533493450645,0.01751533588107,0.));
#9449=CARTESIAN_POINT('',(0.01078154674857128,0.017546300398548712,0.));
#9450=CARTESIAN_POINT('',(0.010797091669675428,0.01757985825405513,0.));
#9451=CARTESIAN_POINT('',(0.010807722286757603,0.017615887768264657,0.));
#9452=CARTESIAN_POINT('',(0.010814840473835323,0.01765406232717187,0.));
#9453=CARTESIAN_POINT('',(0.01081550512031405,0.01768042883871512,0.));
#9454=CARTESIAN_POINT('',(0.010815844940720945,0.017693909506961796,0.));
#9455=B_SPLINE_CURVE_WITH_KNOTS('',3,(#9436,#9437,#9438,#9439,#9440,#9441,#9442,#9443,#9444,#9445,#9446,#9447,#9448,#9449,#9450,#9451,#9452,#9453,#9454),.UNSPECIFIED.,.F.,.F.,(4,1,1,1,1,1,1,1,1,1,1,1,1,1,1,1,4),(0.,0.08926761439691079,0.1734803960797661,0.2525530411572923,0.32701951696035875,0.39660825267745753,0.4619688713790854,0.5233089957169025,0.5810783152598848,0.6359248744476097,0.6884094276150146,0.7391427587707798,0.7896205973074935,0.8402163231132901,0.8912543916232923,0.9444005526705761,1.),.UNSPECIFIED.);
#9456=TRIMMED_CURVE('',#9455,(PARAMETER_VALUE(0.)),(PARAMETER_VALUE(1.)),.T.,.PARAMETER.);
#9457=EDGE_CURVE('',#732,#734,#9456,.T.);
#9458=ORIENTED_EDGE('',*,*,#9457,.F.);
#9459=EDGE_LOOP('',(#9389,#9412,#9435,#9458));
#9460=FACE_BOUND('',#9459,.T.);
#9461=ADVANCED_FACE('',(#9366,#9460),#24,.T.);
#9462=CARTESIAN_POINT('',(0.010393212893971228,0.016756557671142085,0.));
#9463=CARTESIAN_POINT('',(0.010393635764146338,0.016764302056248584,0.));
#9464=CARTESIAN_POINT('',(0.010394504503485514,0.016780212026721263,0.));
#9465=CARTESIAN_POINT('',(0.010395798740965731,0.01680407070074297,0.));
#9466=CARTESIAN_POINT('',(0.010396701377546811,0.016827235953866117,0.));
#9467=CARTESIAN_POINT('',(0.010396770860122669,0.016842237988604465,0.));
#9468=CARTESIAN_POINT('',(0.010396803471080046,0.01684927904471686,0.));
#9469=B_SPLINE_CURVE_WITH_KNOTS('',3,(#9462,#9463,#9464,#9465,#9466,#9467,#9468),.UNSPECIFIED.,.F.,.F.,(4,1,1,1,4),(0.,0.25071672606537937,0.5150693894807685,0.772402630787381,0.9999999999999999),.UNSPECIFIED.);
#9470=TRIMMED_CURVE('',#9469,(PARAMETER_VALUE(0.)),(PARAMETER_VALUE(0.9999999999999999)),.T.,.PARAMETER.);
#9471=EDGE_CURVE('',#506,#508,#9470,.T.);
#9472=ORIENTED_EDGE('',*,*,#9471,.T.);
#9473=CARTESIAN_POINT('',(0.010694187739857459,0.016776833871285996,0.));
#9474=DIRECTION('',(-0.9977384430816552,-0.0672160635339119,0.));
#9475=VECTOR('',#9474,1.);
#9476=LINE('',#9473,#9475);
#9477=EDGE_CURVE('',#508,#517,#9476,.T.);
#9478=ORIENTED_EDGE('',*,*,#9477,.T.);
#9479=CARTESIAN_POINT('',(0.010694187739857459,0.017142016684294624,0.));
#9480=DIRECTION('',(0.,-1.,0.));
#9481=VECTOR('',#9480,1.);
#9482=LINE('',#9479,#9481);
#9483=EDGE_CURVE('',#517,#525,#9482,.T.);
#9484=ORIENTED_EDGE('',*,*,#9483,.T.);
#9485=CARTESIAN_POINT('',(0.010802327473958335,0.017142016684294624,0.));
#9486=DIRECTION('',(-1.,0.,0.));
#9487=VECTOR('',#9486,1.);
#9488=LINE('',#9485,#9487);
#9489=EDGE_CURVE('',#525,#533,#9488,.T.);
#9490=ORIENTED_EDGE('',*,*,#9489,.T.);
#9491=CARTESIAN_POINT('',(0.010802327473958335,0.01666975018927595,0.));
#9492=DIRECTION('',(0.,1.,0.));
#9493=VECTOR('',#9492,1.);
#9494=LINE('',#9491,#9493);
#9495=EDGE_CURVE('',#533,#541,#9494,.T.);
#9496=ORIENTED_EDGE('',*,*,#9495,.T.);
#9497=CARTESIAN_POINT('',(0.010293521576596982,0.016634900470278595,0.));
#9498=DIRECTION('',(0.9976625651734404,0.0683330524091432,0.));
#9499=VECTOR('',#9498,1.);
#9500=LINE('',#9497,#9499);
#9501=EDGE_CURVE('',#541,#549,#9500,.T.);
#9502=ORIENTED_EDGE('',*,*,#9501,.T.);
#9503=CARTESIAN_POINT('',(0.01030218120374178,0.01680724817150187,0.));
#9504=CARTESIAN_POINT('',(0.010302119263692304,0.0168002078077901,0.));
#9505=CARTESIAN_POINT('',(0.010301992278046042,0.016785774090939346,0.));
#9506=CARTESIAN_POINT('',(0.010301636523175641,0.016763802615373618,0.));
#9507=CARTESIAN_POINT('',(0.010300709352832258,0.016741276789704388,0.));
#9508=CARTESIAN_POINT('',(0.010299720728812429,0.0167186730620793,0.));
#9509=CARTESIAN_POINT('',(0.010298343674105875,0.016696294523074716,0.));
#9510=CARTESIAN_POINT('',(0.010297268040775796,0.016674658354436687,0.));
#9511=CARTESIAN_POINT('',(0.010295537919127299,0.01665424365328975,0.));
#9512=CARTESIAN_POINT('',(0.01029417452899724,0.016641164375138937,0.));
#9513=CARTESIAN_POINT('',(0.010293521576596982,0.016634900470278595,0.));
#9514=B_SPLINE_CURVE_WITH_KNOTS('',3,(#9503,#9504,#9505,#9506,#9507,#9508,#9509,#9510,#9511,#9512,#9513),.UNSPECIFIED.,.F.,.F.,(4,1,1,1,1,1,1,1,4),(0.,0.12235417566914379,0.2508429392879499,0.38184680504341867,0.5141242388884173,0.6440207755169325,0.7714743366179214,0.8905548917098969,0.9999999999999999),.UNSPECIFIED.);
#9515=TRIMMED_CURVE('',#9514,(PARAMETER_VALUE(0.)),(PARAMETER_VALUE(0.9999999999999999)),.T.,.PARAMETER.);
#9516=EDGE_CURVE('',#549,#565,#9515,.T.);
#9517=ORIENTED_EDGE('',*,*,#9516,.T.);
#9518=CARTESIAN_POINT('',(0.010084212052194699,0.017067459406682105,0.));
#9519=CARTESIAN_POINT('',(0.010092461851191748,0.017067274177918187,0.));
#9520=CARTESIAN_POINT('',(0.010108602321195587,0.017066911783718164,0.));
#9521=CARTESIAN_POINT('',(0.01013211788601474,0.017063563362271997,0.));
#9522=CARTESIAN_POINT('',(0.010154438473166468,0.01705872626820094,0.));
#9523=CARTESIAN_POINT('',(0.010175179442867343,0.017051164686578562,0.));
#9524=CARTESIAN_POINT('',(0.010194717008802218,0.0170419090681865,0.));
#9525=CARTESIAN_POINT('',(0.01021264096919787,0.017030116292933373,0.));
#9526=CARTESIAN_POINT('',(0.010229487175947793,0.0170166091943027,0.));
#9527=CARTESIAN_POINT('',(0.010244699664711582,0.017000904727270387,0.));
#9528=CARTESIAN_POINT('',(0.010258277038014125,0.016983248819171667,0.));
#9529=CARTESIAN_POINT('',(0.01027016475580243,0.01696373221399426,0.));
#9530=CARTESIAN_POINT('',(0.010280105388946269,0.016942252018494097,0.));
#9531=CARTESIAN_POINT('',(0.01028807099224117,0.016918858370158274,0.));
#9532=CARTESIAN_POINT('',(0.010294377809402231,0.016893631378261616,0.));
#9533=CARTESIAN_POINT('',(0.01029900871933934,0.01686652824998157,0.));
#9534=CARTESIAN_POINT('',(0.010301776931456398,0.016837509316814995,0.));
#9535=CARTESIAN_POINT('',(0.010302043799809249,0.01681753331970336,0.));
#9536=CARTESIAN_POINT('',(0.01030218120374178,0.01680724817150187,0.));
#9537=B_SPLINE_CURVE_WITH_KNOTS('',3,(#9518,#9519,#9520,#9521,#9522,#9523,#9524,#9525,#9526,#9527,#9528,#9529,#9530,#9531,#9532,#9533,#9534,#9535,#9536),.UNSPECIFIED.,.F.,.F.,(4,1,1,1,1,1,1,1,1,1,1,1,1,1,1,1,4),(0.,0.06417908423077874,0.12556434214593054,0.18459249003670108,0.2416227853125875,0.2970181135409941,0.35250283063620086,0.40822252190743025,0.46480605294235966,0.5222456618096859,0.5812712655482272,0.6423229054609896,0.7061029643439343,0.7733600968885225,0.8445376803860409,0.9199562861347349,1.),.UNSPECIFIED.);
#9538=TRIMMED_CURVE('',#9537,(PARAMETER_VALUE(0.)),(PARAMETER_VALUE(1.)),.T.,.PARAMETER.);
#9539=EDGE_CURVE('',#565,#590,#9538,.T.);
#9540=ORIENTED_EDGE('',*,*,#9539,.T.);
#9541=CARTESIAN_POINT('',(0.00985610480057566,0.01683069252791827,0.));
#9542=CARTESIAN_POINT('',(0.009856298966257938,0.016839573273760386,0.));
#9543=CARTESIAN_POINT('',(0.009856679344166225,0.016856970990431326,0.));
#9544=CARTESIAN_POINT('',(0.009859906792770224,0.016882351835837906,0.));
#9545=CARTESIAN_POINT('',(0.009865138615934453,0.016906416772533007,0.));
#9546=CARTESIAN_POINT('',(0.009872622909959064,0.01692897682683868,0.));
#9547=CARTESIAN_POINT('',(0.009881575813611576,0.016950238159145734,0.));
#9548=CARTESIAN_POINT('',(0.009892674581907419,0.016969666198687165,0.));
#9549=CARTESIAN_POINT('',(0.00990519226265693,0.016987620576728528,0.));
#9550=CARTESIAN_POINT('',(0.009919384677037634,0.017003867220013517,0.));
#9551=CARTESIAN_POINT('',(0.009935034255969413,0.017018627178871235,0.));
#9552=CARTESIAN_POINT('',(0.009952531932475235,0.017031260697382443,0.));
#9553=CARTESIAN_POINT('',(0.009971365949483873,0.017042340019244952,0.));
#9554=CARTESIAN_POINT('',(0.00999172380295646,0.017051392775353624,0.));
#9555=CARTESIAN_POINT('',(0.010013314750047922,0.01705852552445117,0.));
#9556=CARTESIAN_POINT('',(0.010035971637682665,0.017063920683792415,0.));
#9557=CARTESIAN_POINT('',(0.010059777534017296,0.017066804983004256,0.));
#9558=CARTESIAN_POINT('',(0.010075967828370128,0.017067238603667406,0.));
#9559=CARTESIAN_POINT('',(0.010084212052194699,0.017067459406682105,0.));
#9560=B_SPLINE_CURVE_WITH_KNOTS('',3,(#9541,#9542,#9543,#9544,#9545,#9546,#9547,#9548,#9549,#9550,#9551,#9552,#9553,#9554,#9555,#9556,#9557,#9558,#9559),.UNSPECIFIED.,.F.,.F.,(4,1,1,1,1,1,1,1,1,1,1,1,1,1,1,1,4),(0.,0.0719323107012369,0.1409181146848174,0.20693681039481346,0.2711565653505109,0.3332509950118086,0.3935346388522937,0.4520904879245319,0.5103147468061542,0.5680310019135508,0.6259919913559111,0.6847918472962855,0.7447968558272523,0.8061293617907843,0.8688105727927479,0.9331973231774333,0.9999999999999999),.UNSPECIFIED.);
#9561=TRIMMED_CURVE('',#9560,(PARAMETER_VALUE(0.)),(PARAMETER_VALUE(0.9999999999999999)),.T.,.PARAMETER.);
#9562=EDGE_CURVE('',#590,#615,#9561,.T.);
#9563=ORIENTED_EDGE('',*,*,#9562,.T.);
#9564=CARTESIAN_POINT('',(0.00992369213438871,0.01662138300351599,0.));
#9565=CARTESIAN_POINT('',(0.009918292903381119,0.01662983102619829,0.));
#9566=CARTESIAN_POINT('',(0.009907650829160721,0.01664648237604317,0.));
#9567=CARTESIAN_POINT('',(0.009893951015329947,0.01667235079946646,0.));
#9568=CARTESIAN_POINT('',(0.009882256056305761,0.016698369285277476,0.));
#9569=CARTESIAN_POINT('',(0.009872758721307927,0.01672457007594103,0.));
#9570=CARTESIAN_POINT('',(0.009865277582474274,0.016750887793061733,0.));
#9571=CARTESIAN_POINT('',(0.009860011887461493,0.0167773713528707,0.));
#9572=CARTESIAN_POINT('',(0.009856720474982986,0.016803996683464627,0.));
#9573=CARTESIAN_POINT('',(0.009856309597403193,0.016821812470233,0.));
#9574=CARTESIAN_POINT('',(0.00985610480057566,0.01683069252791827,0.));
#9575=B_SPLINE_CURVE_WITH_KNOTS('',3,(#9564,#9565,#9566,#9567,#9568,#9569,#9570,#9571,#9572,#9573,#9574),.UNSPECIFIED.,.F.,.F.,(4,1,1,1,1,1,1,1,4),(0.,0.13473883309007398,0.2655749791218023,0.3930998604940905,0.5179519646982941,0.6399003031554176,0.7605525587092185,0.8806503962526124,1.),.UNSPECIFIED.);
#9576=TRIMMED_CURVE('',#9575,(PARAMETER_VALUE(0.)),(PARAMETER_VALUE(1.)),.T.,.PARAMETER.);
#9577=EDGE_CURVE('',#615,#632,#9576,.T.);
#9578=ORIENTED_EDGE('',*,*,#9577,.T.);
#9579=CARTESIAN_POINT('',(0.009803090985616051,0.016621383003515986,0.));
#9580=DIRECTION('',(1.,0.,0.));
#9581=VECTOR('',#9580,1.);
#9582=LINE('',#9579,#9581);
#9583=EDGE_CURVE('',#632,#641,#9582,.T.);
#9584=ORIENTED_EDGE('',*,*,#9583,.T.);
#9585=CARTESIAN_POINT('',(0.009761482533237394,0.016830903738336435,0.));
#9586=CARTESIAN_POINT('',(0.009761600617844684,0.01681949623748844,0.));
#9587=CARTESIAN_POINT('',(0.009761828217905427,0.016797509054353333,0.));
#9588=CARTESIAN_POINT('',(0.009763668727696434,0.0167655657730374,0.));
#9589=CARTESIAN_POINT('',(0.009767102723970529,0.016735982344555516,0.));
#9590=CARTESIAN_POINT('',(0.009771392642169861,0.016708503898029994,0.));
#9591=CARTESIAN_POINT('',(0.009777239464852266,0.01668343006109345,0.));
#9592=CARTESIAN_POINT('',(0.009784539397308365,0.016660597344712754,0.));
#9593=CARTESIAN_POINT('',(0.009792673248219034,0.01663985575991548,0.));
#9594=CARTESIAN_POINT('',(0.009799714415938871,0.01662737034479129,0.));
#9595=CARTESIAN_POINT('',(0.009803090985616051,0.016621383003515986,0.));
#9596=B_SPLINE_CURVE_WITH_KNOTS('',3,(#9585,#9586,#9587,#9588,#9589,#9590,#9591,#9592,#9593,#9594,#9595),.UNSPECIFIED.,.F.,.F.,(4,1,1,1,1,1,1,1,4),(0.,0.15841578101220744,0.3053356589684622,0.4440771503482761,0.5718616957550041,0.6913861950975112,0.801155369688396,0.9046446873736343,1.),.UNSPECIFIED.);
#9597=TRIMMED_CURVE('',#9596,(PARAMETER_VALUE(0.)),(PARAMETER_VALUE(1.)),.T.,.PARAMETER.);
#9598=EDGE_CURVE('',#641,#657,#9597,.T.);
#9599=ORIENTED_EDGE('',*,*,#9598,.T.);
#9600=CARTESIAN_POINT('',(0.01009012594390334,0.01718911660754559,0.));
#9601=CARTESIAN_POINT('',(0.010077997147122852,0.01718888606751379,0.));
#9602=CARTESIAN_POINT('',(0.010054200167470473,0.01718843374264224,0.));
#9603=CARTESIAN_POINT('',(0.010019505108391398,0.017183309843911865,0.));
#9604=CARTESIAN_POINT('',(0.00998643355868388,0.017175697462253257,0.));
#9605=CARTESIAN_POINT('',(0.009955398521822666,0.017164306944304184,0.));
#9606=CARTESIAN_POINT('',(0.009926046540732406,0.017150465975357694,0.));
#9607=CARTESIAN_POINT('',(0.009898987442169835,0.017133475717696654,0.));
#9608=CARTESIAN_POINT('',(0.009874024482947597,0.01711383482783493,0.));
#9609=CARTESIAN_POINT('',(0.009851179250494885,0.01709164906210758,0.));
#9610=CARTESIAN_POINT('',(0.009830656815159447,0.017066857756665672,0.));
#9611=CARTESIAN_POINT('',(0.009812567506126453,0.017039623185713972,0.));
#9612=CARTESIAN_POINT('',(0.009797160197290043,0.017009918527229714,0.));
#9613=CARTESIAN_POINT('',(0.009784355701149753,0.016977917124257755,0.));
#9614=CARTESIAN_POINT('',(0.009773847486609142,0.01694392388042189,0.));
#9615=CARTESIAN_POINT('',(0.009766921570989172,0.016907863654620745,0.));
#9616=CARTESIAN_POINT('',(0.009762249219507376,0.016870029627096234,0.));
#9617=CARTESIAN_POINT('',(0.009761742187941617,0.016844154557440878,0.));
#9618=CARTESIAN_POINT('',(0.009761482533237394,0.016830903738336435,0.));
#9619=B_SPLINE_CURVE_WITH_KNOTS('',3,(#9600,#9601,#9602,#9603,#9604,#9605,#9606,#9607,#9608,#9609,#9610,#9611,#9612,#9613,#9614,#9615,#9616,#9617,#9618),.UNSPECIFIED.,.F.,.F.,(4,1,1,1,1,1,1,1,1,1,1,1,1,1,1,1,4),(0.,0.06640919123872441,0.1302963683241228,0.1917724159467891,0.25205549485297873,0.31106857860073006,0.3692997285580028,0.42671886471694165,0.48482848777368054,0.5434595239183353,0.6027355631519911,0.6636461536124573,0.726472747614361,0.7913963097315814,0.8582778046457002,0.9274229905952894,0.9999999999999999),.UNSPECIFIED.);
#9620=TRIMMED_CURVE('',#9619,(PARAMETER_VALUE(0.)),(PARAMETER_VALUE(0.9999999999999999)),.T.,.PARAMETER.);
#9621=EDGE_CURVE('',#657,#682,#9620,.T.);
#9622=ORIENTED_EDGE('',*,*,#9621,.T.);
#9623=CARTESIAN_POINT('',(0.010396803471080046,0.01684927904471686,0.));
#9624=CARTESIAN_POINT('',(0.010396591453623531,0.01686231466418098,0.));
#9625=CARTESIAN_POINT('',(0.01039617894524134,0.01688767720924865,0.));
#9626=CARTESIAN_POINT('',(0.010392069318601942,0.01692469368457358,0.));
#9627=CARTESIAN_POINT('',(0.010385380915916658,0.016959523975049025,0.));
#9628=CARTESIAN_POINT('',(0.010376097417679381,0.016992270286989953,0.));
#9629=CARTESIAN_POINT('',(0.010364274126191968,0.017022638090008067,0.));
#9630=CARTESIAN_POINT('',(0.01035032199261695,0.017050784047406255,0.));
#9631=CARTESIAN_POINT('',(0.010333979745730993,0.017076493437376297,0.));
#9632=CARTESIAN_POINT('',(0.010315358664847816,0.017099864613409715,0.));
#9633=CARTESIAN_POINT('',(0.01029439082356134,0.01712065893355898,0.));
#9634=CARTESIAN_POINT('',(0.010271142688742161,0.017138703145697785,0.));
#9635=CARTESIAN_POINT('',(0.010245856211812199,0.017154291947001087,0.));
#9636=CARTESIAN_POINT('',(0.010218236197819825,0.017166942814948027,0.));
#9637=CARTESIAN_POINT('',(0.010188675049480086,0.01717676204507693,0.));
#9638=CARTESIAN_POINT('',(0.010157370906390652,0.01718403602195297,0.));
#9639=CARTESIAN_POINT('',(0.010124316310631992,0.017188248081648753,0.));
#9640=CARTESIAN_POINT('',(0.010101684035007589,0.01718882300141022,0.));
#9641=CARTESIAN_POINT('',(0.01009012594390334,0.01718911660754559,0.));
#9642=B_SPLINE_CURVE_WITH_KNOTS('',3,(#9623,#9624,#9625,#9626,#9627,#9628,#9629,#9630,#9631,#9632,#9633,#9634,#9635,#9636,#9637,#9638,#9639,#9640,#9641),.UNSPECIFIED.,.F.,.F.,(4,1,1,1,1,1,1,1,1,1,1,1,1,1,1,1,4),(0.,0.0753947357343243,0.14669056489336887,0.21515145559670398,0.28038960327058793,0.34332361384466736,0.4034368271657038,0.46185636968562793,0.5192357184769045,0.5759768287332541,0.6322790971055909,0.6891443435214272,0.7474644000677723,0.8076176203511217,0.869075112336862,0.9331378865944665,0.9999999999999999),.UNSPECIFIED.);
#9643=TRIMMED_CURVE('',#9642,(PARAMETER_VALUE(0.)),(PARAMETER_VALUE(0.9999999999999999)),.T.,.PARAMETER.);
#9644=EDGE_CURVE('',#682,#506,#9643,.T.);
#9645=ORIENTED_EDGE('',*,*,#9644,.T.);
#9646=EDGE_LOOP('',(#9472,#9478,#9484,#9490,#9496,#9502,#9517,#9540,#9563,#9578,#9584,#9599,#9622,#9645));
#9647=FACE_OUTER_BOUND('',#9646,.T.);
#9648=ADVANCED_FACE('',(#9647),#24,.T.);
#9649=CARTESIAN_POINT('',(0.010802327473958335,0.01494521712495239,0.));
#9650=DIRECTION('',(0.,1.,0.));
#9651=VECTOR('',#9650,1.);
#9652=LINE('',#9649,#9651);
#9653=EDGE_CURVE('',#436,#438,#9652,.T.);
#9654=ORIENTED_EDGE('',*,*,#9653,.T.);
#9655=CARTESIAN_POINT('',(0.010694187739857459,0.01494521712495239,0.));
#9656=DIRECTION('',(1.,0.,0.));
#9657=VECTOR('',#9656,1.);
#9658=LINE('',#9655,#9657);
#9659=EDGE_CURVE('',#438,#446,#9658,.T.);
#9660=ORIENTED_EDGE('',*,*,#9659,.T.);
#9661=CARTESIAN_POINT('',(0.010694187739857459,0.015242601393729804,0.));
#9662=DIRECTION('',(0.,-1.,0.));
#9663=VECTOR('',#9662,1.);
#9664=LINE('',#9661,#9663);
#9665=EDGE_CURVE('',#446,#454,#9664,.T.);
#9666=ORIENTED_EDGE('',*,*,#9665,.T.);
#9667=CARTESIAN_POINT('',(0.009775000000000002,0.015242601393729804,0.));
#9668=DIRECTION('',(1.,0.,0.));
#9669=VECTOR('',#9668,1.);
#9670=LINE('',#9667,#9669);
#9671=EDGE_CURVE('',#454,#462,#9670,.T.);
#9672=ORIENTED_EDGE('',*,*,#9671,.T.);
#9673=CARTESIAN_POINT('',(0.009775000000000002,0.01536425859459329,0.));
#9674=DIRECTION('',(0.,-1.,0.));
#9675=VECTOR('',#9674,1.);
#9676=LINE('',#9673,#9675);
#9677=EDGE_CURVE('',#462,#470,#9676,.T.);
#9678=ORIENTED_EDGE('',*,*,#9677,.T.);
#9679=CARTESIAN_POINT('',(0.010694187739857459,0.01536425859459329,0.));
#9680=DIRECTION('',(-1.,0.,0.));
#9681=VECTOR('',#9680,1.);
#9682=LINE('',#9679,#9681);
#9683=EDGE_CURVE('',#470,#478,#9682,.T.);
#9684=ORIENTED_EDGE('',*,*,#9683,.T.);
#9685=CARTESIAN_POINT('',(0.010694187739857459,0.0156616428633707,0.));
#9686=DIRECTION('',(0.,-1.,0.));
#9687=VECTOR('',#9686,1.);
#9688=LINE('',#9685,#9687);
#9689=EDGE_CURVE('',#478,#486,#9688,.T.);
#9690=ORIENTED_EDGE('',*,*,#9689,.T.);
#9691=CARTESIAN_POINT('',(0.010802327473958335,0.0156616428633707,0.));
#9692=DIRECTION('',(-1.,0.,0.));
#9693=VECTOR('',#9692,1.);
#9694=LINE('',#9691,#9693);
#9695=EDGE_CURVE('',#486,#436,#9694,.T.);
#9696=ORIENTED_EDGE('',*,*,#9695,.T.);
#9697=EDGE_LOOP('',(#9654,#9660,#9666,#9672,#9678,#9684,#9690,#9696));
#9698=FACE_OUTER_BOUND('',#9697,.T.);
#9699=ADVANCED_FACE('',(#9698),#24,.T.);
#9700=CARTESIAN_POINT('',(0.010802327473958335,0.014661350322937592,0.));
#9701=DIRECTION('',(0.,1.,0.));
#9702=VECTOR('',#9701,1.);
#9703=LINE('',#9700,#9702);
#9704=EDGE_CURVE('',#402,#404,#9703,.T.);
#9705=ORIENTED_EDGE('',*,*,#9704,.T.);
#9706=CARTESIAN_POINT('',(0.009775000000000002,0.014661350322937592,0.));
#9707=DIRECTION('',(1.,0.,0.));
#9708=VECTOR('',#9707,1.);
#9709=LINE('',#9706,#9708);
#9710=EDGE_CURVE('',#404,#412,#9709,.T.);
#9711=ORIENTED_EDGE('',*,*,#9710,.T.);
#9712=CARTESIAN_POINT('',(0.009775000000000002,0.014783007523801078,0.));
#9713=DIRECTION('',(0.,-1.,0.));
#9714=VECTOR('',#9713,1.);
#9715=LINE('',#9712,#9714);
#9716=EDGE_CURVE('',#412,#420,#9715,.T.);
#9717=ORIENTED_EDGE('',*,*,#9716,.T.);
#9718=CARTESIAN_POINT('',(0.010802327473958335,0.014783007523801078,0.));
#9719=DIRECTION('',(-1.,0.,0.));
#9720=VECTOR('',#9719,1.);
#9721=LINE('',#9718,#9720);
#9722=EDGE_CURVE('',#420,#402,#9721,.T.);
#9723=ORIENTED_EDGE('',*,*,#9722,.T.);
#9724=EDGE_LOOP('',(#9705,#9711,#9717,#9723));
#9725=FACE_OUTER_BOUND('',#9724,.T.);
#9726=ADVANCED_FACE('',(#9725),#24,.T.);
#9727=CARTESIAN_POINT('',(0.010802327473958335,0.014269343786821913,0.));
#9728=DIRECTION('',(0.,1.,0.));
#9729=VECTOR('',#9728,1.);
#9730=LINE('',#9727,#9729);
#9731=EDGE_CURVE('',#246,#248,#9730,.T.);
#9732=ORIENTED_EDGE('',*,*,#9731,.T.);
#9733=CARTESIAN_POINT('',(0.010078720581322387,0.014269343786821913,0.));
#9734=DIRECTION('',(1.,0.,0.));
#9735=VECTOR('',#9734,1.);
#9736=LINE('',#9733,#9735);
#9737=EDGE_CURVE('',#248,#256,#9736,.T.);
#9738=ORIENTED_EDGE('',*,*,#9737,.T.);
#9739=CARTESIAN_POINT('',(0.009927493921915692,0.014276524941039549,0.));
#9740=CARTESIAN_POINT('',(0.009931503253883457,0.014275932665653098,0.));
#9741=CARTESIAN_POINT('',(0.009940135696152184,0.014274657444962504,0.));
#9742=CARTESIAN_POINT('',(0.009954160847680341,0.014273250241530719,0.));
#9743=CARTESIAN_POINT('',(0.009970139420913201,0.014271923540627209,0.));
#9744=CARTESIAN_POINT('',(0.009988112072861627,0.014271246246900448,0.));
#9745=CARTESIAN_POINT('',(0.010007958976882902,0.014270320427367774,0.));
#9746=CARTESIAN_POINT('',(0.010029785793711667,0.014269648533456799,0.));
#9747=CARTESIAN_POINT('',(0.01005358690979163,0.014269577136844234,0.));
#9748=CARTESIAN_POINT('',(0.010070131498614568,0.014269423530946807,0.));
#9749=CARTESIAN_POINT('',(0.010078720581322387,0.014269343786821913,0.));
#9750=B_SPLINE_CURVE_WITH_KNOTS('',3,(#9739,#9740,#9741,#9742,#9743,#9744,#9745,#9746,#9747,#9748,#9749),.UNSPECIFIED.,.F.,.F.,(4,1,1,1,1,1,1,1,4),(0.,0.08023269370620666,0.1727480044186612,0.27901623714332896,0.3976313234277109,0.5287792286018183,0.6724148031310557,0.8299349485275013,1.),.UNSPECIFIED.);
#9751=TRIMMED_CURVE('',#9750,(PARAMETER_VALUE(0.)),(PARAMETER_VALUE(1.)),.T.,.PARAMETER.);
#9752=EDGE_CURVE('',#256,#272,#9751,.T.);
#9753=ORIENTED_EDGE('',*,*,#9752,.T.);
#9754=CARTESIAN_POINT('',(0.009927493921915692,0.014273779205603394,0.));
#9755=DIRECTION('',(0.,1.,0.));
#9756=VECTOR('',#9755,1.);
#9757=LINE('',#9754,#9756);
#9758=EDGE_CURVE('',#272,#281,#9757,.T.);
#9759=ORIENTED_EDGE('',*,*,#9758,.T.);
#9760=CARTESIAN_POINT('',(0.009996348518237736,0.014232593174061068,0.));
#9761=CARTESIAN_POINT('',(0.009988624311484564,0.01423748385154079,0.));
#9762=CARTESIAN_POINT('',(0.00997457501463142,0.014246379338407104,0.));
#9763=CARTESIAN_POINT('',(0.009955296406541405,0.014257973368996847,0.));
#9764=CARTESIAN_POINT('',(0.009940144008147059,0.014266948441267607,0.));
#9765=CARTESIAN_POINT('',(0.009931236887386294,0.01427175808775652,0.));
#9766=CARTESIAN_POINT('',(0.009927493921915692,0.014273779205603394,0.));
#9767=B_SPLINE_CURVE_WITH_KNOTS('',3,(#9760,#9761,#9762,#9763,#9764,#9765,#9766),.UNSPECIFIED.,.F.,.F.,(4,1,1,1,4),(0.,0.3417557309900344,0.6216078711214095,0.840991414534314,1.),.UNSPECIFIED.);
#9768=TRIMMED_CURVE('',#9767,(PARAMETER_VALUE(0.)),(PARAMETER_VALUE(1.)),.T.,.PARAMETER.);
#9769=EDGE_CURVE('',#281,#293,#9768,.T.);
#9770=ORIENTED_EDGE('',*,*,#9769,.T.);
#9771=CARTESIAN_POINT('',(0.010802327473958335,0.01372357606628155,0.));
#9772=DIRECTION('',(-0.8454994327804406,0.5339763189205612,0.));
#9773=VECTOR('',#9772,1.);
#9774=LINE('',#9771,#9773);
#9775=EDGE_CURVE('',#293,#302,#9774,.T.);
#9776=ORIENTED_EDGE('',*,*,#9775,.T.);
#9777=CARTESIAN_POINT('',(0.010802327473958335,0.013566435515166212,0.));
#9778=DIRECTION('',(0.,1.,0.));
#9779=VECTOR('',#9778,1.);
#9780=LINE('',#9777,#9779);
#9781=EDGE_CURVE('',#302,#310,#9780,.T.);
#9782=ORIENTED_EDGE('',*,*,#9781,.T.);
#9783=CARTESIAN_POINT('',(0.009775000000000002,0.013566435515166212,0.));
#9784=DIRECTION('',(1.,0.,0.));
#9785=VECTOR('',#9784,1.);
#9786=LINE('',#9783,#9785);
#9787=EDGE_CURVE('',#310,#318,#9786,.T.);
#9788=ORIENTED_EDGE('',*,*,#9787,.T.);
#9789=CARTESIAN_POINT('',(0.009775000000000002,0.013688092716029698,0.));
#9790=DIRECTION('',(0.,-1.,0.));
#9791=VECTOR('',#9790,1.);
#9792=LINE('',#9789,#9791);
#9793=EDGE_CURVE('',#318,#326,#9792,.T.);
#9794=ORIENTED_EDGE('',*,*,#9793,.T.);
#9795=CARTESIAN_POINT('',(0.010517193409434538,0.013688092716029698,0.));
#9796=DIRECTION('',(-1.,0.,0.));
#9797=VECTOR('',#9796,1.);
#9798=LINE('',#9795,#9797);
#9799=EDGE_CURVE('',#326,#334,#9798,.T.);
#9800=ORIENTED_EDGE('',*,*,#9799,.T.);
#9801=CARTESIAN_POINT('',(0.010658281968769277,0.013682390034739223,0.));
#9802=CARTESIAN_POINT('',(0.010655115273763886,0.013682821845874075,0.));
#9803=CARTESIAN_POINT('',(0.010648089364364092,0.013683779900219732,0.));
#9804=CARTESIAN_POINT('',(0.010636345676264236,0.013685145287786511,0.));
#9805=CARTESIAN_POINT('',(0.010622234472627461,0.013685775589716218,0.));
#9806=CARTESIAN_POINT('',(0.010605769530861276,0.013686725835514085,0.));
#9807=CARTESIAN_POINT('',(0.010586966249211236,0.013687317660038271,0.));
#9808=CARTESIAN_POINT('',(0.010565771919456679,0.013687658075975759,0.));
#9809=CARTESIAN_POINT('',(0.010542259403173347,0.013688218298264686,0.));
#9810=CARTESIAN_POINT('',(0.010525783010172273,0.01368813575047986,0.));
#9811=CARTESIAN_POINT('',(0.01051719340943454,0.0136880927160297,0.));
#9812=B_SPLINE_CURVE_WITH_KNOTS('',3,(#9801,#9802,#9803,#9804,#9805,#9806,#9807,#9808,#9809,#9810,#9811),.UNSPECIFIED.,.F.,.F.,(4,1,1,1,1,1,1,1,4),(0.,0.06785632392225567,0.1505520371457233,0.25087462584478115,0.36761370141381317,0.5007167265264163,0.6502156873727228,0.8176477345742695,1.),.UNSPECIFIED.);
#9813=TRIMMED_CURVE('',#9812,(PARAMETER_VALUE(0.)),(PARAMETER_VALUE(1.)),.T.,.PARAMETER.);
#9814=EDGE_CURVE('',#334,#350,#9813,.T.);
#9815=ORIENTED_EDGE('',*,*,#9814,.T.);
#9816=CARTESIAN_POINT('',(0.010658281968769277,0.013686614243102538,0.));
#9817=DIRECTION('',(0.,-1.,0.));
#9818=VECTOR('',#9817,1.);
#9819=LINE('',#9816,#9818);
#9820=EDGE_CURVE('',#350,#359,#9819,.T.);
#9821=ORIENTED_EDGE('',*,*,#9820,.T.);
#9822=CARTESIAN_POINT('',(0.010593862791228715,0.013719140647500067,0.));
#9823=CARTESIAN_POINT('',(0.010604213833366094,0.01371288081274358,0.));
#9824=CARTESIAN_POINT('',(0.010624857889616238,0.01370039623591408,0.));
#9825=CARTESIAN_POINT('',(0.010647161506670161,0.013691199623839856,0.));
#9826=CARTESIAN_POINT('',(0.010658281968769277,0.013686614243102538,0.));
#9827=B_SPLINE_CURVE_WITH_KNOTS('',3,(#9822,#9823,#9824,#9825,#9826),.UNSPECIFIED.,.F.,.F.,(4,1,4),(0.,0.5014054414480116,1.),.UNSPECIFIED.);
#9828=TRIMMED_CURVE('',#9827,(PARAMETER_VALUE(0.)),(PARAMETER_VALUE(1.)),.T.,.PARAMETER.);
#9829=EDGE_CURVE('',#359,#369,#9828,.T.);
#9830=ORIENTED_EDGE('',*,*,#9829,.T.);
#9831=CARTESIAN_POINT('',(0.009775000000000002,0.014242308853296694,0.));
#9832=DIRECTION('',(0.842693520506131,-0.5383935646875647,0.));
#9833=VECTOR('',#9832,1.);
#9834=LINE('',#9831,#9833);
#9835=EDGE_CURVE('',#369,#378,#9834,.T.);
#9836=ORIENTED_EDGE('',*,*,#9835,.T.);
#9837=CARTESIAN_POINT('',(0.009775000000000002,0.0143910009876854,0.));
#9838=DIRECTION('',(0.,-1.,0.));
#9839=VECTOR('',#9838,1.);
#9840=LINE('',#9837,#9839);
#9841=EDGE_CURVE('',#378,#386,#9840,.T.);
#9842=ORIENTED_EDGE('',*,*,#9841,.T.);
#9843=CARTESIAN_POINT('',(0.010802327473958335,0.0143910009876854,0.));
#9844=DIRECTION('',(-1.,0.,0.));
#9845=VECTOR('',#9844,1.);
#9846=LINE('',#9843,#9845);
#9847=EDGE_CURVE('',#386,#246,#9846,.T.);
#9848=ORIENTED_EDGE('',*,*,#9847,.T.);
#9849=EDGE_LOOP('',(#9732,#9738,#9753,#9759,#9770,#9776,#9782,#9788,#9794,#9800,#9815,#9821,#9830,#9836,#9842,#9848));
#9850=FACE_OUTER_BOUND('',#9849,.T.);
#9851=ADVANCED_FACE('',(#9850),#24,.T.);
#9852=CARTESIAN_POINT('',(0.010802327473958335,0.01318794644581314,0.));
#9853=DIRECTION('',(0.,1.,0.));
#9854=VECTOR('',#9853,1.);
#9855=LINE('',#9852,#9854);
#9856=EDGE_CURVE('',#96,#98,#9855,.T.);
#9857=ORIENTED_EDGE('',*,*,#9856,.T.);
#9858=CARTESIAN_POINT('',(0.010173554059078821,0.01318794644581314,0.));
#9859=DIRECTION('',(1.,0.,0.));
#9860=VECTOR('',#9859,1.);
#9861=LINE('',#9858,#9860);
#9862=EDGE_CURVE('',#98,#106,#9861,.T.);
#9863=ORIENTED_EDGE('',*,*,#9862,.T.);
#9864=CARTESIAN_POINT('',(0.00986962226733827,0.012935761206523204,0.));
#9865=CARTESIAN_POINT('',(0.009869896610851334,0.012945976322393861,0.));
#9866=CARTESIAN_POINT('',(0.00987042794537669,0.012965760437869962,0.));
#9867=CARTESIAN_POINT('',(0.009873636530052876,0.012994536787687794,0.));
#9868=CARTESIAN_POINT('',(0.009879895927470305,0.013021145090789367,0.));
#9869=CARTESIAN_POINT('',(0.009888047737746057,0.013046022069045038,0.));
#9870=CARTESIAN_POINT('',(0.009898887545233761,0.013068779416234362,0.));
#9871=CARTESIAN_POINT('',(0.009911748391105936,0.013089813564690644,0.));
#9872=CARTESIAN_POINT('',(0.009927484850087681,0.013108550047569107,0.));
#9873=CARTESIAN_POINT('',(0.009945336265523689,0.013125472140122942,0.));
#9874=CARTESIAN_POINT('',(0.009965831879039662,0.01314016424653446,0.));
#9875=CARTESIAN_POINT('',(0.009988430059003803,0.013153097980576537,0.));
#9876=CARTESIAN_POINT('',(0.010013572649553772,0.013163802654162927,0.));
#9877=CARTESIAN_POINT('',(0.010040999748175752,0.01317267781613048,0.));
#9878=CARTESIAN_POINT('',(0.010070809954445719,0.013179626517593947,0.));
#9879=CARTESIAN_POINT('',(0.010103028936905319,0.013184336873269998,0.));
#9880=CARTESIAN_POINT('',(0.010137520898975416,0.013187347341085561,0.));
#9881=CARTESIAN_POINT('',(0.010161297226125911,0.01318774265778716,0.));
#9882=CARTESIAN_POINT('',(0.010173554059078823,0.013187946445813142,0.));
#9883=B_SPLINE_CURVE_WITH_KNOTS('',3,(#9864,#9865,#9866,#9867,#9868,#9869,#9870,#9871,#9872,#9873,#9874,#9875,#9876,#9877,#9878,#9879,#9880,#9881,#9882),.UNSPECIFIED.,.F.,.F.,(4,1,1,1,1,1,1,1,1,1,1,1,1,1,1,1,4),(0.,0.06782498644415975,0.13135997486145368,0.19178674657689138,0.2489823487134537,0.3048018702501824,0.35875092384180335,0.4121874050545266,0.46674038477669233,0.5216147309469789,0.5791776768776229,0.6392564362152054,0.7026606515786813,0.770338950893645,0.842186118038667,0.9186460391208826,1.),.UNSPECIFIED.);
#9884=TRIMMED_CURVE('',#9883,(PARAMETER_VALUE(0.)),(PARAMETER_VALUE(1.)),.T.,.PARAMETER.);
#9885=EDGE_CURVE('',#106,#130,#9884,.T.);
#9886=ORIENTED_EDGE('',*,*,#9885,.T.);
#9887=CARTESIAN_POINT('',(0.010184325790405275,0.012674282708833974,0.));
#9888=CARTESIAN_POINT('',(0.010171649442081087,0.012674503797735315,0.));
#9889=CARTESIAN_POINT('',(0.010147035248071645,0.012674933095272099,0.));
#9890=CARTESIAN_POINT('',(0.010111290742373706,0.012677711882807799,0.));
#9891=CARTESIAN_POINT('',(0.010078051097766666,0.012683198233835668,0.));
#9892=CARTESIAN_POINT('',(0.010047060142830046,0.012689846066750006,0.));
#9893=CARTESIAN_POINT('',(0.010018695005928818,0.012699255467547679,0.));
#9894=CARTESIAN_POINT('',(0.009992672165009011,0.012710419412836965,0.));
#9895=CARTESIAN_POINT('',(0.009969079648724984,0.012723706302848324,0.));
#9896=CARTESIAN_POINT('',(0.00994806545201689,0.012739220972310566,0.));
#9897=CARTESIAN_POINT('',(0.009929428971265206,0.012756633427170637,0.));
#9898=CARTESIAN_POINT('',(0.00991354892530188,0.012776281051292481,0.));
#9899=CARTESIAN_POINT('',(0.009899891097659621,0.01279780096130095,0.));
#9900=CARTESIAN_POINT('',(0.00988864327223777,0.012821396201897374,0.));
#9901=CARTESIAN_POINT('',(0.009879996338539995,0.012847145549180008,0.));
#9902=CARTESIAN_POINT('',(0.009873950090004106,0.012874909684359937,0.));
#9903=CARTESIAN_POINT('',(0.009870345491441841,0.012904688877987194,0.));
#9904=CARTESIAN_POINT('',(0.009869868308975792,0.012925190366092375,0.));
#9905=CARTESIAN_POINT('',(0.00986962226733827,0.012935761206523204,0.));
#9906=B_SPLINE_CURVE_WITH_KNOTS('',3,(#9887,#9888,#9889,#9890,#9891,#9892,#9893,#9894,#9895,#9896,#9897,#9898,#9899,#9900,#9901,#9902,#9903,#9904,#9905),.UNSPECIFIED.,.F.,.F.,(4,1,1,1,1,1,1,1,1,1,1,1,1,1,1,1,4),(0.,0.08122571804727288,0.15771936297747569,0.2294311520505321,0.2969501581952569,0.3605700303665868,0.4205704524670615,0.47814282263009755,0.5336274956350642,0.5875556135515796,0.641097497875951,0.6950331613525854,0.7505178343575543,0.8081467242251166,0.8686688182011217,0.9322838927952062,1.),.UNSPECIFIED.);
#9907=TRIMMED_CURVE('',#9906,(PARAMETER_VALUE(0.)),(PARAMETER_VALUE(1.)),.T.,.PARAMETER.);
#9908=EDGE_CURVE('',#130,#155,#9907,.T.);
#9909=ORIENTED_EDGE('',*,*,#9908,.T.);
#9910=CARTESIAN_POINT('',(0.010802327473958335,0.012674282708833974,0.));
#9911=DIRECTION('',(-1.,0.,0.));
#9912=VECTOR('',#9911,1.);
#9913=LINE('',#9910,#9912);
#9914=EDGE_CURVE('',#155,#164,#9913,.T.);
#9915=ORIENTED_EDGE('',*,*,#9914,.T.);
#9916=CARTESIAN_POINT('',(0.010802327473958335,0.012552625507970486,0.));
#9917=DIRECTION('',(0.,1.,0.));
#9918=VECTOR('',#9917,1.);
#9919=LINE('',#9916,#9918);
#9920=EDGE_CURVE('',#164,#172,#9919,.T.);
#9921=ORIENTED_EDGE('',*,*,#9920,.T.);
#9922=CARTESIAN_POINT('',(0.010176299794514976,0.012552625507970486,0.));
#9923=DIRECTION('',(1.,0.,0.));
#9924=VECTOR('',#9923,1.);
#9925=LINE('',#9922,#9924);
#9926=EDGE_CURVE('',#172,#180,#9925,.T.);
#9927=ORIENTED_EDGE('',*,*,#9926,.T.);
#9928=CARTESIAN_POINT('',(0.009761482533237394,0.012922877371015091,0.));
#9929=CARTESIAN_POINT('',(0.009761802068856818,0.012907937547246895,0.));
#9930=CARTESIAN_POINT('',(0.009762423327880803,0.012878890706242232,0.));
#9931=CARTESIAN_POINT('',(0.009767357979064457,0.012836780249768111,0.));
#9932=CARTESIAN_POINT('',(0.009775210141252195,0.01279747764173741,0.));
#9933=CARTESIAN_POINT('',(0.009786642513325486,0.01276115842176763,0.));
#9934=CARTESIAN_POINT('',(0.009801292570697366,0.012727727537516659,0.));
#9935=CARTESIAN_POINT('',(0.009819014400624581,0.01269702090826456,0.));
#9936=CARTESIAN_POINT('',(0.009840401089378802,0.012669410616580605,0.));
#9937=CARTESIAN_POINT('',(0.009864722773737861,0.01264449517874793,0.));
#9938=CARTESIAN_POINT('',(0.009892586416198732,0.012622781693592131,0.));
#9939=CARTESIAN_POINT('',(0.009923622477414747,0.012604013990135257,0.));
#9940=CARTESIAN_POINT('',(0.009957801686498555,0.01258779398212396,0.));
#9941=CARTESIAN_POINT('',(0.009995443945225207,0.012575113054955712,0.));
#9942=CARTESIAN_POINT('',(0.010036139181873809,0.012565014611833219,0.));
#9943=CARTESIAN_POINT('',(0.010079970245273682,0.012557606384818724,0.));
#9944=CARTESIAN_POINT('',(0.010127078227773126,0.012553479059760883,0.));
#9945=CARTESIAN_POINT('',(0.010159535788983105,0.012552916212795282,0.));
#9946=CARTESIAN_POINT('',(0.010176299794514976,0.012552625507970486,0.));
#9947=B_SPLINE_CURVE_WITH_KNOTS('',3,(#9928,#9929,#9930,#9931,#9932,#9933,#9934,#9935,#9936,#9937,#9938,#9939,#9940,#9941,#9942,#9943,#9944,#9945,#9946),.UNSPECIFIED.,.F.,.F.,(4,1,1,1,1,1,1,1,1,1,1,1,1,1,1,1,4),(0.,0.07031240403703229,0.1367053087378154,0.19929928726542767,0.25873190405729257,0.3155693562484077,0.3708212273804021,0.42517919738424415,0.4795513107447685,0.5343159495019959,0.590985986153628,0.6499919854253446,0.7120404588160062,0.7776327479375548,0.847211770464223,0.9210864085390835,1.),.UNSPECIFIED.);
#9948=TRIMMED_CURVE('',#9947,(PARAMETER_VALUE(0.)),(PARAMETER_VALUE(1.)),.T.,.PARAMETER.);
#9949=EDGE_CURVE('',#180,#204,#9948,.T.);
#9950=ORIENTED_EDGE('',*,*,#9949,.T.);
#9951=CARTESIAN_POINT('',(0.010192774207131907,0.013309603646676627,0.));
#9952=CARTESIAN_POINT('',(0.010175372070823465,0.013309363196324692,0.));
#9953=CARTESIAN_POINT('',(0.010141557871209407,0.013308895975745947,0.));
#9954=CARTESIAN_POINT('',(0.010092608292371302,0.013304061242085425,0.));
#9955=CARTESIAN_POINT('',(0.01004694057428897,0.01329691695537475,0.));
#9956=CARTESIAN_POINT('',(0.010004648266569698,0.013286365910552142,0.));
#9957=CARTESIAN_POINT('',(0.009965772070681724,0.013272668534082639,0.));
#9958=CARTESIAN_POINT('',(0.00993007091069347,0.013256169881215559,0.));
#9959=CARTESIAN_POINT('',(0.009897744854416402,0.013236495500580151,0.));
#9960=CARTESIAN_POINT('',(0.009868915041738766,0.01321360394023251,0.));
#9961=CARTESIAN_POINT('',(0.009843420685886227,0.013187731770566464,0.));
#9962=CARTESIAN_POINT('',(0.009821393966150208,0.01315883606964287,0.));
#9963=CARTESIAN_POINT('',(0.009802590731589123,0.013126915945882845,0.));
#9964=CARTESIAN_POINT('',(0.009787741385515303,0.013091741946203724,0.));
#9965=CARTESIAN_POINT('',(0.009775842006178122,0.013053773429164512,0.));
#9966=CARTESIAN_POINT('',(0.00976752779924006,0.013012796544593173,0.));
#9967=CARTESIAN_POINT('',(0.009762366110907998,0.012968842340733693,0.));
#9968=CARTESIAN_POINT('',(0.009761783267305387,0.012938521985844696,0.));
#9969=CARTESIAN_POINT('',(0.009761482533237394,0.012922877371015091,0.));
#9970=B_SPLINE_CURVE_WITH_KNOTS('',3,(#9951,#9952,#9953,#9954,#9955,#9956,#9957,#9958,#9959,#9960,#9961,#9962,#9963,#9964,#9965,#9966,#9967,#9968,#9969),.UNSPECIFIED.,.F.,.F.,(4,1,1,1,1,1,1,1,1,1,1,1,1,1,1,1,4),(0.,0.0785909170765743,0.1527105012153241,0.22199230363818945,0.2872523345327118,0.34931854667136025,0.40794154389166676,0.46461679473704737,0.519852097377609,0.5738295509247964,0.6282827996585018,0.6835949680037536,0.7407262058682842,0.8003789557557728,0.8630679051319922,0.9293461475017835,1.),.UNSPECIFIED.);
#9971=TRIMMED_CURVE('',#9970,(PARAMETER_VALUE(0.)),(PARAMETER_VALUE(1.)),.T.,.PARAMETER.);
#9972=EDGE_CURVE('',#204,#229,#9971,.T.);
#9973=ORIENTED_EDGE('',*,*,#9972,.T.);
#9974=CARTESIAN_POINT('',(0.010802327473958335,0.013309603646676627,0.));
#9975=DIRECTION('',(-1.,0.,0.));
#9976=VECTOR('',#9975,1.);
#9977=LINE('',#9974,#9976);
#9978=EDGE_CURVE('',#229,#96,#9977,.T.);
#9979=ORIENTED_EDGE('',*,*,#9978,.T.);
#9980=EDGE_LOOP('',(#9857,#9863,#9886,#9909,#9915,#9921,#9927,#9950,#9973,#9979));
#9981=FACE_OUTER_BOUND('',#9980,.T.);
#9982=ADVANCED_FACE('',(#9981),#24,.T.);
#9983=CARTESIAN_POINT('',(0.019550000000000005,0.,0.));
#9984=DIRECTION('',(-1.,0.,0.));
#9985=DIRECTION('',(0.,0.,1.));
#9986=AXIS2_PLACEMENT_3D('',#9983,#9984,#9985);
#9987=PLANE('',#9986);
#9988=CARTESIAN_POINT('',(0.019550000000000005,0.0036800000000000005,0.0046500000000000005));
#9989=DIRECTION('',(0.,0.0006105170703207662,0.999999813634436));
#9990=VECTOR('',#9989,1.);
#9991=LINE('',#9988,#9990);
#9992=CARTESIAN_POINT('',(0.019550000000000005,0.0036771610950939344,0.));
#9993=VERTEX_POINT('',#9992);
#9994=CARTESIAN_POINT('',(0.019550000000000005,0.0036774663536859845,0.0005));
#9995=VERTEX_POINT('',#9994);
#9996=EDGE_CURVE('',#9993,#9995,#9991,.T.);
#9997=ORIENTED_EDGE('',*,*,#9996,.F.);
#9998=CARTESIAN_POINT('',(0.019550000000000005,0.,0.));
#9999=DIRECTION('',(0.,-1.,0.));
#10000=VECTOR('',#9999,1.);
#10001=LINE('',#9998,#10000);
#10002=CARTESIAN_POINT('',(0.019550000000000005,0.,0.));
#10003=VERTEX_POINT('',#10002);
#10004=EDGE_CURVE('',#10003,#9993,#10001,.T.);
#10005=ORIENTED_EDGE('',*,*,#10004,.F.);
#10006=CARTESIAN_POINT('',(0.019550000000000005,4.0677316284068026E-19,-0.0002));
#10007=DIRECTION('',(0.,-8.218203096119026E-15,-1.));
#10008=VECTOR('',#10007,1.);
#10009=LINE('',#10006,#10008);
#10010=CARTESIAN_POINT('',(0.019550000000000005,3.2698069537234377E-19,0.0004999999999999996));
#10011=VERTEX_POINT('',#10010);
#10012=EDGE_CURVE('',#10011,#10003,#10009,.T.);
#10013=ORIENTED_EDGE('',*,*,#10012,.F.);
#10014=CARTESIAN_POINT('',(0.01955,0.03308,0.0004999999999999996));
#10015=DIRECTION('',(-1.0488050036135472E-16,1.,0.));
#10016=VECTOR('',#10015,1.);
#10017=LINE('',#10014,#10016);
#10018=EDGE_CURVE('',#9995,#10011,#10017,.T.);
#10019=ORIENTED_EDGE('',*,*,#10018,.F.);
#10020=EDGE_LOOP('',(#9997,#10005,#10013,#10019));
#10021=FACE_OUTER_BOUND('',#10020,.T.);
#10022=ADVANCED_FACE('',(#10021),#9987,.T.);
#10023=CARTESIAN_POINT('',(0.,0.,0.));
#10024=DIRECTION('',(1.,0.,0.));
#10025=DIRECTION('',(0.,0.,-1.));
#10026=AXIS2_PLACEMENT_3D('',#10023,#10024,#10025);
#10027=PLANE('',#10026);
#10028=CARTESIAN_POINT('',(-4.336808689942018E-19,0.003677161095093933,0.));
#10029=DIRECTION('',(0.,0.,-1.));
#10030=VECTOR('',#10029,1.);
#10031=LINE('',#10028,#10030);
#10032=CARTESIAN_POINT('',(-4.336808689942018E-19,0.003677161095093933,-0.0002));
#10033=VERTEX_POINT('',#10032);
#10034=CARTESIAN_POINT('',(-4.336808689942018E-19,0.003677161095093933,0.));
#10035=VERTEX_POINT('',#10034);
#10036=EDGE_CURVE('',#10033,#10035,#10031,.T.);
#10037=ORIENTED_EDGE('',*,*,#10036,.F.);
#10038=CARTESIAN_POINT('',(0.,0.00368,0.00485));
#10039=DIRECTION('',(0.,-0.000562159298512319,-0.9999998419884492));
#10040=VECTOR('',#10039,1.);
#10041=LINE('',#10038,#10040);
#10042=CARTESIAN_POINT('',(0.,0.003677554606665071,0.0004999999999999996));
#10043=VERTEX_POINT('',#10042);
#10044=EDGE_CURVE('',#10043,#10033,#10041,.T.);
#10045=ORIENTED_EDGE('',*,*,#10044,.F.);
#10046=CARTESIAN_POINT('',(0.,0.,0.0004999999999999996));
#10047=DIRECTION('',(0.,1.,0.));
#10048=VECTOR('',#10047,1.);
#10049=LINE('',#10046,#10048);
#10050=CARTESIAN_POINT('',(0.,-2.915121348376301E-20,0.0004999999999999996));
#10051=VERTEX_POINT('',#10050);
#10052=EDGE_CURVE('',#10051,#10043,#10049,.T.);
#10053=ORIENTED_EDGE('',*,*,#10052,.F.);
#10054=CARTESIAN_POINT('',(0.,-3.388148976031549E-20,-0.0002));
#10055=DIRECTION('',(0.,6.7575375379321246E-18,1.));
#10056=VECTOR('',#10055,1.);
#10057=LINE('',#10054,#10056);
#10058=CARTESIAN_POINT('',(0.,0.,0.));
#10059=VERTEX_POINT('',#10058);
#10060=EDGE_CURVE('',#10059,#10051,#10057,.T.);
#10061=ORIENTED_EDGE('',*,*,#10060,.F.);
#10062=CARTESIAN_POINT('',(0.,0.,0.));
#10063=DIRECTION('',(-1.1793904530666842E-16,1.,0.));
#10064=VECTOR('',#10063,1.);
#10065=LINE('',#10062,#10064);
#10066=EDGE_CURVE('',#10035,#10059,#10065,.T.);
#10067=ORIENTED_EDGE('',*,*,#10066,.F.);
#10068=EDGE_LOOP('',(#10037,#10045,#10053,#10061,#10067));
#10069=FACE_OUTER_BOUND('',#10068,.T.);
#10070=ADVANCED_FACE('',(#10069),#10027,.T.);
#10071=CARTESIAN_POINT('',(0.,0.,0.0046500000000000005));
#10072=DIRECTION('',(1.,0.,0.));
#10073=DIRECTION('',(0.,0.,-1.));
#10074=AXIS2_PLACEMENT_3D('',#10071,#10072,#10073);
#10075=PLANE('',#10074);
#10076=CARTESIAN_POINT('',(0.,0.,0.004150000000000001));
#10077=DIRECTION('',(0.,-1.,0.));
#10078=VECTOR('',#10077,1.);
#10079=LINE('',#10076,#10078);
#10080=CARTESIAN_POINT('',(0.,0.03288,0.004150000000000001));
#10081=VERTEX_POINT('',#10080);
#10082=CARTESIAN_POINT('',(0.,0.0036796064884288622,0.004150000000000001));
#10083=VERTEX_POINT('',#10082);
#10084=EDGE_CURVE('',#10081,#10083,#10079,.T.);
#10085=ORIENTED_EDGE('',*,*,#10084,.T.);
#10086=CARTESIAN_POINT('',(0.,0.00368,0.00485));
#10087=DIRECTION('',(0.,-0.000562159298512319,-0.9999998419884492));
#10088=VECTOR('',#10087,1.);
#10089=LINE('',#10086,#10088);
#10090=EDGE_CURVE('',#10083,#10043,#10089,.T.);
#10091=ORIENTED_EDGE('',*,*,#10090,.T.);
#10092=CARTESIAN_POINT('',(0.,0.,0.0004999999999999996));
#10093=DIRECTION('',(0.,-1.,0.));
#10094=VECTOR('',#10093,1.);
#10095=LINE('',#10092,#10094);
#10096=CARTESIAN_POINT('',(0.,0.03288,0.0004999999999999996));
#10097=VERTEX_POINT('',#10096);
#10098=EDGE_CURVE('',#10043,#10097,#10095,.T.);
#10099=ORIENTED_EDGE('',*,*,#10098,.T.);
#10100=CARTESIAN_POINT('',(0.,0.03288,0.0046500000000000005));
#10101=DIRECTION('',(0.,0.,-1.));
#10102=VECTOR('',#10101,1.);
#10103=LINE('',#10100,#10102);
#10104=EDGE_CURVE('',#10097,#10081,#10103,.T.);
#10105=ORIENTED_EDGE('',*,*,#10104,.T.);
#10106=EDGE_LOOP('',(#10085,#10091,#10099,#10105));
#10107=FACE_OUTER_BOUND('',#10106,.T.);
#10108=ADVANCED_FACE('',(#10107),#10075,.F.);
#10109=CARTESIAN_POINT('',(0.,0.,0.));
#10110=DIRECTION('',(-1.,0.,0.));
#10111=DIRECTION('',(0.,0.,1.));
#10112=AXIS2_PLACEMENT_3D('',#10109,#10110,#10111);
#10113=PLANE('',#10112);
#10114=CARTESIAN_POINT('',(0.,0.00368,0.00485));
#10115=DIRECTION('',(0.,-0.000562159298512319,-0.9999998419884492));
#10116=VECTOR('',#10115,1.);
#10117=LINE('',#10114,#10116);
#10118=CARTESIAN_POINT('',(0.,0.00368,0.00485));
#10119=VERTEX_POINT('',#10118);
#10120=CARTESIAN_POINT('',(0.,0.003679887568122532,0.004650000000000001));
#10121=VERTEX_POINT('',#10120);
#10122=EDGE_CURVE('',#10119,#10121,#10117,.T.);
#10123=ORIENTED_EDGE('',*,*,#10122,.F.);
#10124=CARTESIAN_POINT('',(0.,0.00368,0.00485));
#10125=DIRECTION('',(0.,0.,-1.));
#10126=VECTOR('',#10125,1.);
#10127=LINE('',#10124,#10126);
#10128=CARTESIAN_POINT('',(0.,0.00368,0.0046500000000000005));
#10129=VERTEX_POINT('',#10128);
#10130=EDGE_CURVE('',#10129,#10119,#10127,.T.);
#10131=ORIENTED_EDGE('',*,*,#10130,.F.);
#10132=CARTESIAN_POINT('',(0.,0.00368,0.0046500000000000005));
#10133=DIRECTION('',(0.,-1.,0.));
#10134=VECTOR('',#10133,1.);
#10135=LINE('',#10132,#10134);
#10136=EDGE_CURVE('',#10121,#10129,#10135,.T.);
#10137=ORIENTED_EDGE('',*,*,#10136,.F.);
#10138=EDGE_LOOP('',(#10123,#10131,#10137));
#10139=FACE_OUTER_BOUND('',#10138,.T.);
#10140=ADVANCED_FACE('',(#10139),#10113,.T.);
#10141=CARTESIAN_POINT('',(0.01955,0.03308,0.0046500000000000005));
#10142=DIRECTION('',(-1.,-1.0488050036135472E-16,0.));
#10143=DIRECTION('',(1.0488050036135472E-16,-1.,0.));
#10144=AXIS2_PLACEMENT_3D('',#10141,#10142,#10143);
#10145=PLANE('',#10144);
#10146=CARTESIAN_POINT('',(0.01955,0.03308,0.0004999999999999996));
#10147=DIRECTION('',(-1.0488050036135472E-16,1.,0.));
#10148=VECTOR('',#10147,1.);
#10149=LINE('',#10146,#10148);
#10150=CARTESIAN_POINT('',(0.01955,0.03288,0.0004999999999999996));
#10151=VERTEX_POINT('',#10150);
#10152=EDGE_CURVE('',#10151,#9995,#10149,.T.);
#10153=ORIENTED_EDGE('',*,*,#10152,.T.);
#10154=CARTESIAN_POINT('',(0.019550000000000005,0.0036800000000000005,0.0046500000000000005));
#10155=DIRECTION('',(0.,0.0006105170703207662,0.999999813634436));
#10156=VECTOR('',#10155,1.);
#10157=LINE('',#10154,#10156);
#10158=CARTESIAN_POINT('',(0.019550000000000005,0.0036796947414079496,0.004150000000000001));
#10159=VERTEX_POINT('',#10158);
#10160=EDGE_CURVE('',#9995,#10159,#10157,.T.);
#10161=ORIENTED_EDGE('',*,*,#10160,.T.);
#10162=CARTESIAN_POINT('',(0.01955,0.03308,0.004150000000000001));
#10163=DIRECTION('',(-1.0488050036135472E-16,1.,0.));
#10164=VECTOR('',#10163,1.);
#10165=LINE('',#10162,#10164);
#10166=CARTESIAN_POINT('',(0.01955,0.03288,0.004150000000000001));
#10167=VERTEX_POINT('',#10166);
#10168=EDGE_CURVE('',#10159,#10167,#10165,.T.);
#10169=ORIENTED_EDGE('',*,*,#10168,.T.);
#10170=CARTESIAN_POINT('',(0.01955,0.03288,0.0046500000000000005));
#10171=DIRECTION('',(0.,0.,-1.));
#10172=VECTOR('',#10171,1.);
#10173=LINE('',#10170,#10172);
#10174=EDGE_CURVE('',#10167,#10151,#10173,.T.);
#10175=ORIENTED_EDGE('',*,*,#10174,.T.);
#10176=EDGE_LOOP('',(#10153,#10161,#10169,#10175));
#10177=FACE_OUTER_BOUND('',#10176,.T.);
#10178=ADVANCED_FACE('',(#10177),#10145,.F.);
#10179=CARTESIAN_POINT('',(0.,0.,0.0046500000000000005));
#10180=DIRECTION('',(0.,0.,-1.));
#10181=DIRECTION('',(-1.,0.,0.));
#10182=AXIS2_PLACEMENT_3D('',#10179,#10180,#10181);
#10183=PLANE('',#10182);
#10184=CARTESIAN_POINT('',(0.019050000000000004,1.997973531883808E-18,0.0046500000000000005));
#10185=DIRECTION('',(-1.0488050036135472E-16,1.,0.));
#10186=VECTOR('',#10185,1.);
#10187=LINE('',#10184,#10186);
#10188=CARTESIAN_POINT('',(0.01905,0.03288,0.0046500000000000005));
#10189=VERTEX_POINT('',#10188);
#10190=CARTESIAN_POINT('',(0.019050000000000004,0.0036800000000000005,0.0046500000000000005));
#10191=VERTEX_POINT('',#10190);
#10192=EDGE_CURVE('',#10189,#10191,#10187,.T.);
#10193=ORIENTED_EDGE('',*,*,#10192,.T.);
#10194=CARTESIAN_POINT('',(0.0005000000000000004,0.00368,0.0046500000000000005));
#10195=DIRECTION('',(-1.,-2.33790225872885E-17,0.));
#10196=VECTOR('',#10195,1.);
#10197=LINE('',#10194,#10196);
#10198=CARTESIAN_POINT('',(0.0005000000000000004,0.00368,0.0046500000000000005));
#10199=VERTEX_POINT('',#10198);
#10200=EDGE_CURVE('',#10191,#10199,#10197,.T.);
#10201=ORIENTED_EDGE('',*,*,#10200,.T.);
#10202=CARTESIAN_POINT('',(0.0005,0.,0.0046500000000000005));
#10203=DIRECTION('',(0.,-1.,0.));
#10204=VECTOR('',#10203,1.);
#10205=LINE('',#10202,#10204);
#10206=CARTESIAN_POINT('',(0.0005,0.03288,0.0046500000000000005));
#10207=VERTEX_POINT('',#10206);
#10208=EDGE_CURVE('',#10199,#10207,#10205,.T.);
#10209=ORIENTED_EDGE('',*,*,#10208,.T.);
#10210=CARTESIAN_POINT('',(0.,0.03288,0.0046500000000000005));
#10211=DIRECTION('',(-1.,0.,0.));
#10212=VECTOR('',#10211,1.);
#10213=LINE('',#10210,#10212);
#10214=EDGE_CURVE('',#10207,#10189,#10213,.T.);
#10215=ORIENTED_EDGE('',*,*,#10214,.T.);
#10216=EDGE_LOOP('',(#10193,#10201,#10209,#10215));
#10217=FACE_OUTER_BOUND('',#10216,.T.);
#10218=ADVANCED_FACE('',(#10217),#10183,.F.);
#10219=CARTESIAN_POINT('',(0.019550000000000005,3.2698069537234377E-19,0.0046500000000000005));
#10220=DIRECTION('',(-1.6725355262012465E-17,1.,0.));
#10221=DIRECTION('',(-1.,-1.6725355262012465E-17,0.));
#10222=AXIS2_PLACEMENT_3D('',#10219,#10220,#10221);
#10223=PLANE('',#10222);
#10224=CARTESIAN_POINT('',(0.019550000000000005,3.2698069537234377E-19,0.0004999999999999996));
#10225=CARTESIAN_POINT('',(0.019550000000000005,8.362677631006233E-21,-4.336808689942018E-19));
#10226=CARTESIAN_POINT('',(0.019050000000000004,3.186180177413375E-19,0.));
#10227=(BOUNDED_CURVE() B_SPLINE_CURVE(2,(#10224,#10225,#10226),.UNSPECIFIED.,.F.,.F.) B_SPLINE_CURVE_WITH_KNOTS((3,3),(0.,1.),.UNSPECIFIED.) CURVE() GEOMETRIC_REPRESENTATION_ITEM() RATIONAL_B_SPLINE_CURVE((1.,0.7071067811865476,1.)) REPRESENTATION_ITEM(''));
#10228=CARTESIAN_POINT('',(0.019050000000000004,3.186180177413375E-19,0.));
#10229=VERTEX_POINT('',#10228);
#10230=EDGE_CURVE('',#10011,#10229,#10227,.T.);
#10231=ORIENTED_EDGE('',*,*,#10230,.F.);
#10232=CARTESIAN_POINT('',(0.019550000000000005,4.0677316284068026E-19,-0.0002));
#10233=DIRECTION('',(0.,-8.218203096119026E-15,-1.));
#10234=VECTOR('',#10233,1.);
#10235=LINE('',#10232,#10234);
#10236=EDGE_CURVE('',#10011,#10003,#10235,.T.);
#10237=ORIENTED_EDGE('',*,*,#10236,.T.);
#10238=CARTESIAN_POINT('',(0.019550000000000005,0.,0.));
#10239=DIRECTION('',(-1.,0.,0.));
#10240=VECTOR('',#10239,1.);
#10241=LINE('',#10238,#10240);
#10242=EDGE_CURVE('',#10229,#10003,#10241,.T.);
#10243=ORIENTED_EDGE('',*,*,#10242,.F.);
#10244=EDGE_LOOP('',(#10231,#10237,#10243));
#10245=FACE_OUTER_BOUND('',#10244,.T.);
#10246=CARTESIAN_POINT('',(0.01805,3.01892662479325E-19,-0.0002));
#10247=DIRECTION('',(-1.,-1.6725355262012468E-17,0.));
#10248=VECTOR('',#10247,1.);
#10249=LINE('',#10246,#10248);
#10250=CARTESIAN_POINT('',(0.019550000000000005,3.01892662479325E-19,-0.0002));
#10251=VERTEX_POINT('',#10250);
#10252=CARTESIAN_POINT('',(0.,-3.388148976031549E-20,-0.0002));
#10253=VERTEX_POINT('',#10252);
#10254=EDGE_CURVE('',#10251,#10253,#10249,.T.);
#10255=ORIENTED_EDGE('',*,*,#10254,.F.);
#10256=CARTESIAN_POINT('',(0.019750000000000004,3.395941178136085E-19,1.734723475976807E-18));
#10257=CARTESIAN_POINT('',(0.019750000000000007,3.3032576642474626E-19,-0.00008284271247461781));
#10258=CARTESIAN_POINT('',(0.019691421356237315,3.293460177970484E-19,-0.00014142135623730886));
#10259=CARTESIAN_POINT('',(0.019632842712474625,3.2836626916935055E-19,-0.0002));
#10260=CARTESIAN_POINT('',(0.019550000000000005,3.01892662479325E-19,-0.0002));
#10261=(BOUNDED_CURVE() B_SPLINE_CURVE(2,(#10256,#10257,#10258,#10259,#10260),.UNSPECIFIED.,.F.,.F.) B_SPLINE_CURVE_WITH_KNOTS((3,2,3),(0.,1.,2.),.UNSPECIFIED.) CURVE() GEOMETRIC_REPRESENTATION_ITEM() RATIONAL_B_SPLINE_CURVE((1.,0.923879532511286,1.,0.923879532511286,1.)) REPRESENTATION_ITEM(''));
#10262=CARTESIAN_POINT('',(0.019750000000000004,3.395941178136085E-19,1.734723475976807E-18));
#10263=VERTEX_POINT('',#10262);
#10264=EDGE_CURVE('',#10263,#10251,#10261,.T.);
#10265=ORIENTED_EDGE('',*,*,#10264,.F.);
#10266=CARTESIAN_POINT('',(0.019750000000000004,3.395941178136085E-19,0.00485));
#10267=DIRECTION('',(0.,0.,-1.));
#10268=VECTOR('',#10267,1.);
#10269=LINE('',#10266,#10268);
#10270=CARTESIAN_POINT('',(0.019750000000000004,3.395941178136085E-19,0.0046500000000000005));
#10271=VERTEX_POINT('',#10270);
#10272=EDGE_CURVE('',#10271,#10263,#10269,.T.);
#10273=ORIENTED_EDGE('',*,*,#10272,.F.);
#10274=CARTESIAN_POINT('',(0.019550000000000005,3.2698069537234377E-19,0.00485));
#10275=CARTESIAN_POINT('',(0.019750000000000004,3.3032576642474626E-19,0.00485));
#10276=CARTESIAN_POINT('',(0.019750000000000004,3.395941178136085E-19,0.0046500000000000005));
#10277=(BOUNDED_CURVE() B_SPLINE_CURVE(2,(#10274,#10275,#10276),.UNSPECIFIED.,.F.,.F.) B_SPLINE_CURVE_WITH_KNOTS((3,3),(0.,1.),.UNSPECIFIED.) CURVE() GEOMETRIC_REPRESENTATION_ITEM() RATIONAL_B_SPLINE_CURVE((1.,0.7071067811865476,1.)) REPRESENTATION_ITEM(''));
#10278=CARTESIAN_POINT('',(0.019550000000000005,3.2698069537234377E-19,0.00485));
#10279=VERTEX_POINT('',#10278);
#10280=EDGE_CURVE('',#10279,#10271,#10277,.T.);
#10281=ORIENTED_EDGE('',*,*,#10280,.F.);
#10282=CARTESIAN_POINT('',(0.019050000000000004,3.186180177413375E-19,0.00485));
#10283=DIRECTION('',(1.,1.6725355262012465E-17,0.));
#10284=VECTOR('',#10283,1.);
#10285=LINE('',#10282,#10284);
#10286=CARTESIAN_POINT('',(0.,0.,0.00485));
#10287=VERTEX_POINT('',#10286);
#10288=EDGE_CURVE('',#10287,#10279,#10285,.T.);
#10289=ORIENTED_EDGE('',*,*,#10288,.F.);
#10290=CARTESIAN_POINT('',(-0.0002,-1.1074327013446858E-21,0.0046500000000000005));
#10291=CARTESIAN_POINT('',(-0.00019999999999999998,-3.3450710524024926E-21,0.00485));
#10292=CARTESIAN_POINT('',(0.,0.,0.00485));
#10293=(BOUNDED_CURVE() B_SPLINE_CURVE(2,(#10290,#10291,#10292),.UNSPECIFIED.,.F.,.F.) B_SPLINE_CURVE_WITH_KNOTS((3,3),(0.,1.),.UNSPECIFIED.) CURVE() GEOMETRIC_REPRESENTATION_ITEM() RATIONAL_B_SPLINE_CURVE((1.,0.7071067811865476,1.)) REPRESENTATION_ITEM(''));
#10294=CARTESIAN_POINT('',(-0.0002,-1.1074327013446858E-21,0.0046500000000000005));
#10295=VERTEX_POINT('',#10294);
#10296=EDGE_CURVE('',#10295,#10287,#10293,.T.);
#10297=ORIENTED_EDGE('',*,*,#10296,.F.);
#10298=CARTESIAN_POINT('',(-0.0002,-3.388148976031549E-20,-0.0002));
#10299=DIRECTION('',(0.,6.7575375379321246E-18,1.));
#10300=VECTOR('',#10299,1.);
#10301=LINE('',#10298,#10300);
#10302=CARTESIAN_POINT('',(-0.0002,-3.252998225272907E-20,0.));
#10303=VERTEX_POINT('',#10302);
#10304=EDGE_CURVE('',#10303,#10295,#10301,.T.);
#10305=ORIENTED_EDGE('',*,*,#10304,.F.);
#10306=CARTESIAN_POINT('',(0.,-3.388148976031549E-20,-0.0002));
#10307=CARTESIAN_POINT('',(-0.00019999999999999998,-3.3450710524024926E-21,-0.00019999999999999998));
#10308=CARTESIAN_POINT('',(-0.0002,-3.252998225272907E-20,0.));
#10309=(BOUNDED_CURVE() B_SPLINE_CURVE(2,(#10306,#10307,#10308),.UNSPECIFIED.,.F.,.F.) B_SPLINE_CURVE_WITH_KNOTS((3,3),(0.,1.),.UNSPECIFIED.) CURVE() GEOMETRIC_REPRESENTATION_ITEM() RATIONAL_B_SPLINE_CURVE((1.,0.7071067811865476,1.)) REPRESENTATION_ITEM(''));
#10310=EDGE_CURVE('',#10253,#10303,#10309,.T.);
#10311=ORIENTED_EDGE('',*,*,#10310,.F.);
#10312=EDGE_LOOP('',(#10255,#10265,#10273,#10281,#10289,#10297,#10305,#10311));
#10313=FACE_BOUND('',#10312,.T.);
#10314=CARTESIAN_POINT('',(0.0005000000000000004,8.362677631006255E-21,0.));
#10315=CARTESIAN_POINT('',(0.0002928932188134528,4.898743138489372E-21,-6.505213034913027E-19));
#10316=CARTESIAN_POINT('',(0.00014644660940672636,2.449371569244697E-21,0.00014644660940672566));
#10317=CARTESIAN_POINT('',(0.,2.1064858766735392E-35,0.00029289321881345197));
#10318=CARTESIAN_POINT('',(0.,-2.915121348376301E-20,0.0004999999999999996));
#10319=(BOUNDED_CURVE() B_SPLINE_CURVE(2,(#10314,#10315,#10316,#10317,#10318),.UNSPECIFIED.,.F.,.F.) B_SPLINE_CURVE_WITH_KNOTS((3,2,3),(0.,1.,2.),.UNSPECIFIED.) CURVE() GEOMETRIC_REPRESENTATION_ITEM() RATIONAL_B_SPLINE_CURVE((1.,0.9238795325112866,1.,0.9238795325112866,1.)) REPRESENTATION_ITEM(''));
#10320=CARTESIAN_POINT('',(0.0005000000000000004,8.362677631006255E-21,0.));
#10321=VERTEX_POINT('',#10320);
#10322=EDGE_CURVE('',#10321,#10051,#10319,.T.);
#10323=ORIENTED_EDGE('',*,*,#10322,.T.);
#10324=CARTESIAN_POINT('',(0.,-3.388148976031549E-20,-0.0002));
#10325=DIRECTION('',(0.,6.7575375379321246E-18,1.));
#10326=VECTOR('',#10325,1.);
#10327=LINE('',#10324,#10326);
#10328=EDGE_CURVE('',#10059,#10051,#10327,.T.);
#10329=ORIENTED_EDGE('',*,*,#10328,.F.);
#10330=CARTESIAN_POINT('',(0.,0.,0.));
#10331=DIRECTION('',(1.,1.1793904530666842E-16,0.));
#10332=VECTOR('',#10331,1.);
#10333=LINE('',#10330,#10332);
#10334=EDGE_CURVE('',#10059,#10321,#10333,.T.);
#10335=ORIENTED_EDGE('',*,*,#10334,.T.);
#10336=EDGE_LOOP('',(#10323,#10329,#10335));
#10337=FACE_BOUND('',#10336,.T.);
#10338=CARTESIAN_POINT('',(0.,0.,0.004150000000000001));
#10339=CARTESIAN_POINT('',(0.,2.1064858766735392E-35,0.004357106781186549));
#10340=CARTESIAN_POINT('',(0.00014644660940672636,2.449371569244697E-21,0.004503553390593275));
#10341=CARTESIAN_POINT('',(0.0002928932188134528,4.898743138489372E-21,0.004650000000000001));
#10342=CARTESIAN_POINT('',(0.0005000000000000004,8.362677631006255E-21,0.0046500000000000005));
#10343=(BOUNDED_CURVE() B_SPLINE_CURVE(2,(#10338,#10339,#10340,#10341,#10342),.UNSPECIFIED.,.F.,.F.) B_SPLINE_CURVE_WITH_KNOTS((3,2,3),(0.,1.,2.),.UNSPECIFIED.) CURVE() GEOMETRIC_REPRESENTATION_ITEM() RATIONAL_B_SPLINE_CURVE((1.,0.9238795325112866,1.,0.9238795325112866,1.)) REPRESENTATION_ITEM(''));
#10344=CARTESIAN_POINT('',(0.,0.,0.004150000000000001));
#10345=VERTEX_POINT('',#10344);
#10346=CARTESIAN_POINT('',(0.0005000000000000004,8.362677631006255E-21,0.0046500000000000005));
#10347=VERTEX_POINT('',#10346);
#10348=EDGE_CURVE('',#10345,#10347,#10343,.T.);
#10349=ORIENTED_EDGE('',*,*,#10348,.T.);
#10350=CARTESIAN_POINT('',(0.,8.362677631006255E-21,0.0046500000000000005));
#10351=DIRECTION('',(1.,0.,0.));
#10352=VECTOR('',#10351,1.);
#10353=LINE('',#10350,#10352);
#10354=CARTESIAN_POINT('',(0.0002,8.362677631006255E-21,0.0046500000000000005));
#10355=VERTEX_POINT('',#10354);
#10356=EDGE_CURVE('',#10347,#10355,#10353,.T.);
#10357=ORIENTED_EDGE('',*,*,#10356,.T.);
#10358=CARTESIAN_POINT('',(0.0002,8.362677631006255E-21,0.0046500000000000005));
#10359=CARTESIAN_POINT('',(2.710505431213761E-20,-4.852440680194403E-35,0.0046500000000000005));
#10360=CARTESIAN_POINT('',(0.,-2.4589402089311088E-21,0.004450000000000001));
#10361=(BOUNDED_CURVE() B_SPLINE_CURVE(2,(#10358,#10359,#10360),.UNSPECIFIED.,.F.,.F.) B_SPLINE_CURVE_WITH_KNOTS((3,3),(0.,1.),.UNSPECIFIED.) CURVE() GEOMETRIC_REPRESENTATION_ITEM() RATIONAL_B_SPLINE_CURVE((1.,0.7071067811865476,1.)) REPRESENTATION_ITEM(''));
#10362=CARTESIAN_POINT('',(0.,-2.4589402089311088E-21,0.004450000000000001));
#10363=VERTEX_POINT('',#10362);
#10364=EDGE_CURVE('',#10355,#10363,#10361,.T.);
#10365=ORIENTED_EDGE('',*,*,#10364,.T.);
#10366=CARTESIAN_POINT('',(0.,-3.388148976031549E-20,-0.0002));
#10367=DIRECTION('',(0.,6.7575375379321246E-18,1.));
#10368=VECTOR('',#10367,1.);
#10369=LINE('',#10366,#10368);
#10370=EDGE_CURVE('',#10363,#10345,#10369,.T.);
#10371=ORIENTED_EDGE('',*,*,#10370,.T.);
#10372=EDGE_LOOP('',(#10349,#10357,#10365,#10371));
#10373=FACE_BOUND('',#10372,.T.);
#10374=CARTESIAN_POINT('',(0.019550000000000005,3.186180177413375E-19,0.0046500000000000005));
#10375=DIRECTION('',(-1.,0.,0.));
#10376=VECTOR('',#10375,1.);
#10377=LINE('',#10374,#10376);
#10378=CARTESIAN_POINT('',(0.019350000000000006,3.186180177413375E-19,0.0046500000000000005));
#10379=VERTEX_POINT('',#10378);
#10380=CARTESIAN_POINT('',(0.019050000000000004,3.186180177413375E-19,0.0046500000000000005));
#10381=VERTEX_POINT('',#10380);
#10382=EDGE_CURVE('',#10379,#10381,#10377,.T.);
#10383=ORIENTED_EDGE('',*,*,#10382,.F.);
#10384=CARTESIAN_POINT('',(0.019550000000000005,3.8621417559794156E-17,0.004450000000000001));
#10385=CARTESIAN_POINT('',(0.019550000000000005,3.2698069537234377E-19,0.0046500000000000005));
#10386=CARTESIAN_POINT('',(0.019350000000000006,3.186180177413375E-19,0.0046500000000000005));
#10387=(BOUNDED_CURVE() B_SPLINE_CURVE(2,(#10384,#10385,#10386),.UNSPECIFIED.,.F.,.F.) B_SPLINE_CURVE_WITH_KNOTS((3,3),(0.,1.),.UNSPECIFIED.) CURVE() GEOMETRIC_REPRESENTATION_ITEM() RATIONAL_B_SPLINE_CURVE((1.,0.7071067811865476,1.)) REPRESENTATION_ITEM(''));
#10388=CARTESIAN_POINT('',(0.019550000000000005,3.8621417559794156E-17,0.004450000000000001));
#10389=VERTEX_POINT('',#10388);
#10390=EDGE_CURVE('',#10389,#10379,#10387,.T.);
#10391=ORIENTED_EDGE('',*,*,#10390,.F.);
#10392=CARTESIAN_POINT('',(0.019550000000000005,4.0677316284068026E-19,-0.0002));
#10393=DIRECTION('',(0.,-8.218203096119026E-15,-1.));
#10394=VECTOR('',#10393,1.);
#10395=LINE('',#10392,#10394);
#10396=CARTESIAN_POINT('',(0.019550000000000005,3.2698069537234377E-19,0.004150000000000001));
#10397=VERTEX_POINT('',#10396);
#10398=EDGE_CURVE('',#10397,#10389,#10395,.T.);
#10399=ORIENTED_EDGE('',*,*,#10398,.F.);
#10400=CARTESIAN_POINT('',(0.019050000000000004,3.186180177413375E-19,0.0046500000000000005));
#10401=CARTESIAN_POINT('',(0.019550000000000005,3.269806953723438E-19,0.004650000000000001));
#10402=CARTESIAN_POINT('',(0.019550000000000005,3.2698069537234377E-19,0.004150000000000001));
#10403=(BOUNDED_CURVE() B_SPLINE_CURVE(2,(#10400,#10401,#10402),.UNSPECIFIED.,.F.,.F.) B_SPLINE_CURVE_WITH_KNOTS((3,3),(0.,1.),.UNSPECIFIED.) CURVE() GEOMETRIC_REPRESENTATION_ITEM() RATIONAL_B_SPLINE_CURVE((1.,0.7071067811865476,1.)) REPRESENTATION_ITEM(''));
#10404=EDGE_CURVE('',#10381,#10397,#10403,.T.);
#10405=ORIENTED_EDGE('',*,*,#10404,.F.);
#10406=EDGE_LOOP('',(#10383,#10391,#10399,#10405));
#10407=FACE_BOUND('',#10406,.T.);
#10408=ADVANCED_FACE('',(#10245,#10313,#10337,#10373,#10407),#10223,.F.);
#10409=CARTESIAN_POINT('',(0.,0.03308,0.0046500000000000005));
#10410=DIRECTION('',(0.,-1.,0.));
#10411=DIRECTION('',(0.,0.,-1.));
#10412=AXIS2_PLACEMENT_3D('',#10409,#10410,#10411);
#10413=PLANE('',#10412);
#10414=CARTESIAN_POINT('',(0.0010000000000000009,0.03308,0.0004999999999999996));
#10415=DIRECTION('',(-1.,0.,0.));
#10416=VECTOR('',#10415,1.);
#10417=LINE('',#10414,#10416);
#10418=CARTESIAN_POINT('',(0.001200000000000001,0.03308,0.0004999999999999996));
#10419=VERTEX_POINT('',#10418);
#10420=CARTESIAN_POINT('',(0.01835,0.03308,0.0004999999999999996));
#10421=VERTEX_POINT('',#10420);
#10422=EDGE_CURVE('',#10419,#10421,#10417,.T.);
#10423=ORIENTED_EDGE('',*,*,#10422,.T.);
#10424=CARTESIAN_POINT('',(0.01835,0.03308,0.0046500000000000005));
#10425=DIRECTION('',(0.,0.,-1.));
#10426=VECTOR('',#10425,1.);
#10427=LINE('',#10424,#10426);
#10428=CARTESIAN_POINT('',(0.01835,0.03308,0.00385));
#10429=VERTEX_POINT('',#10428);
#10430=EDGE_CURVE('',#10421,#10429,#10427,.T.);
#10431=ORIENTED_EDGE('',*,*,#10430,.T.);
#10432=CARTESIAN_POINT('',(0.,0.03308,0.00385));
#10433=DIRECTION('',(1.,0.,0.));
#10434=VECTOR('',#10433,1.);
#10435=LINE('',#10432,#10434);
#10436=CARTESIAN_POINT('',(0.01925,0.03308,0.00385));
#10437=VERTEX_POINT('',#10436);
#10438=EDGE_CURVE('',#10429,#10437,#10435,.T.);
#10439=ORIENTED_EDGE('',*,*,#10438,.T.);
#10440=CARTESIAN_POINT('',(0.01925,0.03308,0.0046500000000000005));
#10441=DIRECTION('',(0.,0.,-1.));
#10442=VECTOR('',#10441,1.);
#10443=LINE('',#10440,#10442);
#10444=CARTESIAN_POINT('',(0.01925,0.03308,0.0002763932022500195));
#10445=VERTEX_POINT('',#10444);
#10446=EDGE_CURVE('',#10437,#10445,#10443,.T.);
#10447=ORIENTED_EDGE('',*,*,#10446,.T.);
#10448=CARTESIAN_POINT('',(0.01925,0.03308,0.0002763932022500195));
#10449=CARTESIAN_POINT('',(0.019350000000000003,0.03308,0.00036583592135001116));
#10450=CARTESIAN_POINT('',(0.019350000000000003,0.03308,0.0004999999999999996));
#10451=(BOUNDED_CURVE() B_SPLINE_CURVE(2,(#10448,#10449,#10450),.UNSPECIFIED.,.F.,.F.) B_SPLINE_CURVE_WITH_KNOTS((3,3),(0.,1.),.UNSPECIFIED.) CURVE() GEOMETRIC_REPRESENTATION_ITEM() RATIONAL_B_SPLINE_CURVE((1.,0.9128709291752758,1.)) REPRESENTATION_ITEM(''));
#10452=CARTESIAN_POINT('',(0.019350000000000003,0.03308,0.0004999999999999996));
#10453=VERTEX_POINT('',#10452);
#10454=EDGE_CURVE('',#10445,#10453,#10451,.T.);
#10455=ORIENTED_EDGE('',*,*,#10454,.T.);
#10456=CARTESIAN_POINT('',(0.019350000000000003,0.03308,0.0046500000000000005));
#10457=DIRECTION('',(0.,0.,-1.));
#10458=VECTOR('',#10457,1.);
#10459=LINE('',#10456,#10458);
#10460=CARTESIAN_POINT('',(0.019350000000000003,0.03308,0.004150000000000001));
#10461=VERTEX_POINT('',#10460);
#10462=EDGE_CURVE('',#10453,#10461,#10459,.T.);
#10463=ORIENTED_EDGE('',*,*,#10462,.T.);
#10464=CARTESIAN_POINT('',(0.019350000000000003,0.03308,0.004150000000000001));
#10465=CARTESIAN_POINT('',(0.019350000000000003,0.03308,0.004450000000000001));
#10466=CARTESIAN_POINT('',(0.01905,0.03308,0.004450000000000001));
#10467=(BOUNDED_CURVE() B_SPLINE_CURVE(2,(#10464,#10465,#10466),.UNSPECIFIED.,.F.,.F.) B_SPLINE_CURVE_WITH_KNOTS((3,3),(0.,1.),.UNSPECIFIED.) CURVE() GEOMETRIC_REPRESENTATION_ITEM() RATIONAL_B_SPLINE_CURVE((1.,0.7071067811865476,1.)) REPRESENTATION_ITEM(''));
#10468=CARTESIAN_POINT('',(0.01905,0.03308,0.004450000000000001));
#10469=VERTEX_POINT('',#10468);
#10470=EDGE_CURVE('',#10461,#10469,#10467,.T.);
#10471=ORIENTED_EDGE('',*,*,#10470,.T.);
#10472=CARTESIAN_POINT('',(0.,0.03308,0.004450000000000001));
#10473=DIRECTION('',(-1.,0.,0.));
#10474=VECTOR('',#10473,1.);
#10475=LINE('',#10472,#10474);
#10476=CARTESIAN_POINT('',(0.0005,0.03308,0.004450000000000001));
#10477=VERTEX_POINT('',#10476);
#10478=EDGE_CURVE('',#10469,#10477,#10475,.T.);
#10479=ORIENTED_EDGE('',*,*,#10478,.T.);
#10480=CARTESIAN_POINT('',(0.0005,0.03308,0.004450000000000001));
#10481=CARTESIAN_POINT('',(0.00019999999999999998,0.03308,0.004450000000000001));
#10482=CARTESIAN_POINT('',(0.0002,0.03308,0.004150000000000001));
#10483=(BOUNDED_CURVE() B_SPLINE_CURVE(2,(#10480,#10481,#10482),.UNSPECIFIED.,.F.,.F.) B_SPLINE_CURVE_WITH_KNOTS((3,3),(0.,1.),.UNSPECIFIED.) CURVE() GEOMETRIC_REPRESENTATION_ITEM() RATIONAL_B_SPLINE_CURVE((1.,0.7071067811865476,1.)) REPRESENTATION_ITEM(''));
#10484=CARTESIAN_POINT('',(0.0002,0.03308,0.004150000000000001));
#10485=VERTEX_POINT('',#10484);
#10486=EDGE_CURVE('',#10477,#10485,#10483,.T.);
#10487=ORIENTED_EDGE('',*,*,#10486,.T.);
#10488=CARTESIAN_POINT('',(0.0002,0.03308,0.0046500000000000005));
#10489=DIRECTION('',(0.,0.,-1.));
#10490=VECTOR('',#10489,1.);
#10491=LINE('',#10488,#10490);
#10492=CARTESIAN_POINT('',(0.0002,0.03308,0.0004999999999999996));
#10493=VERTEX_POINT('',#10492);
#10494=EDGE_CURVE('',#10485,#10493,#10491,.T.);
#10495=ORIENTED_EDGE('',*,*,#10494,.T.);
#10496=CARTESIAN_POINT('',(0.0002,0.03308,0.0004999999999999996));
#10497=CARTESIAN_POINT('',(0.00019999999999999998,0.03308,0.0003658359213500118));
#10498=CARTESIAN_POINT('',(0.00030000000000000046,0.03308,0.00027639320225002017));
#10499=(BOUNDED_CURVE() B_SPLINE_CURVE(2,(#10496,#10497,#10498),.UNSPECIFIED.,.F.,.F.) B_SPLINE_CURVE_WITH_KNOTS((3,3),(0.,1.),.UNSPECIFIED.) CURVE() GEOMETRIC_REPRESENTATION_ITEM() RATIONAL_B_SPLINE_CURVE((1.,0.9128709291752765,1.)) REPRESENTATION_ITEM(''));
#10500=CARTESIAN_POINT('',(0.00030000000000000046,0.03308,0.00027639320225002017));
#10501=VERTEX_POINT('',#10500);
#10502=EDGE_CURVE('',#10493,#10501,#10499,.T.);
#10503=ORIENTED_EDGE('',*,*,#10502,.T.);
#10504=CARTESIAN_POINT('',(0.00030000000000000046,0.03308,0.0046500000000000005));
#10505=DIRECTION('',(0.,0.,-1.));
#10506=VECTOR('',#10505,1.);
#10507=LINE('',#10504,#10506);
#10508=CARTESIAN_POINT('',(0.00030000000000000046,0.03308,0.00385));
#10509=VERTEX_POINT('',#10508);
#10510=EDGE_CURVE('',#10501,#10509,#10507,.T.);
#10511=ORIENTED_EDGE('',*,*,#10510,.T.);
#10512=CARTESIAN_POINT('',(0.0005000000000000004,0.03308,0.00385));
#10513=DIRECTION('',(1.,0.,0.));
#10514=VECTOR('',#10513,1.);
#10515=LINE('',#10512,#10514);
#10516=CARTESIAN_POINT('',(0.001200000000000001,0.03308,0.00385));
#10517=VERTEX_POINT('',#10516);
#10518=EDGE_CURVE('',#10509,#10517,#10515,.T.);
#10519=ORIENTED_EDGE('',*,*,#10518,.T.);
#10520=CARTESIAN_POINT('',(0.001200000000000001,0.03308,0.0046500000000000005));
#10521=DIRECTION('',(0.,0.,-1.));
#10522=VECTOR('',#10521,1.);
#10523=LINE('',#10520,#10522);
#10524=EDGE_CURVE('',#10517,#10419,#10523,.T.);
#10525=ORIENTED_EDGE('',*,*,#10524,.T.);
#10526=EDGE_LOOP('',(#10423,#10431,#10439,#10447,#10455,#10463,#10471,#10479,#10487,#10495,#10503,#10511,#10519,#10525));
#10527=FACE_OUTER_BOUND('',#10526,.T.);
#10528=ADVANCED_FACE('',(#10527),#10413,.F.);
#10529=CARTESIAN_POINT('',(0.0005,0.,0.004150000000000001));
#10530=DIRECTION('',(0.,-1.,0.));
#10531=DIRECTION('',(0.,0.,-1.));
#10532=AXIS2_PLACEMENT_3D('',#10529,#10530,#10531);
#10533=CYLINDRICAL_SURFACE('',#10532,0.0005);
#10534=CARTESIAN_POINT('',(0.,0.03288,0.004150000000000001));
#10535=CARTESIAN_POINT('',(0.,0.03288,0.004650000000000001));
#10536=CARTESIAN_POINT('',(0.0005,0.03288,0.0046500000000000005));
#10537=(BOUNDED_CURVE() B_SPLINE_CURVE(2,(#10534,#10535,#10536),.UNSPECIFIED.,.F.,.F.) B_SPLINE_CURVE_WITH_KNOTS((3,3),(0.,1.),.UNSPECIFIED.) CURVE() GEOMETRIC_REPRESENTATION_ITEM() RATIONAL_B_SPLINE_CURVE((1.,0.7071067811865476,1.)) REPRESENTATION_ITEM(''));
#10538=EDGE_CURVE('',#10081,#10207,#10537,.T.);
#10539=ORIENTED_EDGE('',*,*,#10538,.F.);
#10540=CARTESIAN_POINT('',(0.,0.,0.004150000000000001));
#10541=DIRECTION('',(0.,-1.,0.));
#10542=VECTOR('',#10541,1.);
#10543=LINE('',#10540,#10542);
#10544=EDGE_CURVE('',#10081,#10083,#10543,.T.);
#10545=ORIENTED_EDGE('',*,*,#10544,.T.);
#10546=CARTESIAN_POINT('',(0.,0.,0.004150000000000001));
#10547=DIRECTION('',(0.,-1.,0.));
#10548=VECTOR('',#10547,1.);
#10549=LINE('',#10546,#10548);
#10550=EDGE_CURVE('',#10345,#10083,#10549,.T.);
#10551=ORIENTED_EDGE('',*,*,#10550,.F.);
#10552=CARTESIAN_POINT('',(0.,0.,0.004150000000000001));
#10553=CARTESIAN_POINT('',(0.,2.1064858766735392E-35,0.004357106781186549));
#10554=CARTESIAN_POINT('',(0.00014644660940672636,2.449371569244697E-21,0.004503553390593275));
#10555=CARTESIAN_POINT('',(0.0002928932188134528,4.898743138489372E-21,0.004650000000000001));
#10556=CARTESIAN_POINT('',(0.0005000000000000004,8.362677631006255E-21,0.0046500000000000005));
#10557=(BOUNDED_CURVE() B_SPLINE_CURVE(2,(#10552,#10553,#10554,#10555,#10556),.UNSPECIFIED.,.F.,.F.) B_SPLINE_CURVE_WITH_KNOTS((3,2,3),(0.,1.,2.),.UNSPECIFIED.) CURVE() GEOMETRIC_REPRESENTATION_ITEM() RATIONAL_B_SPLINE_CURVE((1.,0.9238795325112866,1.,0.9238795325112866,1.)) REPRESENTATION_ITEM(''));
#10558=EDGE_CURVE('',#10345,#10347,#10557,.T.);
#10559=ORIENTED_EDGE('',*,*,#10558,.T.);
#10560=CARTESIAN_POINT('',(0.0005000000000000004,8.362677631006255E-21,0.0046500000000000005));
#10561=DIRECTION('',(0.,-1.,0.));
#10562=VECTOR('',#10561,1.);
#10563=LINE('',#10560,#10562);
#10564=EDGE_CURVE('',#10199,#10347,#10563,.T.);
#10565=ORIENTED_EDGE('',*,*,#10564,.F.);
#10566=CARTESIAN_POINT('',(0.0005,0.,0.0046500000000000005));
#10567=DIRECTION('',(0.,-1.,0.));
#10568=VECTOR('',#10567,1.);
#10569=LINE('',#10566,#10568);
#10570=EDGE_CURVE('',#10199,#10207,#10569,.T.);
#10571=ORIENTED_EDGE('',*,*,#10570,.T.);
#10572=EDGE_LOOP('',(#10539,#10545,#10551,#10559,#10565,#10571));
#10573=FACE_OUTER_BOUND('',#10572,.T.);
#10574=ADVANCED_FACE('',(#10573),#10533,.T.);
#10575=CARTESIAN_POINT('',(0.0005,0.,0.0004999999999999996));
#10576=DIRECTION('',(0.,1.,0.));
#10577=DIRECTION('',(0.,0.,1.));
#10578=AXIS2_PLACEMENT_3D('',#10575,#10576,#10577);
#10579=CYLINDRICAL_SURFACE('',#10578,0.0005);
#10580=CARTESIAN_POINT('',(0.0005000000000000004,0.03288,0.));
#10581=CARTESIAN_POINT('',(0.00029289321881345283,0.03288,-6.505213034913027E-19));
#10582=CARTESIAN_POINT('',(0.00014644660940672636,0.03288,0.0001464466094067256));
#10583=CARTESIAN_POINT('',(0.,0.03288,0.0002928932188134519));
#10584=CARTESIAN_POINT('',(0.,0.03288,0.0004999999999999996));
#10585=(BOUNDED_CURVE() B_SPLINE_CURVE(2,(#10580,#10581,#10582,#10583,#10584),.UNSPECIFIED.,.F.,.F.) B_SPLINE_CURVE_WITH_KNOTS((3,2,3),(0.,1.,2.),.UNSPECIFIED.) CURVE() GEOMETRIC_REPRESENTATION_ITEM() RATIONAL_B_SPLINE_CURVE((1.,0.9238795325112866,1.,0.9238795325112866,1.)) REPRESENTATION_ITEM(''));
#10586=CARTESIAN_POINT('',(0.0005000000000000004,0.03288,0.));
#10587=VERTEX_POINT('',#10586);
#10588=EDGE_CURVE('',#10587,#10097,#10585,.T.);
#10589=ORIENTED_EDGE('',*,*,#10588,.F.);
#10590=CARTESIAN_POINT('',(0.0005000000000000004,0.0036799999999999984,0.));
#10591=DIRECTION('',(0.,1.,0.));
#10592=VECTOR('',#10591,1.);
#10593=LINE('',#10590,#10592);
#10594=EDGE_CURVE('',#40,#10587,#10593,.T.);
#10595=ORIENTED_EDGE('',*,*,#10594,.F.);
#10596=CARTESIAN_POINT('',(0.0005,0.03308,0.));
#10597=DIRECTION('',(0.,-1.,0.));
#10598=VECTOR('',#10597,1.);
#10599=LINE('',#10596,#10598);
#10600=EDGE_CURVE('',#40,#30,#10599,.T.);
#10601=ORIENTED_EDGE('',*,*,#10600,.T.);
#10602=CARTESIAN_POINT('',(0.0005,0.03308,0.));
#10603=DIRECTION('',(0.,-1.,0.));
#10604=VECTOR('',#10603,1.);
#10605=LINE('',#10602,#10604);
#10606=EDGE_CURVE('',#10321,#30,#10605,.T.);
#10607=ORIENTED_EDGE('',*,*,#10606,.F.);
#10608=CARTESIAN_POINT('',(0.0005000000000000004,8.362677631006255E-21,0.));
#10609=CARTESIAN_POINT('',(0.0002928932188134528,4.898743138489372E-21,-6.505213034913027E-19));
#10610=CARTESIAN_POINT('',(0.00014644660940672636,2.449371569244697E-21,0.00014644660940672566));
#10611=CARTESIAN_POINT('',(0.,2.1064858766735392E-35,0.00029289321881345197));
#10612=CARTESIAN_POINT('',(0.,-2.915121348376301E-20,0.0004999999999999996));
#10613=(BOUNDED_CURVE() B_SPLINE_CURVE(2,(#10608,#10609,#10610,#10611,#10612),.UNSPECIFIED.,.F.,.F.) B_SPLINE_CURVE_WITH_KNOTS((3,2,3),(0.,1.,2.),.UNSPECIFIED.) CURVE() GEOMETRIC_REPRESENTATION_ITEM() RATIONAL_B_SPLINE_CURVE((1.,0.9238795325112866,1.,0.9238795325112866,1.)) REPRESENTATION_ITEM(''));
#10614=EDGE_CURVE('',#10321,#10051,#10613,.T.);
#10615=ORIENTED_EDGE('',*,*,#10614,.T.);
#10616=CARTESIAN_POINT('',(0.,0.,0.0004999999999999996));
#10617=DIRECTION('',(0.,1.,0.));
#10618=VECTOR('',#10617,1.);
#10619=LINE('',#10616,#10618);
#10620=EDGE_CURVE('',#10051,#10043,#10619,.T.);
#10621=ORIENTED_EDGE('',*,*,#10620,.T.);
#10622=CARTESIAN_POINT('',(0.,0.,0.0004999999999999996));
#10623=DIRECTION('',(0.,-1.,0.));
#10624=VECTOR('',#10623,1.);
#10625=LINE('',#10622,#10624);
#10626=EDGE_CURVE('',#10043,#10097,#10625,.T.);
#10627=ORIENTED_EDGE('',*,*,#10626,.T.);
#10628=EDGE_LOOP('',(#10589,#10595,#10601,#10607,#10615,#10621,#10627));
#10629=FACE_OUTER_BOUND('',#10628,.T.);
#10630=ADVANCED_FACE('',(#10629),#10579,.T.);
#10631=CARTESIAN_POINT('',(0.019050000000000004,1.997973531883808E-18,0.004150000000000001));
#10632=DIRECTION('',(-1.0488050036135472E-16,1.,0.));
#10633=DIRECTION('',(-1.,-1.0488050036135472E-16,0.));
#10634=AXIS2_PLACEMENT_3D('',#10631,#10632,#10633);
#10635=CYLINDRICAL_SURFACE('',#10634,0.0005);
#10636=CARTESIAN_POINT('',(0.01905,0.03288,0.0046500000000000005));
#10637=CARTESIAN_POINT('',(0.01955,0.03288,0.004650000000000001));
#10638=CARTESIAN_POINT('',(0.01955,0.03288,0.004150000000000001));
#10639=(BOUNDED_CURVE() B_SPLINE_CURVE(2,(#10636,#10637,#10638),.UNSPECIFIED.,.F.,.F.) B_SPLINE_CURVE_WITH_KNOTS((3,3),(0.,1.),.UNSPECIFIED.) CURVE() GEOMETRIC_REPRESENTATION_ITEM() RATIONAL_B_SPLINE_CURVE((1.,0.7071067811865476,1.)) REPRESENTATION_ITEM(''));
#10640=EDGE_CURVE('',#10189,#10167,#10639,.T.);
#10641=ORIENTED_EDGE('',*,*,#10640,.F.);
#10642=CARTESIAN_POINT('',(0.019050000000000004,1.997973531883808E-18,0.0046500000000000005));
#10643=DIRECTION('',(-1.0488050036135472E-16,1.,0.));
#10644=VECTOR('',#10643,1.);
#10645=LINE('',#10642,#10644);
#10646=EDGE_CURVE('',#10189,#10191,#10645,.T.);
#10647=ORIENTED_EDGE('',*,*,#10646,.T.);
#10648=CARTESIAN_POINT('',(0.019050000000000004,1.997973531883808E-18,0.0046500000000000005));
#10649=DIRECTION('',(-1.0488050036135472E-16,1.,0.));
#10650=VECTOR('',#10649,1.);
#10651=LINE('',#10648,#10650);
#10652=EDGE_CURVE('',#10381,#10191,#10651,.T.);
#10653=ORIENTED_EDGE('',*,*,#10652,.F.);
#10654=CARTESIAN_POINT('',(0.019050000000000004,3.186180177413375E-19,0.0046500000000000005));
#10655=CARTESIAN_POINT('',(0.019550000000000005,3.269806953723438E-19,0.004650000000000001));
#10656=CARTESIAN_POINT('',(0.019550000000000005,3.2698069537234377E-19,0.004150000000000001));
#10657=(BOUNDED_CURVE() B_SPLINE_CURVE(2,(#10654,#10655,#10656),.UNSPECIFIED.,.F.,.F.) B_SPLINE_CURVE_WITH_KNOTS((3,3),(0.,1.),.UNSPECIFIED.) CURVE() GEOMETRIC_REPRESENTATION_ITEM() RATIONAL_B_SPLINE_CURVE((1.,0.7071067811865476,1.)) REPRESENTATION_ITEM(''));
#10658=EDGE_CURVE('',#10381,#10397,#10657,.T.);
#10659=ORIENTED_EDGE('',*,*,#10658,.T.);
#10660=CARTESIAN_POINT('',(0.019550000000000005,1.997973531883808E-18,0.004150000000000001));
#10661=DIRECTION('',(-1.0488050036135472E-16,1.,0.));
#10662=VECTOR('',#10661,1.);
#10663=LINE('',#10660,#10662);
#10664=EDGE_CURVE('',#10159,#10397,#10663,.T.);
#10665=ORIENTED_EDGE('',*,*,#10664,.F.);
#10666=CARTESIAN_POINT('',(0.01955,0.03308,0.004150000000000001));
#10667=DIRECTION('',(-1.0488050036135472E-16,1.,0.));
#10668=VECTOR('',#10667,1.);
#10669=LINE('',#10666,#10668);
#10670=EDGE_CURVE('',#10159,#10167,#10669,.T.);
#10671=ORIENTED_EDGE('',*,*,#10670,.T.);
#10672=EDGE_LOOP('',(#10641,#10647,#10653,#10659,#10665,#10671));
#10673=FACE_OUTER_BOUND('',#10672,.T.);
#10674=ADVANCED_FACE('',(#10673),#10635,.T.);
#10675=CARTESIAN_POINT('',(0.01905,0.03308,0.0004999999999999996));
#10676=DIRECTION('',(1.0488050036135472E-16,-1.,0.));
#10677=DIRECTION('',(1.,1.0488050036135472E-16,0.));
#10678=AXIS2_PLACEMENT_3D('',#10675,#10676,#10677);
#10679=CYLINDRICAL_SURFACE('',#10678,0.0005);
#10680=CARTESIAN_POINT('',(0.019050000000000004,0.,0.));
#10681=DIRECTION('',(-1.0488050036135472E-16,1.,0.));
#10682=VECTOR('',#10681,1.);
#10683=LINE('',#10680,#10682);
#10684=CARTESIAN_POINT('',(0.01905,0.03288,0.));
#10685=VERTEX_POINT('',#10684);
#10686=EDGE_CURVE('',#10685,#80,#10683,.T.);
#10687=ORIENTED_EDGE('',*,*,#10686,.F.);
#10688=CARTESIAN_POINT('',(0.01955,0.03288,0.0004999999999999996));
#10689=CARTESIAN_POINT('',(0.01955,0.03288,-4.336808689942018E-19));
#10690=CARTESIAN_POINT('',(0.01905,0.03288,0.));
#10691=(BOUNDED_CURVE() B_SPLINE_CURVE(2,(#10688,#10689,#10690),.UNSPECIFIED.,.F.,.F.) B_SPLINE_CURVE_WITH_KNOTS((3,3),(0.,1.),.UNSPECIFIED.) CURVE() GEOMETRIC_REPRESENTATION_ITEM() RATIONAL_B_SPLINE_CURVE((1.,0.7071067811865476,1.)) REPRESENTATION_ITEM(''));
#10692=EDGE_CURVE('',#10151,#10685,#10691,.T.);
#10693=ORIENTED_EDGE('',*,*,#10692,.F.);
#10694=CARTESIAN_POINT('',(0.01955,0.03308,0.0004999999999999996));
#10695=DIRECTION('',(-1.0488050036135472E-16,1.,0.));
#10696=VECTOR('',#10695,1.);
#10697=LINE('',#10694,#10696);
#10698=EDGE_CURVE('',#10151,#9995,#10697,.T.);
#10699=ORIENTED_EDGE('',*,*,#10698,.T.);
#10700=CARTESIAN_POINT('',(0.01955,0.03308,0.0004999999999999996));
#10701=DIRECTION('',(-1.0488050036135472E-16,1.,0.));
#10702=VECTOR('',#10701,1.);
#10703=LINE('',#10700,#10702);
#10704=EDGE_CURVE('',#9995,#10011,#10703,.T.);
#10705=ORIENTED_EDGE('',*,*,#10704,.T.);
#10706=CARTESIAN_POINT('',(0.019550000000000005,3.2698069537234377E-19,0.0004999999999999996));
#10707=CARTESIAN_POINT('',(0.019550000000000005,8.362677631006233E-21,-4.336808689942018E-19));
#10708=CARTESIAN_POINT('',(0.019050000000000004,3.186180177413375E-19,0.));
#10709=(BOUNDED_CURVE() B_SPLINE_CURVE(2,(#10706,#10707,#10708),.UNSPECIFIED.,.F.,.F.) B_SPLINE_CURVE_WITH_KNOTS((3,3),(0.,1.),.UNSPECIFIED.) CURVE() GEOMETRIC_REPRESENTATION_ITEM() RATIONAL_B_SPLINE_CURVE((1.,0.7071067811865476,1.)) REPRESENTATION_ITEM(''));
#10710=EDGE_CURVE('',#10011,#10229,#10709,.T.);
#10711=ORIENTED_EDGE('',*,*,#10710,.T.);
#10712=CARTESIAN_POINT('',(0.01905,0.03308,-2.168404344971009E-19));
#10713=DIRECTION('',(1.0488050036135472E-16,-1.,0.));
#10714=VECTOR('',#10713,1.);
#10715=LINE('',#10712,#10714);
#10716=EDGE_CURVE('',#32,#10229,#10715,.T.);
#10717=ORIENTED_EDGE('',*,*,#10716,.F.);
#10718=CARTESIAN_POINT('',(0.019050000000000004,0.,0.));
#10719=DIRECTION('',(-1.0488050036135472E-16,1.,0.));
#10720=VECTOR('',#10719,1.);
#10721=LINE('',#10718,#10720);
#10722=EDGE_CURVE('',#32,#80,#10721,.T.);
#10723=ORIENTED_EDGE('',*,*,#10722,.T.);
#10724=EDGE_LOOP('',(#10687,#10693,#10699,#10705,#10711,#10717,#10723));
#10725=FACE_OUTER_BOUND('',#10724,.T.);
#10726=ADVANCED_FACE('',(#10725),#10679,.T.);
#10727=CARTESIAN_POINT('',(0.01855,0.03308,0.00365));
#10728=DIRECTION('',(-1.,0.,0.));
#10729=DIRECTION('',(0.,0.,1.));
#10730=AXIS2_PLACEMENT_3D('',#10727,#10728,#10729);
#10731=PLANE('',#10730);
#10732=CARTESIAN_POINT('',(0.01855,0.03308,0.0005));
#10733=DIRECTION('',(0.,1.,0.));
#10734=VECTOR('',#10733,1.);
#10735=LINE('',#10732,#10734);
#10736=CARTESIAN_POINT('',(0.01855,0.03288,0.0005));
#10737=VERTEX_POINT('',#10736);
#10738=CARTESIAN_POINT('',(0.01855,0.003679999999999999,0.0005));
#10739=VERTEX_POINT('',#10738);
#10740=EDGE_CURVE('',#10737,#10739,#10735,.T.);
#10741=ORIENTED_EDGE('',*,*,#10740,.T.);
#10742=CARTESIAN_POINT('',(0.01855,0.003679999999999999,0.00365));
#10743=DIRECTION('',(0.,0.,-1.));
#10744=VECTOR('',#10743,1.);
#10745=LINE('',#10742,#10744);
#10746=CARTESIAN_POINT('',(0.01855,0.003679999999999999,0.00365));
#10747=VERTEX_POINT('',#10746);
#10748=EDGE_CURVE('',#10739,#10747,#10745,.T.);
#10749=ORIENTED_EDGE('',*,*,#10748,.T.);
#10750=CARTESIAN_POINT('',(0.01855,0.03308,0.00365));
#10751=DIRECTION('',(0.,1.,0.));
#10752=VECTOR('',#10751,1.);
#10753=LINE('',#10750,#10752);
#10754=CARTESIAN_POINT('',(0.01855,0.03288,0.00365));
#10755=VERTEX_POINT('',#10754);
#10756=EDGE_CURVE('',#10747,#10755,#10753,.T.);
#10757=ORIENTED_EDGE('',*,*,#10756,.T.);
#10758=CARTESIAN_POINT('',(0.01855,0.03288,0.00365));
#10759=DIRECTION('',(0.,0.,-1.));
#10760=VECTOR('',#10759,1.);
#10761=LINE('',#10758,#10760);
#10762=EDGE_CURVE('',#10755,#10737,#10761,.T.);
#10763=ORIENTED_EDGE('',*,*,#10762,.T.);
#10764=EDGE_LOOP('',(#10741,#10749,#10757,#10763));
#10765=FACE_OUTER_BOUND('',#10764,.T.);
#10766=ADVANCED_FACE('',(#10765),#10731,.F.);
#10767=CARTESIAN_POINT('',(0.01855,0.003679999999999999,0.00365));
#10768=DIRECTION('',(-8.673617379883967E-16,-1.,0.));
#10769=DIRECTION('',(1.,-8.673617379883967E-16,0.));
#10770=AXIS2_PLACEMENT_3D('',#10767,#10768,#10769);
#10771=PLANE('',#10770);
#10772=CARTESIAN_POINT('',(0.019050000000000004,0.0036799999999999984,0.00365));
#10773=DIRECTION('',(0.,0.,-1.));
#10774=VECTOR('',#10773,1.);
#10775=LINE('',#10772,#10774);
#10776=CARTESIAN_POINT('',(0.019050000000000004,0.0036799999999999984,0.00365));
#10777=VERTEX_POINT('',#10776);
#10778=EDGE_CURVE('',#80,#10777,#10775,.T.);
#10779=ORIENTED_EDGE('',*,*,#10778,.T.);
#10780=CARTESIAN_POINT('',(0.01855,0.003679999999999999,0.00365));
#10781=DIRECTION('',(-1.,8.673617379883967E-16,0.));
#10782=VECTOR('',#10781,1.);
#10783=LINE('',#10780,#10782);
#10784=EDGE_CURVE('',#10777,#10747,#10783,.T.);
#10785=ORIENTED_EDGE('',*,*,#10784,.T.);
#10786=CARTESIAN_POINT('',(0.01855,0.003679999999999999,0.00365));
#10787=DIRECTION('',(0.,0.,-1.));
#10788=VECTOR('',#10787,1.);
#10789=LINE('',#10786,#10788);
#10790=EDGE_CURVE('',#10739,#10747,#10789,.T.);
#10791=ORIENTED_EDGE('',*,*,#10790,.F.);
#10792=CARTESIAN_POINT('',(0.01855,0.003679999999999999,0.0005));
#10793=CARTESIAN_POINT('',(0.01855,0.003679999999999999,0.));
#10794=CARTESIAN_POINT('',(0.01805,0.0036799999999999992,0.));
#10795=(BOUNDED_CURVE() B_SPLINE_CURVE(2,(#10792,#10793,#10794),.UNSPECIFIED.,.F.,.F.) B_SPLINE_CURVE_WITH_KNOTS((3,3),(0.,1.),.UNSPECIFIED.) CURVE() GEOMETRIC_REPRESENTATION_ITEM() RATIONAL_B_SPLINE_CURVE((1.,0.7071067811865476,1.)) REPRESENTATION_ITEM(''));
#10796=EDGE_CURVE('',#10739,#72,#10795,.T.);
#10797=ORIENTED_EDGE('',*,*,#10796,.T.);
#10798=CARTESIAN_POINT('',(0.01855,0.003679999999999999,0.));
#10799=DIRECTION('',(-1.,8.673617379883967E-16,0.));
#10800=VECTOR('',#10799,1.);
#10801=LINE('',#10798,#10800);
#10802=EDGE_CURVE('',#80,#72,#10801,.T.);
#10803=ORIENTED_EDGE('',*,*,#10802,.F.);
#10804=EDGE_LOOP('',(#10779,#10785,#10791,#10797,#10803));
#10805=FACE_OUTER_BOUND('',#10804,.T.);
#10806=ADVANCED_FACE('',(#10805),#10771,.F.);
#10807=CARTESIAN_POINT('',(0.019050000000000004,0.0036799999999999984,0.00365));
#10808=DIRECTION('',(1.,1.1800839972631342E-16,0.));
#10809=DIRECTION('',(-1.1800839972631342E-16,1.,0.));
#10810=AXIS2_PLACEMENT_3D('',#10807,#10808,#10809);
#10811=PLANE('',#10810);
#10812=CARTESIAN_POINT('',(0.019050000000000004,0.0036799999999999984,0.00365));
#10813=DIRECTION('',(0.,0.,-1.));
#10814=VECTOR('',#10813,1.);
#10815=LINE('',#10812,#10814);
#10816=EDGE_CURVE('',#80,#10777,#10815,.T.);
#10817=ORIENTED_EDGE('',*,*,#10816,.F.);
#10818=CARTESIAN_POINT('',(0.019050000000000004,0.,0.));
#10819=DIRECTION('',(-1.0488050036135472E-16,1.,0.));
#10820=VECTOR('',#10819,1.);
#10821=LINE('',#10818,#10820);
#10822=EDGE_CURVE('',#10685,#80,#10821,.T.);
#10823=ORIENTED_EDGE('',*,*,#10822,.F.);
#10824=CARTESIAN_POINT('',(0.01905,0.03288,0.00365));
#10825=DIRECTION('',(0.,0.,-1.));
#10826=VECTOR('',#10825,1.);
#10827=LINE('',#10824,#10826);
#10828=CARTESIAN_POINT('',(0.01905,0.03288,0.00365));
#10829=VERTEX_POINT('',#10828);
#10830=EDGE_CURVE('',#10685,#10829,#10827,.T.);
#10831=ORIENTED_EDGE('',*,*,#10830,.T.);
#10832=CARTESIAN_POINT('',(0.019050000000000004,0.0036799999999999984,0.00365));
#10833=DIRECTION('',(1.1800839972631342E-16,-1.,0.));
#10834=VECTOR('',#10833,1.);
#10835=LINE('',#10832,#10834);
#10836=EDGE_CURVE('',#10829,#10777,#10835,.T.);
#10837=ORIENTED_EDGE('',*,*,#10836,.T.);
#10838=EDGE_LOOP('',(#10817,#10823,#10831,#10837));
#10839=FACE_OUTER_BOUND('',#10838,.T.);
#10840=ADVANCED_FACE('',(#10839),#10811,.F.);
#10841=CARTESIAN_POINT('',(0.,0.,0.00365));
#10842=DIRECTION('',(0.,0.,1.));
#10843=DIRECTION('',(1.,0.,0.));
#10844=AXIS2_PLACEMENT_3D('',#10841,#10842,#10843);
#10845=PLANE('',#10844);
#10846=CARTESIAN_POINT('',(0.01855,0.003679999999999999,0.00365));
#10847=DIRECTION('',(-1.,8.673617379883967E-16,0.));
#10848=VECTOR('',#10847,1.);
#10849=LINE('',#10846,#10848);
#10850=EDGE_CURVE('',#10777,#10747,#10849,.T.);
#10851=ORIENTED_EDGE('',*,*,#10850,.F.);
#10852=CARTESIAN_POINT('',(0.019050000000000004,0.0036799999999999984,0.00365));
#10853=DIRECTION('',(1.1800839972631342E-16,-1.,0.));
#10854=VECTOR('',#10853,1.);
#10855=LINE('',#10852,#10854);
#10856=EDGE_CURVE('',#10829,#10777,#10855,.T.);
#10857=ORIENTED_EDGE('',*,*,#10856,.F.);
#10858=CARTESIAN_POINT('',(0.,0.03288,0.00365));
#10859=DIRECTION('',(1.,0.,0.));
#10860=VECTOR('',#10859,1.);
#10861=LINE('',#10858,#10860);
#10862=EDGE_CURVE('',#10829,#10755,#10861,.T.);
#10863=ORIENTED_EDGE('',*,*,#10862,.T.);
#10864=CARTESIAN_POINT('',(0.01855,0.03308,0.00365));
#10865=DIRECTION('',(0.,1.,0.));
#10866=VECTOR('',#10865,1.);
#10867=LINE('',#10864,#10866);
#10868=EDGE_CURVE('',#10747,#10755,#10867,.T.);
#10869=ORIENTED_EDGE('',*,*,#10868,.F.);
#10870=EDGE_LOOP('',(#10851,#10857,#10863,#10869));
#10871=FACE_OUTER_BOUND('',#10870,.T.);
#10872=ADVANCED_FACE('',(#10871),#10845,.F.);
#10873=CARTESIAN_POINT('',(0.0005000000000000004,0.0036799999999999984,0.00365));
#10874=DIRECTION('',(-1.,0.,0.));
#10875=DIRECTION('',(0.,0.,1.));
#10876=AXIS2_PLACEMENT_3D('',#10873,#10874,#10875);
#10877=PLANE('',#10876);
#10878=CARTESIAN_POINT('',(0.0005000000000000004,0.0036799999999999984,0.00365));
#10879=DIRECTION('',(0.,0.,-1.));
#10880=VECTOR('',#10879,1.);
#10881=LINE('',#10878,#10880);
#10882=CARTESIAN_POINT('',(0.0005000000000000004,0.0036799999999999984,0.00365));
#10883=VERTEX_POINT('',#10882);
#10884=EDGE_CURVE('',#40,#10883,#10881,.T.);
#10885=ORIENTED_EDGE('',*,*,#10884,.T.);
#10886=CARTESIAN_POINT('',(0.0005000000000000004,0.0036799999999999984,0.00365));
#10887=DIRECTION('',(0.,1.,0.));
#10888=VECTOR('',#10887,1.);
#10889=LINE('',#10886,#10888);
#10890=CARTESIAN_POINT('',(0.0005000000000000004,0.03288,0.00365));
#10891=VERTEX_POINT('',#10890);
#10892=EDGE_CURVE('',#10883,#10891,#10889,.T.);
#10893=ORIENTED_EDGE('',*,*,#10892,.T.);
#10894=CARTESIAN_POINT('',(0.0005000000000000004,0.03288,0.00365));
#10895=DIRECTION('',(0.,0.,-1.));
#10896=VECTOR('',#10895,1.);
#10897=LINE('',#10894,#10896);
#10898=EDGE_CURVE('',#10891,#10587,#10897,.T.);
#10899=ORIENTED_EDGE('',*,*,#10898,.T.);
#10900=CARTESIAN_POINT('',(0.0005000000000000004,0.0036799999999999984,0.));
#10901=DIRECTION('',(0.,1.,0.));
#10902=VECTOR('',#10901,1.);
#10903=LINE('',#10900,#10902);
#10904=EDGE_CURVE('',#40,#10587,#10903,.T.);
#10905=ORIENTED_EDGE('',*,*,#10904,.F.);
#10906=EDGE_LOOP('',(#10885,#10893,#10899,#10905));
#10907=FACE_OUTER_BOUND('',#10906,.T.);
#10908=ADVANCED_FACE('',(#10907),#10877,.F.);
#10909=CARTESIAN_POINT('',(0.001000000000000004,0.003679999999999999,0.00365));
#10910=DIRECTION('',(8.673617379883975E-16,-1.,0.));
#10911=DIRECTION('',(1.,8.673617379883975E-16,0.));
#10912=AXIS2_PLACEMENT_3D('',#10909,#10910,#10911);
#10913=PLANE('',#10912);
#10914=CARTESIAN_POINT('',(0.001500000000000004,0.0036799999999999992,0.));
#10915=CARTESIAN_POINT('',(0.001000000000000004,0.003679999999999999,0.));
#10916=CARTESIAN_POINT('',(0.001000000000000004,0.003679999999999999,0.0005));
#10917=(BOUNDED_CURVE() B_SPLINE_CURVE(2,(#10914,#10915,#10916),.UNSPECIFIED.,.F.,.F.) B_SPLINE_CURVE_WITH_KNOTS((3,3),(0.,1.),.UNSPECIFIED.) CURVE() GEOMETRIC_REPRESENTATION_ITEM() RATIONAL_B_SPLINE_CURVE((1.,0.7071067811865476,1.)) REPRESENTATION_ITEM(''));
#10918=CARTESIAN_POINT('',(0.001000000000000004,0.003679999999999999,0.0005));
#10919=VERTEX_POINT('',#10918);
#10920=EDGE_CURVE('',#48,#10919,#10917,.T.);
#10921=ORIENTED_EDGE('',*,*,#10920,.T.);
#10922=CARTESIAN_POINT('',(0.001000000000000004,0.003679999999999999,0.00365));
#10923=DIRECTION('',(0.,0.,-1.));
#10924=VECTOR('',#10923,1.);
#10925=LINE('',#10922,#10924);
#10926=CARTESIAN_POINT('',(0.001000000000000004,0.003679999999999999,0.00365));
#10927=VERTEX_POINT('',#10926);
#10928=EDGE_CURVE('',#10919,#10927,#10925,.T.);
#10929=ORIENTED_EDGE('',*,*,#10928,.T.);
#10930=CARTESIAN_POINT('',(0.001000000000000004,0.003679999999999999,0.00365));
#10931=DIRECTION('',(-1.,-8.673617379883975E-16,0.));
#10932=VECTOR('',#10931,1.);
#10933=LINE('',#10930,#10932);
#10934=EDGE_CURVE('',#10927,#10883,#10933,.T.);
#10935=ORIENTED_EDGE('',*,*,#10934,.T.);
#10936=CARTESIAN_POINT('',(0.0005000000000000004,0.0036799999999999984,0.00365));
#10937=DIRECTION('',(0.,0.,-1.));
#10938=VECTOR('',#10937,1.);
#10939=LINE('',#10936,#10938);
#10940=EDGE_CURVE('',#40,#10883,#10939,.T.);
#10941=ORIENTED_EDGE('',*,*,#10940,.F.);
#10942=CARTESIAN_POINT('',(0.001000000000000004,0.003679999999999999,0.));
#10943=DIRECTION('',(-1.,-8.673617379883975E-16,0.));
#10944=VECTOR('',#10943,1.);
#10945=LINE('',#10942,#10944);
#10946=EDGE_CURVE('',#48,#40,#10945,.T.);
#10947=ORIENTED_EDGE('',*,*,#10946,.F.);
#10948=EDGE_LOOP('',(#10921,#10929,#10935,#10941,#10947));
#10949=FACE_OUTER_BOUND('',#10948,.T.);
#10950=ADVANCED_FACE('',(#10949),#10913,.F.);
#10951=CARTESIAN_POINT('',(0.0010000000000000009,0.03308,0.00365));
#10952=DIRECTION('',(1.,1.0325734976052425E-16,0.));
#10953=DIRECTION('',(-1.0325734976052425E-16,1.,0.));
#10954=AXIS2_PLACEMENT_3D('',#10951,#10952,#10953);
#10955=PLANE('',#10954);
#10956=CARTESIAN_POINT('',(0.001000000000000004,0.003679999999999999,0.00365));
#10957=DIRECTION('',(0.,0.,-1.));
#10958=VECTOR('',#10957,1.);
#10959=LINE('',#10956,#10958);
#10960=EDGE_CURVE('',#10919,#10927,#10959,.T.);
#10961=ORIENTED_EDGE('',*,*,#10960,.F.);
#10962=CARTESIAN_POINT('',(0.001000000000000004,0.0036799999999999992,0.0005));
#10963=DIRECTION('',(1.0325734976052425E-16,-1.,0.));
#10964=VECTOR('',#10963,1.);
#10965=LINE('',#10962,#10964);
#10966=CARTESIAN_POINT('',(0.0010000000000000009,0.03288,0.0005));
#10967=VERTEX_POINT('',#10966);
#10968=EDGE_CURVE('',#10919,#10967,#10965,.T.);
#10969=ORIENTED_EDGE('',*,*,#10968,.T.);
#10970=CARTESIAN_POINT('',(0.0010000000000000009,0.03288,0.00365));
#10971=DIRECTION('',(0.,0.,-1.));
#10972=VECTOR('',#10971,1.);
#10973=LINE('',#10970,#10972);
#10974=CARTESIAN_POINT('',(0.0010000000000000009,0.03288,0.00365));
#10975=VERTEX_POINT('',#10974);
#10976=EDGE_CURVE('',#10967,#10975,#10973,.T.);
#10977=ORIENTED_EDGE('',*,*,#10976,.T.);
#10978=CARTESIAN_POINT('',(0.0010000000000000009,0.03308,0.00365));
#10979=DIRECTION('',(1.0325734976052425E-16,-1.,0.));
#10980=VECTOR('',#10979,1.);
#10981=LINE('',#10978,#10980);
#10982=EDGE_CURVE('',#10975,#10927,#10981,.T.);
#10983=ORIENTED_EDGE('',*,*,#10982,.T.);
#10984=EDGE_LOOP('',(#10961,#10969,#10977,#10983));
#10985=FACE_OUTER_BOUND('',#10984,.T.);
#10986=ADVANCED_FACE('',(#10985),#10955,.F.);
#10987=CARTESIAN_POINT('',(0.,0.,0.00365));
#10988=DIRECTION('',(0.,0.,-1.));
#10989=DIRECTION('',(-1.,0.,0.));
#10990=AXIS2_PLACEMENT_3D('',#10987,#10988,#10989);
#10991=PLANE('',#10990);
#10992=CARTESIAN_POINT('',(0.0005000000000000004,0.0036799999999999984,0.00365));
#10993=DIRECTION('',(0.,1.,0.));
#10994=VECTOR('',#10993,1.);
#10995=LINE('',#10992,#10994);
#10996=EDGE_CURVE('',#10883,#10891,#10995,.T.);
#10997=ORIENTED_EDGE('',*,*,#10996,.T.);
#10998=CARTESIAN_POINT('',(0.0010000000000000009,0.03288,0.00365));
#10999=DIRECTION('',(1.,0.,0.));
#11000=VECTOR('',#10999,1.);
#11001=LINE('',#10998,#11000);
#11002=EDGE_CURVE('',#10975,#10891,#11001,.T.);
#11003=ORIENTED_EDGE('',*,*,#11002,.F.);
#11004=CARTESIAN_POINT('',(0.0010000000000000009,0.03308,0.00365));
#11005=DIRECTION('',(1.0325734976052425E-16,-1.,0.));
#11006=VECTOR('',#11005,1.);
#11007=LINE('',#11004,#11006);
#11008=EDGE_CURVE('',#10975,#10927,#11007,.T.);
#11009=ORIENTED_EDGE('',*,*,#11008,.T.);
#11010=CARTESIAN_POINT('',(0.001000000000000004,0.003679999999999999,0.00365));
#11011=DIRECTION('',(-1.,-8.673617379883975E-16,0.));
#11012=VECTOR('',#11011,1.);
#11013=LINE('',#11010,#11012);
#11014=EDGE_CURVE('',#10927,#10883,#11013,.T.);
#11015=ORIENTED_EDGE('',*,*,#11014,.T.);
#11016=EDGE_LOOP('',(#10997,#11003,#11009,#11015));
#11017=FACE_OUTER_BOUND('',#11016,.T.);
#11018=ADVANCED_FACE('',(#11017),#10991,.T.);
#11019=CARTESIAN_POINT('',(0.01805,0.03308,0.0005));
#11020=DIRECTION('',(0.,-1.,0.));
#11021=DIRECTION('',(0.,0.,-1.));
#11022=AXIS2_PLACEMENT_3D('',#11019,#11020,#11021);
#11023=CYLINDRICAL_SURFACE('',#11022,0.0005);
#11024=CARTESIAN_POINT('',(0.01855,0.03288,0.0005));
#11025=CARTESIAN_POINT('',(0.01855,0.03288,0.0002928932188134524));
#11026=CARTESIAN_POINT('',(0.018403553390593273,0.032792132034355964,0.0001464466094067261));
#11027=CARTESIAN_POINT('',(0.018257106781186548,0.03270426406871193,-2.168404344971009E-19));
#11028=CARTESIAN_POINT('',(0.01805,0.03258,0.));
#11029=(BOUNDED_CURVE() B_SPLINE_CURVE(2,(#11024,#11025,#11026,#11027,#11028),.UNSPECIFIED.,.F.,.F.) B_SPLINE_CURVE_WITH_KNOTS((3,2,3),(0.,1.,2.),.UNSPECIFIED.) CURVE() GEOMETRIC_REPRESENTATION_ITEM() RATIONAL_B_SPLINE_CURVE((1.,0.9238795325112867,1.,0.9238795325112867,1.)) REPRESENTATION_ITEM(''));
#11030=EDGE_CURVE('',#10737,#64,#11029,.T.);
#11031=ORIENTED_EDGE('',*,*,#11030,.F.);
#11032=CARTESIAN_POINT('',(0.01855,0.03308,0.0005));
#11033=DIRECTION('',(0.,1.,0.));
#11034=VECTOR('',#11033,1.);
#11035=LINE('',#11032,#11034);
#11036=EDGE_CURVE('',#10737,#10739,#11035,.T.);
#11037=ORIENTED_EDGE('',*,*,#11036,.T.);
#11038=CARTESIAN_POINT('',(0.01855,0.003679999999999999,0.0005));
#11039=CARTESIAN_POINT('',(0.01855,0.003679999999999999,0.));
#11040=CARTESIAN_POINT('',(0.01805,0.0036799999999999992,0.));
#11041=(BOUNDED_CURVE() B_SPLINE_CURVE(2,(#11038,#11039,#11040),.UNSPECIFIED.,.F.,.F.) B_SPLINE_CURVE_WITH_KNOTS((3,3),(0.,1.),.UNSPECIFIED.) CURVE() GEOMETRIC_REPRESENTATION_ITEM() RATIONAL_B_SPLINE_CURVE((1.,0.7071067811865476,1.)) REPRESENTATION_ITEM(''));
#11042=EDGE_CURVE('',#10739,#72,#11041,.T.);
#11043=ORIENTED_EDGE('',*,*,#11042,.T.);
#11044=CARTESIAN_POINT('',(0.01805,0.0036799999999999992,0.));
#11045=DIRECTION('',(0.,1.,0.));
#11046=VECTOR('',#11045,1.);
#11047=LINE('',#11044,#11046);
#11048=EDGE_CURVE('',#72,#64,#11047,.T.);
#11049=ORIENTED_EDGE('',*,*,#11048,.T.);
#11050=EDGE_LOOP('',(#11031,#11037,#11043,#11049));
#11051=FACE_OUTER_BOUND('',#11050,.T.);
#11052=ADVANCED_FACE('',(#11051),#11023,.T.);
#11053=CARTESIAN_POINT('',(0.,0.03258,0.0004999999999999996));
#11054=DIRECTION('',(1.,0.,0.));
#11055=DIRECTION('',(0.,0.,-1.));
#11056=AXIS2_PLACEMENT_3D('',#11053,#11054,#11055);
#11057=CYLINDRICAL_SURFACE('',#11056,0.0005);
#11058=CARTESIAN_POINT('',(0.001200000000000001,0.03308,0.0004999999999999996));
#11059=CARTESIAN_POINT('',(0.0012000000000000012,0.03308,-2.168404344971009E-19));
#11060=CARTESIAN_POINT('',(0.001500000000000001,0.03258,0.));
#11061=(BOUNDED_CURVE() B_SPLINE_CURVE(2,(#11058,#11059,#11060),.UNSPECIFIED.,.F.,.F.) B_SPLINE_CURVE_WITH_KNOTS((3,3),(0.,1.),.UNSPECIFIED.) CURVE() GEOMETRIC_REPRESENTATION_ITEM() RATIONAL_B_SPLINE_CURVE((1.,0.7071067811865477,1.)) REPRESENTATION_ITEM(''));
#11062=EDGE_CURVE('',#10419,#56,#11061,.T.);
#11063=ORIENTED_EDGE('',*,*,#11062,.F.);
#11064=CARTESIAN_POINT('',(0.0010000000000000009,0.03308,0.0004999999999999996));
#11065=DIRECTION('',(-1.,0.,0.));
#11066=VECTOR('',#11065,1.);
#11067=LINE('',#11064,#11066);
#11068=EDGE_CURVE('',#10419,#10421,#11067,.T.);
#11069=ORIENTED_EDGE('',*,*,#11068,.T.);
#11070=CARTESIAN_POINT('',(0.01805,0.03258,0.));
#11071=CARTESIAN_POINT('',(0.01835,0.03308,-2.168404344971009E-19));
#11072=CARTESIAN_POINT('',(0.01835,0.03308,0.0004999999999999996));
#11073=(BOUNDED_CURVE() B_SPLINE_CURVE(2,(#11070,#11071,#11072),.UNSPECIFIED.,.F.,.F.) B_SPLINE_CURVE_WITH_KNOTS((3,3),(0.,1.),.UNSPECIFIED.) CURVE() GEOMETRIC_REPRESENTATION_ITEM() RATIONAL_B_SPLINE_CURVE((1.,0.7071067811865477,1.)) REPRESENTATION_ITEM(''));
#11074=EDGE_CURVE('',#64,#10421,#11073,.T.);
#11075=ORIENTED_EDGE('',*,*,#11074,.F.);
#11076=CARTESIAN_POINT('',(0.01855,0.03258,0.));
#11077=DIRECTION('',(-1.,0.,0.));
#11078=VECTOR('',#11077,1.);
#11079=LINE('',#11076,#11078);
#11080=EDGE_CURVE('',#64,#56,#11079,.T.);
#11081=ORIENTED_EDGE('',*,*,#11080,.T.);
#11082=EDGE_LOOP('',(#11063,#11069,#11075,#11081));
#11083=FACE_OUTER_BOUND('',#11082,.T.);
#11084=ADVANCED_FACE('',(#11083),#11057,.T.);
#11085=CARTESIAN_POINT('',(0.001500000000000001,0.03308,0.0005));
#11086=DIRECTION('',(-1.0325734976052425E-16,1.,0.));
#11087=DIRECTION('',(-1.,-1.0325734976052425E-16,0.));
#11088=AXIS2_PLACEMENT_3D('',#11085,#11086,#11087);
#11089=CYLINDRICAL_SURFACE('',#11088,0.0005);
#11090=CARTESIAN_POINT('',(0.001500000000000001,0.03258,0.));
#11091=CARTESIAN_POINT('',(0.0012928932188134533,0.03270426406871193,-2.168404344971009E-19));
#11092=CARTESIAN_POINT('',(0.001146446609406727,0.032792132034355964,0.0001464466094067261));
#11093=CARTESIAN_POINT('',(0.0010000000000000009,0.03288,0.0002928932188134524));
#11094=CARTESIAN_POINT('',(0.0010000000000000009,0.03288,0.0005));
#11095=(BOUNDED_CURVE() B_SPLINE_CURVE(2,(#11090,#11091,#11092,#11093,#11094),.UNSPECIFIED.,.F.,.F.) B_SPLINE_CURVE_WITH_KNOTS((3,2,3),(0.,1.,2.),.UNSPECIFIED.) CURVE() GEOMETRIC_REPRESENTATION_ITEM() RATIONAL_B_SPLINE_CURVE((1.,0.9238795325112867,1.,0.9238795325112867,1.)) REPRESENTATION_ITEM(''));
#11096=EDGE_CURVE('',#56,#10967,#11095,.T.);
#11097=ORIENTED_EDGE('',*,*,#11096,.F.);
#11098=CARTESIAN_POINT('',(0.001500000000000001,0.03308,0.));
#11099=DIRECTION('',(1.0325734976052425E-16,-1.,0.));
#11100=VECTOR('',#11099,1.);
#11101=LINE('',#11098,#11100);
#11102=EDGE_CURVE('',#56,#48,#11101,.T.);
#11103=ORIENTED_EDGE('',*,*,#11102,.T.);
#11104=CARTESIAN_POINT('',(0.001500000000000004,0.0036799999999999992,0.));
#11105=CARTESIAN_POINT('',(0.001000000000000004,0.003679999999999999,0.));
#11106=CARTESIAN_POINT('',(0.001000000000000004,0.003679999999999999,0.0005));
#11107=(BOUNDED_CURVE() B_SPLINE_CURVE(2,(#11104,#11105,#11106),.UNSPECIFIED.,.F.,.F.) B_SPLINE_CURVE_WITH_KNOTS((3,3),(0.,1.),.UNSPECIFIED.) CURVE() GEOMETRIC_REPRESENTATION_ITEM() RATIONAL_B_SPLINE_CURVE((1.,0.7071067811865476,1.)) REPRESENTATION_ITEM(''));
#11108=EDGE_CURVE('',#48,#10919,#11107,.T.);
#11109=ORIENTED_EDGE('',*,*,#11108,.T.);
#11110=CARTESIAN_POINT('',(0.001000000000000004,0.0036799999999999992,0.0005));
#11111=DIRECTION('',(1.0325734976052425E-16,-1.,0.));
#11112=VECTOR('',#11111,1.);
#11113=LINE('',#11110,#11112);
#11114=EDGE_CURVE('',#10919,#10967,#11113,.T.);
#11115=ORIENTED_EDGE('',*,*,#11114,.T.);
#11116=EDGE_LOOP('',(#11097,#11103,#11109,#11115));
#11117=FACE_OUTER_BOUND('',#11116,.T.);
#11118=ADVANCED_FACE('',(#11117),#11089,.T.);
#11119=CARTESIAN_POINT('',(0.009775000000000002,0.003677161095093933,-0.0002));
#11120=DIRECTION('',(5.240856422890658E-17,-1.,0.));
#11121=DIRECTION('',(1.,5.240856422890658E-17,0.));
#11122=AXIS2_PLACEMENT_3D('',#11119,#11120,#11121);
#11123=PLANE('',#11122);
#11124=CARTESIAN_POINT('',(-4.336808689942018E-19,0.003677161095093933,0.));
#11125=DIRECTION('',(1.,1.1793904530666842E-16,0.));
#11126=VECTOR('',#11125,1.);
#11127=LINE('',#11124,#11126);
#11128=EDGE_CURVE('',#30,#10035,#11127,.T.);
#11129=ORIENTED_EDGE('',*,*,#11128,.T.);
#11130=CARTESIAN_POINT('',(-4.336808689942018E-19,0.003677161095093933,0.));
#11131=DIRECTION('',(0.,0.,-1.));
#11132=VECTOR('',#11131,1.);
#11133=LINE('',#11130,#11132);
#11134=EDGE_CURVE('',#10033,#10035,#11133,.T.);
#11135=ORIENTED_EDGE('',*,*,#11134,.F.);
#11136=CARTESIAN_POINT('',(0.0015000000000000044,0.003677161095093933,-0.0002));
#11137=DIRECTION('',(1.,0.,0.));
#11138=VECTOR('',#11137,1.);
#11139=LINE('',#11136,#11138);
#11140=CARTESIAN_POINT('',(0.019550000000000005,0.003677161095093934,-0.0002));
#11141=VERTEX_POINT('',#11140);
#11142=EDGE_CURVE('',#10033,#11141,#11139,.T.);
#11143=ORIENTED_EDGE('',*,*,#11142,.T.);
#11144=CARTESIAN_POINT('',(0.019550000000000005,0.003677161095093934,-0.0002));
#11145=CARTESIAN_POINT('',(0.019750000000000004,0.003677161095093934,-0.00019999999999999998));
#11146=CARTESIAN_POINT('',(0.019750000000000004,0.003677161095093935,0.));
#11147=(BOUNDED_CURVE() B_SPLINE_CURVE(2,(#11144,#11145,#11146),.UNSPECIFIED.,.F.,.F.) B_SPLINE_CURVE_WITH_KNOTS((3,3),(0.,1.),.UNSPECIFIED.) CURVE() GEOMETRIC_REPRESENTATION_ITEM() RATIONAL_B_SPLINE_CURVE((1.,0.7071067811865476,1.)) REPRESENTATION_ITEM(''));
#11148=CARTESIAN_POINT('',(0.019750000000000004,0.003677161095093935,0.));
#11149=VERTEX_POINT('',#11148);
#11150=EDGE_CURVE('',#11141,#11149,#11147,.T.);
#11151=ORIENTED_EDGE('',*,*,#11150,.T.);
#11152=CARTESIAN_POINT('',(0.019750000000000004,0.003677161095093935,0.));
#11153=DIRECTION('',(-1.,-1.0488050036135472E-16,0.));
#11154=VECTOR('',#11153,1.);
#11155=LINE('',#11152,#11154);
#11156=EDGE_CURVE('',#11149,#9993,#11155,.T.);
#11157=ORIENTED_EDGE('',*,*,#11156,.T.);
#11158=CARTESIAN_POINT('',(0.019550000000000005,0.0036771610950939344,0.));
#11159=DIRECTION('',(-1.,0.,0.));
#11160=VECTOR('',#11159,1.);
#11161=LINE('',#11158,#11160);
#11162=EDGE_CURVE('',#9993,#32,#11161,.T.);
#11163=ORIENTED_EDGE('',*,*,#11162,.T.);
#11164=CARTESIAN_POINT('',(0.009775000000000002,0.003677161095093933,0.));
#11165=DIRECTION('',(1.,5.2408564228906575E-17,0.));
#11166=VECTOR('',#11165,1.);
#11167=LINE('',#11164,#11166);
#11168=EDGE_CURVE('',#30,#32,#11167,.T.);
#11169=ORIENTED_EDGE('',*,*,#11168,.F.);
#11170=EDGE_LOOP('',(#11129,#11135,#11143,#11151,#11157,#11163,#11169));
#11171=FACE_OUTER_BOUND('',#11170,.T.);
#11172=ADVANCED_FACE('',(#11171),#11123,.F.);
#11173=CARTESIAN_POINT('',(0.,0.,-0.0002));
#11174=DIRECTION('',(0.,0.,-1.));
#11175=DIRECTION('',(-1.,0.,0.));
#11176=AXIS2_PLACEMENT_3D('',#11173,#11174,#11175);
#11177=PLANE('',#11176);
#11178=CARTESIAN_POINT('',(0.0015000000000000044,0.003677161095093933,-0.0002));
#11179=DIRECTION('',(1.,0.,0.));
#11180=VECTOR('',#11179,1.);
#11181=LINE('',#11178,#11180);
#11182=EDGE_CURVE('',#10033,#11141,#11181,.T.);
#11183=ORIENTED_EDGE('',*,*,#11182,.T.);
#11184=CARTESIAN_POINT('',(0.019550000000000005,0.003677161095093934,-0.0002));
#11185=DIRECTION('',(0.,1.,0.));
#11186=VECTOR('',#11185,1.);
#11187=LINE('',#11184,#11186);
#11188=EDGE_CURVE('',#10251,#11141,#11187,.T.);
#11189=ORIENTED_EDGE('',*,*,#11188,.F.);
#11190=CARTESIAN_POINT('',(0.01805,3.01892662479325E-19,-0.0002));
#11191=DIRECTION('',(-1.,-1.6725355262012468E-17,0.));
#11192=VECTOR('',#11191,1.);
#11193=LINE('',#11190,#11192);
#11194=EDGE_CURVE('',#10251,#10253,#11193,.T.);
#11195=ORIENTED_EDGE('',*,*,#11194,.T.);
#11196=CARTESIAN_POINT('',(0.,0.003677161095093933,-0.0002));
#11197=DIRECTION('',(0.,-1.,0.));
#11198=VECTOR('',#11197,1.);
#11199=LINE('',#11196,#11198);
#11200=EDGE_CURVE('',#10033,#10253,#11199,.T.);
#11201=ORIENTED_EDGE('',*,*,#11200,.F.);
#11202=EDGE_LOOP('',(#11183,#11189,#11195,#11201));
#11203=FACE_OUTER_BOUND('',#11202,.T.);
#11204=ADVANCED_FACE('',(#11203),#11177,.T.);
#11205=CARTESIAN_POINT('',(0.0005000000000000004,0.00368,0.00485));
#11206=DIRECTION('',(2.33790225872885E-17,-1.,0.));
#11207=DIRECTION('',(1.,2.33790225872885E-17,0.));
#11208=AXIS2_PLACEMENT_3D('',#11205,#11206,#11207);
#11209=PLANE('',#11208);
#11210=CARTESIAN_POINT('',(0.,0.00368,0.00485));
#11211=DIRECTION('',(0.,0.,-1.));
#11212=VECTOR('',#11211,1.);
#11213=LINE('',#11210,#11212);
#11214=EDGE_CURVE('',#10129,#10119,#11213,.T.);
#11215=ORIENTED_EDGE('',*,*,#11214,.F.);
#11216=CARTESIAN_POINT('',(0.,0.00368,0.0046500000000000005));
#11217=DIRECTION('',(1.,0.,0.));
#11218=VECTOR('',#11217,1.);
#11219=LINE('',#11216,#11218);
#11220=EDGE_CURVE('',#10129,#10199,#11219,.T.);
#11221=ORIENTED_EDGE('',*,*,#11220,.T.);
#11222=CARTESIAN_POINT('',(0.0005000000000000004,0.00368,0.0046500000000000005));
#11223=DIRECTION('',(-1.,-2.33790225872885E-17,0.));
#11224=VECTOR('',#11223,1.);
#11225=LINE('',#11222,#11224);
#11226=EDGE_CURVE('',#10191,#10199,#11225,.T.);
#11227=ORIENTED_EDGE('',*,*,#11226,.F.);
#11228=CARTESIAN_POINT('',(0.019550000000000005,0.0036800000000000005,0.0046500000000000005));
#11229=DIRECTION('',(-1.,0.,0.));
#11230=VECTOR('',#11229,1.);
#11231=LINE('',#11228,#11230);
#11232=CARTESIAN_POINT('',(0.019350000000000006,0.0036800000000000005,0.0046500000000000005));
#11233=VERTEX_POINT('',#11232);
#11234=EDGE_CURVE('',#10191,#11233,#11231,.T.);
#11235=ORIENTED_EDGE('',*,*,#11234,.T.);
#11236=CARTESIAN_POINT('',(0.019750000000000004,0.0036800000000000005,0.0046500000000000005));
#11237=DIRECTION('',(-1.,-1.0488050036135472E-16,0.));
#11238=VECTOR('',#11237,1.);
#11239=LINE('',#11236,#11238);
#11240=CARTESIAN_POINT('',(0.019750000000000004,0.0036800000000000005,0.0046500000000000005));
#11241=VERTEX_POINT('',#11240);
#11242=EDGE_CURVE('',#11233,#11241,#11239,.T.);
#11243=ORIENTED_EDGE('',*,*,#11242,.T.);
#11244=CARTESIAN_POINT('',(0.019750000000000004,0.0036800000000000005,0.0046500000000000005));
#11245=CARTESIAN_POINT('',(0.019750000000000004,0.0036800000000000005,0.00485));
#11246=CARTESIAN_POINT('',(0.019550000000000005,0.0036800000000000005,0.00485));
#11247=(BOUNDED_CURVE() B_SPLINE_CURVE(2,(#11244,#11245,#11246),.UNSPECIFIED.,.F.,.F.) B_SPLINE_CURVE_WITH_KNOTS((3,3),(0.,1.),.UNSPECIFIED.) CURVE() GEOMETRIC_REPRESENTATION_ITEM() RATIONAL_B_SPLINE_CURVE((1.,0.7071067811865476,1.)) REPRESENTATION_ITEM(''));
#11248=CARTESIAN_POINT('',(0.019550000000000005,0.0036800000000000005,0.00485));
#11249=VERTEX_POINT('',#11248);
#11250=EDGE_CURVE('',#11241,#11249,#11247,.T.);
#11251=ORIENTED_EDGE('',*,*,#11250,.T.);
#11252=CARTESIAN_POINT('',(0.0005000000000000004,0.00368,0.00485));
#11253=DIRECTION('',(-1.,-2.33790225872885E-17,0.));
#11254=VECTOR('',#11253,1.);
#11255=LINE('',#11252,#11254);
#11256=EDGE_CURVE('',#11249,#10119,#11255,.T.);
#11257=ORIENTED_EDGE('',*,*,#11256,.T.);
#11258=EDGE_LOOP('',(#11215,#11221,#11227,#11235,#11243,#11251,#11257));
#11259=FACE_OUTER_BOUND('',#11258,.T.);
#11260=ADVANCED_FACE('',(#11259),#11209,.F.);
#11261=CARTESIAN_POINT('',(0.,0.,0.00485));
#11262=DIRECTION('',(0.,0.,-1.));
#11263=DIRECTION('',(-1.,0.,0.));
#11264=AXIS2_PLACEMENT_3D('',#11261,#11262,#11263);
#11265=PLANE('',#11264);
#11266=CARTESIAN_POINT('',(0.,0.,0.00485));
#11267=DIRECTION('',(0.,1.,0.));
#11268=VECTOR('',#11267,1.);
#11269=LINE('',#11266,#11268);
#11270=EDGE_CURVE('',#10287,#10119,#11269,.T.);
#11271=ORIENTED_EDGE('',*,*,#11270,.T.);
#11272=CARTESIAN_POINT('',(0.0005000000000000004,0.00368,0.00485));
#11273=DIRECTION('',(-1.,-2.33790225872885E-17,0.));
#11274=VECTOR('',#11273,1.);
#11275=LINE('',#11272,#11274);
#11276=EDGE_CURVE('',#11249,#10119,#11275,.T.);
#11277=ORIENTED_EDGE('',*,*,#11276,.F.);
#11278=CARTESIAN_POINT('',(0.019550000000000005,0.,0.00485));
#11279=DIRECTION('',(0.,-1.,0.));
#11280=VECTOR('',#11279,1.);
#11281=LINE('',#11278,#11280);
#11282=EDGE_CURVE('',#11249,#10279,#11281,.T.);
#11283=ORIENTED_EDGE('',*,*,#11282,.T.);
#11284=CARTESIAN_POINT('',(0.019050000000000004,3.186180177413375E-19,0.00485));
#11285=DIRECTION('',(1.,1.6725355262012465E-17,0.));
#11286=VECTOR('',#11285,1.);
#11287=LINE('',#11284,#11286);
#11288=EDGE_CURVE('',#10287,#10279,#11287,.T.);
#11289=ORIENTED_EDGE('',*,*,#11288,.F.);
#11290=EDGE_LOOP('',(#11271,#11277,#11283,#11289));
#11291=FACE_OUTER_BOUND('',#11290,.T.);
#11292=ADVANCED_FACE('',(#11291),#11265,.F.);
#11293=CARTESIAN_POINT('',(0.,0.00368,0.0046500000000000005));
#11294=DIRECTION('',(0.,0.,1.));
#11295=DIRECTION('',(1.,0.,0.));
#11296=AXIS2_PLACEMENT_3D('',#11293,#11294,#11295);
#11297=PLANE('',#11296);
#11298=CARTESIAN_POINT('',(0.,8.362677631006255E-21,0.0046500000000000005));
#11299=DIRECTION('',(1.,0.,0.));
#11300=VECTOR('',#11299,1.);
#11301=LINE('',#11298,#11300);
#11302=EDGE_CURVE('',#10347,#10355,#11301,.T.);
#11303=ORIENTED_EDGE('',*,*,#11302,.F.);
#11304=CARTESIAN_POINT('',(0.0005000000000000004,8.362677631006255E-21,0.0046500000000000005));
#11305=DIRECTION('',(0.,-1.,0.));
#11306=VECTOR('',#11305,1.);
#11307=LINE('',#11304,#11306);
#11308=EDGE_CURVE('',#10199,#10347,#11307,.T.);
#11309=ORIENTED_EDGE('',*,*,#11308,.F.);
#11310=CARTESIAN_POINT('',(0.,0.00368,0.0046500000000000005));
#11311=DIRECTION('',(1.,0.,0.));
#11312=VECTOR('',#11311,1.);
#11313=LINE('',#11310,#11312);
#11314=EDGE_CURVE('',#10129,#10199,#11313,.T.);
#11315=ORIENTED_EDGE('',*,*,#11314,.F.);
#11316=CARTESIAN_POINT('',(0.,0.00368,0.0046500000000000005));
#11317=DIRECTION('',(0.,-1.,0.));
#11318=VECTOR('',#11317,1.);
#11319=LINE('',#11316,#11318);
#11320=EDGE_CURVE('',#10121,#10129,#11319,.T.);
#11321=ORIENTED_EDGE('',*,*,#11320,.F.);
#11322=CARTESIAN_POINT('',(-0.0002,0.0036798875681225323,0.0046500000000000005));
#11323=DIRECTION('',(-1.,0.,0.));
#11324=VECTOR('',#11323,1.);
#11325=LINE('',#11322,#11324);
#11326=CARTESIAN_POINT('',(0.0002,0.0036798875681225323,0.0046500000000000005));
#11327=VERTEX_POINT('',#11326);
#11328=EDGE_CURVE('',#10121,#11327,#11325,.T.);
#11329=ORIENTED_EDGE('',*,*,#11328,.T.);
#11330=CARTESIAN_POINT('',(0.0002,0.00368,0.0046500000000000005));
#11331=DIRECTION('',(0.,-1.,0.));
#11332=VECTOR('',#11331,1.);
#11333=LINE('',#11330,#11332);
#11334=EDGE_CURVE('',#11327,#10355,#11333,.T.);
#11335=ORIENTED_EDGE('',*,*,#11334,.T.);
#11336=EDGE_LOOP('',(#11303,#11309,#11315,#11321,#11329,#11335));
#11337=FACE_OUTER_BOUND('',#11336,.T.);
#11338=ADVANCED_FACE('',(#11337),#11297,.F.);
#11339=CARTESIAN_POINT('',(0.019550000000000005,0.0036800000000000005,0.0046500000000000005));
#11340=DIRECTION('',(0.,0.,1.));
#11341=DIRECTION('',(1.,0.,0.));
#11342=AXIS2_PLACEMENT_3D('',#11339,#11340,#11341);
#11343=PLANE('',#11342);
#11344=CARTESIAN_POINT('',(0.019550000000000005,0.0036800000000000005,0.0046500000000000005));
#11345=DIRECTION('',(-1.,0.,0.));
#11346=VECTOR('',#11345,1.);
#11347=LINE('',#11344,#11346);
#11348=EDGE_CURVE('',#10191,#11233,#11347,.T.);
#11349=ORIENTED_EDGE('',*,*,#11348,.F.);
#11350=CARTESIAN_POINT('',(0.019050000000000004,1.997973531883808E-18,0.0046500000000000005));
#11351=DIRECTION('',(-1.0488050036135472E-16,1.,0.));
#11352=VECTOR('',#11351,1.);
#11353=LINE('',#11350,#11352);
#11354=EDGE_CURVE('',#10381,#10191,#11353,.T.);
#11355=ORIENTED_EDGE('',*,*,#11354,.F.);
#11356=CARTESIAN_POINT('',(0.019550000000000005,3.186180177413375E-19,0.0046500000000000005));
#11357=DIRECTION('',(-1.,0.,0.));
#11358=VECTOR('',#11357,1.);
#11359=LINE('',#11356,#11358);
#11360=EDGE_CURVE('',#10379,#10381,#11359,.T.);
#11361=ORIENTED_EDGE('',*,*,#11360,.F.);
#11362=CARTESIAN_POINT('',(0.019350000000000006,0.0036800000000000005,0.0046500000000000005));
#11363=DIRECTION('',(0.,1.,0.));
#11364=VECTOR('',#11363,1.);
#11365=LINE('',#11362,#11364);
#11366=EDGE_CURVE('',#10379,#11233,#11365,.T.);
#11367=ORIENTED_EDGE('',*,*,#11366,.T.);
#11368=EDGE_LOOP('',(#11349,#11355,#11361,#11367));
#11369=FACE_OUTER_BOUND('',#11368,.T.);
#11370=ADVANCED_FACE('',(#11369),#11343,.F.);
#11371=CARTESIAN_POINT('',(0.019550000000000005,0.,0.004450000000000001));
#11372=DIRECTION('',(0.,1.,0.));
#11373=VECTOR('',#11372,1.);
#11374=LINE('',#11371,#11373);
#11375=CARTESIAN_POINT('',(0.019550000000000005,0.0036798778965631807,0.004450000000000001));
#11376=VERTEX_POINT('',#11375);
#11377=EDGE_CURVE('',#11376,#10389,#11374,.T.);
#11378=ORIENTED_EDGE('',*,*,#11377,.F.);
#11379=CARTESIAN_POINT('',(0.019550000000000005,0.0036800000000000005,0.0046500000000000005));
#11380=DIRECTION('',(0.,0.0006105170703207662,0.999999813634436));
#11381=VECTOR('',#11380,1.);
#11382=LINE('',#11379,#11381);
#11383=EDGE_CURVE('',#10159,#11376,#11382,.T.);
#11384=ORIENTED_EDGE('',*,*,#11383,.F.);
#11385=CARTESIAN_POINT('',(0.019550000000000005,1.997973531883808E-18,0.004150000000000001));
#11386=DIRECTION('',(-1.0488050036135472E-16,1.,0.));
#11387=VECTOR('',#11386,1.);
#11388=LINE('',#11385,#11387);
#11389=EDGE_CURVE('',#10159,#10397,#11388,.T.);
#11390=ORIENTED_EDGE('',*,*,#11389,.T.);
#11391=CARTESIAN_POINT('',(0.019550000000000005,4.0677316284068026E-19,-0.0002));
#11392=DIRECTION('',(0.,-8.218203096119026E-15,-1.));
#11393=VECTOR('',#11392,1.);
#11394=LINE('',#11391,#11393);
#11395=EDGE_CURVE('',#10397,#10389,#11394,.T.);
#11396=ORIENTED_EDGE('',*,*,#11395,.T.);
#11397=EDGE_LOOP('',(#11378,#11384,#11390,#11396));
#11398=FACE_OUTER_BOUND('',#11397,.T.);
#11399=ADVANCED_FACE('',(#11398),#9987,.T.);
#11400=CARTESIAN_POINT('',(0.019750000000000004,0.0036800000000000005,0.0046500000000000005));
#11401=DIRECTION('',(1.048804808152411E-16,-0.9999998136344359,0.0006105170703207661));
#11402=DIRECTION('',(0.,-0.0006105170703207661,-0.9999998136344359));
#11403=AXIS2_PLACEMENT_3D('',#11400,#11401,#11402);
#11404=PLANE('',#11403);
#11405=CARTESIAN_POINT('',(0.019750000000000004,0.003677161095093935,0.));
#11406=DIRECTION('',(-1.,-1.0488050036135472E-16,0.));
#11407=VECTOR('',#11406,1.);
#11408=LINE('',#11405,#11407);
#11409=EDGE_CURVE('',#11149,#9993,#11408,.T.);
#11410=ORIENTED_EDGE('',*,*,#11409,.F.);
#11411=CARTESIAN_POINT('',(0.019750000000000004,0.0036800000000000005,0.0046500000000000005));
#11412=DIRECTION('',(0.,0.0006105170703207662,0.999999813634436));
#11413=VECTOR('',#11412,1.);
#11414=LINE('',#11411,#11413);
#11415=EDGE_CURVE('',#11149,#11241,#11414,.T.);
#11416=ORIENTED_EDGE('',*,*,#11415,.T.);
#11417=CARTESIAN_POINT('',(0.019750000000000004,0.0036800000000000005,0.0046500000000000005));
#11418=DIRECTION('',(-1.,-1.0488050036135472E-16,0.));
#11419=VECTOR('',#11418,1.);
#11420=LINE('',#11417,#11419);
#11421=EDGE_CURVE('',#11233,#11241,#11420,.T.);
#11422=ORIENTED_EDGE('',*,*,#11421,.F.);
#11423=CARTESIAN_POINT('',(0.019350000000000006,0.0036800000000000005,0.0046500000000000005));
#11424=CARTESIAN_POINT('',(0.019432842712474627,0.0036800000000000005,0.004650000000000001));
#11425=CARTESIAN_POINT('',(0.019491421356237316,0.0036799642367313624,0.0045914213562373105));
#11426=CARTESIAN_POINT('',(0.019550000000000005,0.0036799284734627237,0.00453284271247462));
#11427=CARTESIAN_POINT('',(0.019550000000000005,0.0036798778965631807,0.004450000000000001));
#11428=(BOUNDED_CURVE() B_SPLINE_CURVE(2,(#11423,#11424,#11425,#11426,#11427),.UNSPECIFIED.,.F.,.F.) B_SPLINE_CURVE_WITH_KNOTS((3,2,3),(0.,1.,2.),.UNSPECIFIED.) CURVE() GEOMETRIC_REPRESENTATION_ITEM() RATIONAL_B_SPLINE_CURVE((1.,0.9238795325112867,1.,0.9238795325112867,1.)) REPRESENTATION_ITEM(''));
#11429=EDGE_CURVE('',#11233,#11376,#11428,.T.);
#11430=ORIENTED_EDGE('',*,*,#11429,.T.);
#11431=CARTESIAN_POINT('',(0.019550000000000005,0.0036800000000000005,0.0046500000000000005));
#11432=DIRECTION('',(0.,0.0006105170703207662,0.999999813634436));
#11433=VECTOR('',#11432,1.);
#11434=LINE('',#11431,#11433);
#11435=EDGE_CURVE('',#10159,#11376,#11434,.T.);
#11436=ORIENTED_EDGE('',*,*,#11435,.F.);
#11437=CARTESIAN_POINT('',(0.019550000000000005,0.0036800000000000005,0.0046500000000000005));
#11438=DIRECTION('',(0.,0.0006105170703207662,0.999999813634436));
#11439=VECTOR('',#11438,1.);
#11440=LINE('',#11437,#11439);
#11441=EDGE_CURVE('',#9995,#10159,#11440,.T.);
#11442=ORIENTED_EDGE('',*,*,#11441,.F.);
#11443=CARTESIAN_POINT('',(0.019550000000000005,0.0036800000000000005,0.0046500000000000005));
#11444=DIRECTION('',(0.,0.0006105170703207662,0.999999813634436));
#11445=VECTOR('',#11444,1.);
#11446=LINE('',#11443,#11445);
#11447=EDGE_CURVE('',#9993,#9995,#11446,.T.);
#11448=ORIENTED_EDGE('',*,*,#11447,.F.);
#11449=EDGE_LOOP('',(#11410,#11416,#11422,#11430,#11436,#11442,#11448));
#11450=FACE_OUTER_BOUND('',#11449,.T.);
#11451=ADVANCED_FACE('',(#11450),#11404,.F.);
#11452=CARTESIAN_POINT('',(0.019750000000000004,2.0976100072270944E-20,0.));
#11453=DIRECTION('',(-1.,0.,0.));
#11454=DIRECTION('',(0.,0.,1.));
#11455=AXIS2_PLACEMENT_3D('',#11452,#11453,#11454);
#11456=PLANE('',#11455);
#11457=CARTESIAN_POINT('',(0.019750000000000004,2.0976100072270944E-20,0.0046500000000000005));
#11458=DIRECTION('',(0.,-1.,0.));
#11459=VECTOR('',#11458,1.);
#11460=LINE('',#11457,#11459);
#11461=EDGE_CURVE('',#10271,#11241,#11460,.T.);
#11462=ORIENTED_EDGE('',*,*,#11461,.T.);
#11463=CARTESIAN_POINT('',(0.019750000000000004,0.0036800000000000005,0.0046500000000000005));
#11464=DIRECTION('',(0.,0.0006105170703207662,0.999999813634436));
#11465=VECTOR('',#11464,1.);
#11466=LINE('',#11463,#11465);
#11467=EDGE_CURVE('',#11149,#11241,#11466,.T.);
#11468=ORIENTED_EDGE('',*,*,#11467,.F.);
#11469=CARTESIAN_POINT('',(0.019750000000000004,2.0976100072270944E-20,0.));
#11470=DIRECTION('',(0.,1.,0.));
#11471=VECTOR('',#11470,1.);
#11472=LINE('',#11469,#11471);
#11473=EDGE_CURVE('',#11149,#10263,#11472,.T.);
#11474=ORIENTED_EDGE('',*,*,#11473,.T.);
#11475=CARTESIAN_POINT('',(0.019750000000000004,3.395941178136085E-19,0.00485));
#11476=DIRECTION('',(0.,0.,-1.));
#11477=VECTOR('',#11476,1.);
#11478=LINE('',#11475,#11477);
#11479=EDGE_CURVE('',#10271,#10263,#11478,.T.);
#11480=ORIENTED_EDGE('',*,*,#11479,.F.);
#11481=EDGE_LOOP('',(#11462,#11468,#11474,#11480));
#11482=FACE_OUTER_BOUND('',#11481,.T.);
#11483=ADVANCED_FACE('',(#11482),#11456,.F.);
#11484=CARTESIAN_POINT('',(0.,0.00368,0.00485));
#11485=DIRECTION('',(0.,-0.000562159298512319,-0.9999998419884492));
#11486=VECTOR('',#11485,1.);
#11487=LINE('',#11484,#11486);
#11488=CARTESIAN_POINT('',(0.,0.003679775136245064,0.004450000000000001));
#11489=VERTEX_POINT('',#11488);
#11490=EDGE_CURVE('',#11489,#10083,#11487,.T.);
#11491=ORIENTED_EDGE('',*,*,#11490,.F.);
#11492=CARTESIAN_POINT('',(0.,0.,0.004450000000000001));
#11493=DIRECTION('',(0.,-1.,0.));
#11494=VECTOR('',#11493,1.);
#11495=LINE('',#11492,#11494);
#11496=EDGE_CURVE('',#10363,#11489,#11495,.T.);
#11497=ORIENTED_EDGE('',*,*,#11496,.F.);
#11498=CARTESIAN_POINT('',(0.,-3.388148976031549E-20,-0.0002));
#11499=DIRECTION('',(0.,6.7575375379321246E-18,1.));
#11500=VECTOR('',#11499,1.);
#11501=LINE('',#11498,#11500);
#11502=EDGE_CURVE('',#10363,#10345,#11501,.T.);
#11503=ORIENTED_EDGE('',*,*,#11502,.T.);
#11504=CARTESIAN_POINT('',(0.,0.,0.004150000000000001));
#11505=DIRECTION('',(0.,-1.,0.));
#11506=VECTOR('',#11505,1.);
#11507=LINE('',#11504,#11506);
#11508=EDGE_CURVE('',#10345,#10083,#11507,.T.);
#11509=ORIENTED_EDGE('',*,*,#11508,.T.);
#11510=EDGE_LOOP('',(#11491,#11497,#11503,#11509));
#11511=FACE_OUTER_BOUND('',#11510,.T.);
#11512=ADVANCED_FACE('',(#11511),#10027,.T.);
#11513=CARTESIAN_POINT('',(-0.0002,0.00368,0.00485));
#11514=DIRECTION('',(0.,-0.9999998419884492,0.000562159298512319));
#11515=DIRECTION('',(0.,-0.000562159298512319,-0.9999998419884492));
#11516=AXIS2_PLACEMENT_3D('',#11513,#11514,#11515);
#11517=PLANE('',#11516);
#11518=CARTESIAN_POINT('',(0.,0.00368,0.00485));
#11519=DIRECTION('',(0.,-0.000562159298512319,-0.9999998419884492));
#11520=VECTOR('',#11519,1.);
#11521=LINE('',#11518,#11520);
#11522=EDGE_CURVE('',#10083,#10043,#11521,.T.);
#11523=ORIENTED_EDGE('',*,*,#11522,.F.);
#11524=CARTESIAN_POINT('',(0.,0.00368,0.00485));
#11525=DIRECTION('',(0.,-0.000562159298512319,-0.9999998419884492));
#11526=VECTOR('',#11525,1.);
#11527=LINE('',#11524,#11526);
#11528=EDGE_CURVE('',#11489,#10083,#11527,.T.);
#11529=ORIENTED_EDGE('',*,*,#11528,.F.);
#11530=CARTESIAN_POINT('',(0.,0.003679775136245064,0.004450000000000001));
#11531=CARTESIAN_POINT('',(2.710505431213761E-20,0.003679887568122532,0.0046500000000000005));
#11532=CARTESIAN_POINT('',(0.0002,0.0036798875681225323,0.0046500000000000005));
#11533=(BOUNDED_CURVE() B_SPLINE_CURVE(2,(#11530,#11531,#11532),.UNSPECIFIED.,.F.,.F.) B_SPLINE_CURVE_WITH_KNOTS((3,3),(0.,1.),.UNSPECIFIED.) CURVE() GEOMETRIC_REPRESENTATION_ITEM() RATIONAL_B_SPLINE_CURVE((1.,0.7071067811865476,1.)) REPRESENTATION_ITEM(''));
#11534=EDGE_CURVE('',#11489,#11327,#11533,.T.);
#11535=ORIENTED_EDGE('',*,*,#11534,.T.);
#11536=CARTESIAN_POINT('',(-0.0002,0.0036798875681225323,0.0046500000000000005));
#11537=DIRECTION('',(-1.,0.,0.));
#11538=VECTOR('',#11537,1.);
#11539=LINE('',#11536,#11538);
#11540=EDGE_CURVE('',#10121,#11327,#11539,.T.);
#11541=ORIENTED_EDGE('',*,*,#11540,.F.);
#11542=CARTESIAN_POINT('',(0.,0.00368,0.00485));
#11543=DIRECTION('',(0.,-0.000562159298512319,-0.9999998419884492));
#11544=VECTOR('',#11543,1.);
#11545=LINE('',#11542,#11544);
#11546=EDGE_CURVE('',#10119,#10121,#11545,.T.);
#11547=ORIENTED_EDGE('',*,*,#11546,.F.);
#11548=CARTESIAN_POINT('',(0.,0.00368,0.00485));
#11549=CARTESIAN_POINT('',(-0.00019999999999999998,0.0036799999999999997,0.00485));
#11550=CARTESIAN_POINT('',(-0.0002,0.0036798875681225323,0.0046500000000000005));
#11551=(BOUNDED_CURVE() B_SPLINE_CURVE(2,(#11548,#11549,#11550),.UNSPECIFIED.,.F.,.F.) B_SPLINE_CURVE_WITH_KNOTS((3,3),(0.,1.),.UNSPECIFIED.) CURVE() GEOMETRIC_REPRESENTATION_ITEM() RATIONAL_B_SPLINE_CURVE((1.,0.7071067811865476,1.)) REPRESENTATION_ITEM(''));
#11552=CARTESIAN_POINT('',(-0.0002,0.0036798875681225323,0.0046500000000000005));
#11553=VERTEX_POINT('',#11552);
#11554=EDGE_CURVE('',#10119,#11553,#11551,.T.);
#11555=ORIENTED_EDGE('',*,*,#11554,.T.);
#11556=CARTESIAN_POINT('',(-0.0002,0.00368,0.00485));
#11557=DIRECTION('',(0.,-0.000562159298512319,-0.9999998419884492));
#11558=VECTOR('',#11557,1.);
#11559=LINE('',#11556,#11558);
#11560=CARTESIAN_POINT('',(-0.0002,0.003677273526971401,8.673617379884035E-19));
#11561=VERTEX_POINT('',#11560);
#11562=EDGE_CURVE('',#11553,#11561,#11559,.T.);
#11563=ORIENTED_EDGE('',*,*,#11562,.T.);
#11564=CARTESIAN_POINT('',(-0.0002,0.003677273526971401,8.673617379884035E-19));
#11565=CARTESIAN_POINT('',(-0.00020000000000000042,0.0036772269561629106,-0.00008284271247461823));
#11566=CARTESIAN_POINT('',(-0.00014142135623731,0.0036771940256284216,-0.00014142135623730907));
#11567=CARTESIAN_POINT('',(-0.00008284271247461959,0.003677161095093933,-0.00019999999999999985));
#11568=CARTESIAN_POINT('',(-4.336808689942018E-19,0.003677161095093933,-0.0002));
#11569=(BOUNDED_CURVE() B_SPLINE_CURVE(2,(#11564,#11565,#11566,#11567,#11568),.UNSPECIFIED.,.F.,.F.) B_SPLINE_CURVE_WITH_KNOTS((3,2,3),(0.,1.,2.),.UNSPECIFIED.) CURVE() GEOMETRIC_REPRESENTATION_ITEM() RATIONAL_B_SPLINE_CURVE((1.,0.9238795325112865,1.,0.9238795325112865,1.)) REPRESENTATION_ITEM(''));
#11570=EDGE_CURVE('',#11561,#10033,#11569,.T.);
#11571=ORIENTED_EDGE('',*,*,#11570,.T.);
#11572=CARTESIAN_POINT('',(0.,0.00368,0.00485));
#11573=DIRECTION('',(0.,-0.000562159298512319,-0.9999998419884492));
#11574=VECTOR('',#11573,1.);
#11575=LINE('',#11572,#11574);
#11576=EDGE_CURVE('',#10043,#10033,#11575,.T.);
#11577=ORIENTED_EDGE('',*,*,#11576,.F.);
#11578=EDGE_LOOP('',(#11523,#11529,#11535,#11541,#11547,#11555,#11563,#11571,#11577));
#11579=FACE_OUTER_BOUND('',#11578,.T.);
#11580=ADVANCED_FACE('',(#11579),#11517,.F.);
#11581=CARTESIAN_POINT('',(-0.0002,0.,0.));
#11582=DIRECTION('',(1.,0.,0.));
#11583=DIRECTION('',(0.,0.,-1.));
#11584=AXIS2_PLACEMENT_3D('',#11581,#11582,#11583);
#11585=PLANE('',#11584);
#11586=CARTESIAN_POINT('',(-0.0002,0.,0.0046500000000000005));
#11587=DIRECTION('',(0.,1.,0.));
#11588=VECTOR('',#11587,1.);
#11589=LINE('',#11586,#11588);
#11590=EDGE_CURVE('',#11553,#10295,#11589,.T.);
#11591=ORIENTED_EDGE('',*,*,#11590,.T.);
#11592=CARTESIAN_POINT('',(-0.0002,-3.388148976031549E-20,-0.0002));
#11593=DIRECTION('',(0.,6.7575375379321246E-18,1.));
#11594=VECTOR('',#11593,1.);
#11595=LINE('',#11592,#11594);
#11596=EDGE_CURVE('',#10303,#10295,#11595,.T.);
#11597=ORIENTED_EDGE('',*,*,#11596,.F.);
#11598=CARTESIAN_POINT('',(-0.0002,0.,0.));
#11599=DIRECTION('',(0.,-1.,0.));
#11600=VECTOR('',#11599,1.);
#11601=LINE('',#11598,#11600);
#11602=EDGE_CURVE('',#10303,#11561,#11601,.T.);
#11603=ORIENTED_EDGE('',*,*,#11602,.T.);
#11604=CARTESIAN_POINT('',(-0.0002,0.00368,0.00485));
#11605=DIRECTION('',(0.,-0.000562159298512319,-0.9999998419884492));
#11606=VECTOR('',#11605,1.);
#11607=LINE('',#11604,#11606);
#11608=EDGE_CURVE('',#11553,#11561,#11607,.T.);
#11609=ORIENTED_EDGE('',*,*,#11608,.F.);
#11610=EDGE_LOOP('',(#11591,#11597,#11603,#11609));
#11611=FACE_OUTER_BOUND('',#11610,.T.);
#11612=ADVANCED_FACE('',(#11611),#11585,.F.);
#11613=CARTESIAN_POINT('',(0.019550000000000005,2.0976100072270944E-20,0.));
#11614=DIRECTION('',(0.,1.,0.));
#11615=DIRECTION('',(0.,0.,1.));
#11616=AXIS2_PLACEMENT_3D('',#11613,#11614,#11615);
#11617=CYLINDRICAL_SURFACE('',#11616,0.0002);
#11618=CARTESIAN_POINT('',(0.019550000000000005,0.003677161095093934,-0.0002));
#11619=DIRECTION('',(0.,1.,0.));
#11620=VECTOR('',#11619,1.);
#11621=LINE('',#11618,#11620);
#11622=EDGE_CURVE('',#10251,#11141,#11621,.T.);
#11623=ORIENTED_EDGE('',*,*,#11622,.T.);
#11624=CARTESIAN_POINT('',(0.019550000000000005,0.003677161095093934,-0.0002));
#11625=CARTESIAN_POINT('',(0.019750000000000004,0.003677161095093934,-0.00019999999999999998));
#11626=CARTESIAN_POINT('',(0.019750000000000004,0.003677161095093935,0.));
#11627=(BOUNDED_CURVE() B_SPLINE_CURVE(2,(#11624,#11625,#11626),.UNSPECIFIED.,.F.,.F.) B_SPLINE_CURVE_WITH_KNOTS((3,3),(0.,1.),.UNSPECIFIED.) CURVE() GEOMETRIC_REPRESENTATION_ITEM() RATIONAL_B_SPLINE_CURVE((1.,0.7071067811865476,1.)) REPRESENTATION_ITEM(''));
#11628=EDGE_CURVE('',#11141,#11149,#11627,.T.);
#11629=ORIENTED_EDGE('',*,*,#11628,.T.);
#11630=CARTESIAN_POINT('',(0.019750000000000004,2.0976100072270944E-20,0.));
#11631=DIRECTION('',(0.,1.,0.));
#11632=VECTOR('',#11631,1.);
#11633=LINE('',#11630,#11632);
#11634=EDGE_CURVE('',#11149,#10263,#11633,.T.);
#11635=ORIENTED_EDGE('',*,*,#11634,.T.);
#11636=CARTESIAN_POINT('',(0.019750000000000004,3.395941178136085E-19,1.734723475976807E-18));
#11637=CARTESIAN_POINT('',(0.019750000000000007,3.3032576642474626E-19,-0.00008284271247461781));
#11638=CARTESIAN_POINT('',(0.019691421356237315,3.293460177970484E-19,-0.00014142135623730886));
#11639=CARTESIAN_POINT('',(0.019632842712474625,3.2836626916935055E-19,-0.0002));
#11640=CARTESIAN_POINT('',(0.019550000000000005,3.01892662479325E-19,-0.0002));
#11641=(BOUNDED_CURVE() B_SPLINE_CURVE(2,(#11636,#11637,#11638,#11639,#11640),.UNSPECIFIED.,.F.,.F.) B_SPLINE_CURVE_WITH_KNOTS((3,2,3),(0.,1.,2.),.UNSPECIFIED.) CURVE() GEOMETRIC_REPRESENTATION_ITEM() RATIONAL_B_SPLINE_CURVE((1.,0.923879532511286,1.,0.923879532511286,1.)) REPRESENTATION_ITEM(''));
#11642=EDGE_CURVE('',#10263,#10251,#11641,.T.);
#11643=ORIENTED_EDGE('',*,*,#11642,.T.);
#11644=EDGE_LOOP('',(#11623,#11629,#11635,#11643));
#11645=FACE_OUTER_BOUND('',#11644,.T.);
#11646=ADVANCED_FACE('',(#11645),#11617,.T.);
#11647=CARTESIAN_POINT('',(0.019350000000000006,0.,0.004450000000000001));
#11648=DIRECTION('',(0.,1.,0.));
#11649=DIRECTION('',(0.,0.,1.));
#11650=AXIS2_PLACEMENT_3D('',#11647,#11648,#11649);
#11651=CYLINDRICAL_SURFACE('',#11650,0.0002);
#11652=CARTESIAN_POINT('',(0.019550000000000005,3.8621417559794156E-17,0.004450000000000001));
#11653=CARTESIAN_POINT('',(0.019550000000000005,3.2698069537234377E-19,0.0046500000000000005));
#11654=CARTESIAN_POINT('',(0.019350000000000006,3.186180177413375E-19,0.0046500000000000005));
#11655=(BOUNDED_CURVE() B_SPLINE_CURVE(2,(#11652,#11653,#11654),.UNSPECIFIED.,.F.,.F.) B_SPLINE_CURVE_WITH_KNOTS((3,3),(0.,1.),.UNSPECIFIED.) CURVE() GEOMETRIC_REPRESENTATION_ITEM() RATIONAL_B_SPLINE_CURVE((1.,0.7071067811865476,1.)) REPRESENTATION_ITEM(''));
#11656=EDGE_CURVE('',#10389,#10379,#11655,.T.);
#11657=ORIENTED_EDGE('',*,*,#11656,.F.);
#11658=CARTESIAN_POINT('',(0.019550000000000005,0.,0.004450000000000001));
#11659=DIRECTION('',(0.,1.,0.));
#11660=VECTOR('',#11659,1.);
#11661=LINE('',#11658,#11660);
#11662=EDGE_CURVE('',#11376,#10389,#11661,.T.);
#11663=ORIENTED_EDGE('',*,*,#11662,.F.);
#11664=CARTESIAN_POINT('',(0.019350000000000006,0.0036800000000000005,0.0046500000000000005));
#11665=CARTESIAN_POINT('',(0.019432842712474627,0.0036800000000000005,0.004650000000000001));
#11666=CARTESIAN_POINT('',(0.019491421356237316,0.0036799642367313624,0.0045914213562373105));
#11667=CARTESIAN_POINT('',(0.019550000000000005,0.0036799284734627237,0.00453284271247462));
#11668=CARTESIAN_POINT('',(0.019550000000000005,0.0036798778965631807,0.004450000000000001));
#11669=(BOUNDED_CURVE() B_SPLINE_CURVE(2,(#11664,#11665,#11666,#11667,#11668),.UNSPECIFIED.,.F.,.F.) B_SPLINE_CURVE_WITH_KNOTS((3,2,3),(0.,1.,2.),.UNSPECIFIED.) CURVE() GEOMETRIC_REPRESENTATION_ITEM() RATIONAL_B_SPLINE_CURVE((1.,0.9238795325112867,1.,0.9238795325112867,1.)) REPRESENTATION_ITEM(''));
#11670=EDGE_CURVE('',#11233,#11376,#11669,.T.);
#11671=ORIENTED_EDGE('',*,*,#11670,.F.);
#11672=CARTESIAN_POINT('',(0.019350000000000006,0.0036800000000000005,0.0046500000000000005));
#11673=DIRECTION('',(0.,1.,0.));
#11674=VECTOR('',#11673,1.);
#11675=LINE('',#11672,#11674);
#11676=EDGE_CURVE('',#10379,#11233,#11675,.T.);
#11677=ORIENTED_EDGE('',*,*,#11676,.F.);
#11678=EDGE_LOOP('',(#11657,#11663,#11671,#11677));
#11679=FACE_OUTER_BOUND('',#11678,.T.);
#11680=ADVANCED_FACE('',(#11679),#11651,.F.);
#11681=CARTESIAN_POINT('',(0.019550000000000005,2.0976100072270944E-20,0.0046500000000000005));
#11682=DIRECTION('',(0.,-1.,0.));
#11683=DIRECTION('',(0.,0.,-1.));
#11684=AXIS2_PLACEMENT_3D('',#11681,#11682,#11683);
#11685=CYLINDRICAL_SURFACE('',#11684,0.0002);
#11686=CARTESIAN_POINT('',(0.019550000000000005,0.,0.00485));
#11687=DIRECTION('',(0.,-1.,0.));
#11688=VECTOR('',#11687,1.);
#11689=LINE('',#11686,#11688);
#11690=EDGE_CURVE('',#11249,#10279,#11689,.T.);
#11691=ORIENTED_EDGE('',*,*,#11690,.T.);
#11692=CARTESIAN_POINT('',(0.019550000000000005,3.2698069537234377E-19,0.00485));
#11693=CARTESIAN_POINT('',(0.019750000000000004,3.3032576642474626E-19,0.00485));
#11694=CARTESIAN_POINT('',(0.019750000000000004,3.395941178136085E-19,0.0046500000000000005));
#11695=(BOUNDED_CURVE() B_SPLINE_CURVE(2,(#11692,#11693,#11694),.UNSPECIFIED.,.F.,.F.) B_SPLINE_CURVE_WITH_KNOTS((3,3),(0.,1.),.UNSPECIFIED.) CURVE() GEOMETRIC_REPRESENTATION_ITEM() RATIONAL_B_SPLINE_CURVE((1.,0.7071067811865476,1.)) REPRESENTATION_ITEM(''));
#11696=EDGE_CURVE('',#10279,#10271,#11695,.T.);
#11697=ORIENTED_EDGE('',*,*,#11696,.T.);
#11698=CARTESIAN_POINT('',(0.019750000000000004,2.0976100072270944E-20,0.0046500000000000005));
#11699=DIRECTION('',(0.,-1.,0.));
#11700=VECTOR('',#11699,1.);
#11701=LINE('',#11698,#11700);
#11702=EDGE_CURVE('',#10271,#11241,#11701,.T.);
#11703=ORIENTED_EDGE('',*,*,#11702,.T.);
#11704=CARTESIAN_POINT('',(0.019750000000000004,0.0036800000000000005,0.0046500000000000005));
#11705=CARTESIAN_POINT('',(0.019750000000000004,0.0036800000000000005,0.00485));
#11706=CARTESIAN_POINT('',(0.019550000000000005,0.0036800000000000005,0.00485));
#11707=(BOUNDED_CURVE() B_SPLINE_CURVE(2,(#11704,#11705,#11706),.UNSPECIFIED.,.F.,.F.) B_SPLINE_CURVE_WITH_KNOTS((3,3),(0.,1.),.UNSPECIFIED.) CURVE() GEOMETRIC_REPRESENTATION_ITEM() RATIONAL_B_SPLINE_CURVE((1.,0.7071067811865476,1.)) REPRESENTATION_ITEM(''));
#11708=EDGE_CURVE('',#11241,#11249,#11707,.T.);
#11709=ORIENTED_EDGE('',*,*,#11708,.T.);
#11710=EDGE_LOOP('',(#11691,#11697,#11703,#11709));
#11711=FACE_OUTER_BOUND('',#11710,.T.);
#11712=ADVANCED_FACE('',(#11711),#11685,.T.);
#11713=CARTESIAN_POINT('',(0.,0.,0.));
#11714=DIRECTION('',(0.,-1.,0.));
#11715=DIRECTION('',(0.,0.,-1.));
#11716=AXIS2_PLACEMENT_3D('',#11713,#11714,#11715);
#11717=CYLINDRICAL_SURFACE('',#11716,0.0002);
#11718=CARTESIAN_POINT('',(0.,0.003677161095093933,-0.0002));
#11719=DIRECTION('',(0.,-1.,0.));
#11720=VECTOR('',#11719,1.);
#11721=LINE('',#11718,#11720);
#11722=EDGE_CURVE('',#10033,#10253,#11721,.T.);
#11723=ORIENTED_EDGE('',*,*,#11722,.T.);
#11724=CARTESIAN_POINT('',(0.,-3.388148976031549E-20,-0.0002));
#11725=CARTESIAN_POINT('',(-0.00019999999999999998,-3.3450710524024926E-21,-0.00019999999999999998));
#11726=CARTESIAN_POINT('',(-0.0002,-3.252998225272907E-20,0.));
#11727=(BOUNDED_CURVE() B_SPLINE_CURVE(2,(#11724,#11725,#11726),.UNSPECIFIED.,.F.,.F.) B_SPLINE_CURVE_WITH_KNOTS((3,3),(0.,1.),.UNSPECIFIED.) CURVE() GEOMETRIC_REPRESENTATION_ITEM() RATIONAL_B_SPLINE_CURVE((1.,0.7071067811865476,1.)) REPRESENTATION_ITEM(''));
#11728=EDGE_CURVE('',#10253,#10303,#11727,.T.);
#11729=ORIENTED_EDGE('',*,*,#11728,.T.);
#11730=CARTESIAN_POINT('',(-0.0002,0.,0.));
#11731=DIRECTION('',(0.,-1.,0.));
#11732=VECTOR('',#11731,1.);
#11733=LINE('',#11730,#11732);
#11734=EDGE_CURVE('',#10303,#11561,#11733,.T.);
#11735=ORIENTED_EDGE('',*,*,#11734,.T.);
#11736=CARTESIAN_POINT('',(-0.0002,0.003677273526971401,8.673617379884035E-19));
#11737=CARTESIAN_POINT('',(-0.00020000000000000042,0.0036772269561629106,-0.00008284271247461823));
#11738=CARTESIAN_POINT('',(-0.00014142135623731,0.0036771940256284216,-0.00014142135623730907));
#11739=CARTESIAN_POINT('',(-0.00008284271247461959,0.003677161095093933,-0.00019999999999999985));
#11740=CARTESIAN_POINT('',(-4.336808689942018E-19,0.003677161095093933,-0.0002));
#11741=(BOUNDED_CURVE() B_SPLINE_CURVE(2,(#11736,#11737,#11738,#11739,#11740),.UNSPECIFIED.,.F.,.F.) B_SPLINE_CURVE_WITH_KNOTS((3,2,3),(0.,1.,2.),.UNSPECIFIED.) CURVE() GEOMETRIC_REPRESENTATION_ITEM() RATIONAL_B_SPLINE_CURVE((1.,0.9238795325112865,1.,0.9238795325112865,1.)) REPRESENTATION_ITEM(''));
#11742=EDGE_CURVE('',#11561,#10033,#11741,.T.);
#11743=ORIENTED_EDGE('',*,*,#11742,.T.);
#11744=EDGE_LOOP('',(#11723,#11729,#11735,#11743));
#11745=FACE_OUTER_BOUND('',#11744,.T.);
#11746=ADVANCED_FACE('',(#11745),#11717,.T.);
#11747=CARTESIAN_POINT('',(0.0002,0.,0.004450000000000001));
#11748=DIRECTION('',(0.,-1.,0.));
#11749=DIRECTION('',(0.,0.,-1.));
#11750=AXIS2_PLACEMENT_3D('',#11747,#11748,#11749);
#11751=CYLINDRICAL_SURFACE('',#11750,0.0002);
#11752=CARTESIAN_POINT('',(0.,0.003679775136245064,0.004450000000000001));
#11753=CARTESIAN_POINT('',(2.710505431213761E-20,0.003679887568122532,0.0046500000000000005));
#11754=CARTESIAN_POINT('',(0.0002,0.0036798875681225323,0.0046500000000000005));
#11755=(BOUNDED_CURVE() B_SPLINE_CURVE(2,(#11752,#11753,#11754),.UNSPECIFIED.,.F.,.F.) B_SPLINE_CURVE_WITH_KNOTS((3,3),(0.,1.),.UNSPECIFIED.) CURVE() GEOMETRIC_REPRESENTATION_ITEM() RATIONAL_B_SPLINE_CURVE((1.,0.7071067811865476,1.)) REPRESENTATION_ITEM(''));
#11756=EDGE_CURVE('',#11489,#11327,#11755,.T.);
#11757=ORIENTED_EDGE('',*,*,#11756,.F.);
#11758=CARTESIAN_POINT('',(0.,0.,0.004450000000000001));
#11759=DIRECTION('',(0.,-1.,0.));
#11760=VECTOR('',#11759,1.);
#11761=LINE('',#11758,#11760);
#11762=EDGE_CURVE('',#10363,#11489,#11761,.T.);
#11763=ORIENTED_EDGE('',*,*,#11762,.F.);
#11764=CARTESIAN_POINT('',(0.0002,8.362677631006255E-21,0.0046500000000000005));
#11765=CARTESIAN_POINT('',(2.710505431213761E-20,-4.852440680194403E-35,0.0046500000000000005));
#11766=CARTESIAN_POINT('',(0.,-2.4589402089311088E-21,0.004450000000000001));
#11767=(BOUNDED_CURVE() B_SPLINE_CURVE(2,(#11764,#11765,#11766),.UNSPECIFIED.,.F.,.F.) B_SPLINE_CURVE_WITH_KNOTS((3,3),(0.,1.),.UNSPECIFIED.) CURVE() GEOMETRIC_REPRESENTATION_ITEM() RATIONAL_B_SPLINE_CURVE((1.,0.7071067811865476,1.)) REPRESENTATION_ITEM(''));
#11768=EDGE_CURVE('',#10355,#10363,#11767,.T.);
#11769=ORIENTED_EDGE('',*,*,#11768,.F.);
#11770=CARTESIAN_POINT('',(0.0002,0.00368,0.0046500000000000005));
#11771=DIRECTION('',(0.,-1.,0.));
#11772=VECTOR('',#11771,1.);
#11773=LINE('',#11770,#11772);
#11774=EDGE_CURVE('',#11327,#10355,#11773,.T.);
#11775=ORIENTED_EDGE('',*,*,#11774,.F.);
#11776=EDGE_LOOP('',(#11757,#11763,#11769,#11775));
#11777=FACE_OUTER_BOUND('',#11776,.T.);
#11778=ADVANCED_FACE('',(#11777),#11751,.F.);
#11779=CARTESIAN_POINT('',(0.,0.,0.0046500000000000005));
#11780=DIRECTION('',(0.,1.,0.));
#11781=DIRECTION('',(0.,0.,1.));
#11782=AXIS2_PLACEMENT_3D('',#11779,#11780,#11781);
#11783=CYLINDRICAL_SURFACE('',#11782,0.0002);
#11784=CARTESIAN_POINT('',(0.,0.,0.00485));
#11785=DIRECTION('',(0.,1.,0.));
#11786=VECTOR('',#11785,1.);
#11787=LINE('',#11784,#11786);
#11788=EDGE_CURVE('',#10287,#10119,#11787,.T.);
#11789=ORIENTED_EDGE('',*,*,#11788,.T.);
#11790=CARTESIAN_POINT('',(0.,0.00368,0.00485));
#11791=CARTESIAN_POINT('',(-0.00019999999999999998,0.0036799999999999997,0.00485));
#11792=CARTESIAN_POINT('',(-0.0002,0.0036798875681225323,0.0046500000000000005));
#11793=(BOUNDED_CURVE() B_SPLINE_CURVE(2,(#11790,#11791,#11792),.UNSPECIFIED.,.F.,.F.) B_SPLINE_CURVE_WITH_KNOTS((3,3),(0.,1.),.UNSPECIFIED.) CURVE() GEOMETRIC_REPRESENTATION_ITEM() RATIONAL_B_SPLINE_CURVE((1.,0.7071067811865476,1.)) REPRESENTATION_ITEM(''));
#11794=EDGE_CURVE('',#10119,#11553,#11793,.T.);
#11795=ORIENTED_EDGE('',*,*,#11794,.T.);
#11796=CARTESIAN_POINT('',(-0.0002,0.,0.0046500000000000005));
#11797=DIRECTION('',(0.,1.,0.));
#11798=VECTOR('',#11797,1.);
#11799=LINE('',#11796,#11798);
#11800=EDGE_CURVE('',#11553,#10295,#11799,.T.);
#11801=ORIENTED_EDGE('',*,*,#11800,.T.);
#11802=CARTESIAN_POINT('',(-0.0002,-1.1074327013446858E-21,0.0046500000000000005));
#11803=CARTESIAN_POINT('',(-0.00019999999999999998,-3.3450710524024926E-21,0.00485));
#11804=CARTESIAN_POINT('',(0.,0.,0.00485));
#11805=(BOUNDED_CURVE() B_SPLINE_CURVE(2,(#11802,#11803,#11804),.UNSPECIFIED.,.F.,.F.) B_SPLINE_CURVE_WITH_KNOTS((3,3),(0.,1.),.UNSPECIFIED.) CURVE() GEOMETRIC_REPRESENTATION_ITEM() RATIONAL_B_SPLINE_CURVE((1.,0.7071067811865476,1.)) REPRESENTATION_ITEM(''));
#11806=EDGE_CURVE('',#10295,#10287,#11805,.T.);
#11807=ORIENTED_EDGE('',*,*,#11806,.T.);
#11808=EDGE_LOOP('',(#11789,#11795,#11801,#11807));
#11809=FACE_OUTER_BOUND('',#11808,.T.);
#11810=ADVANCED_FACE('',(#11809),#11783,.T.);
#11811=CARTESIAN_POINT('',(0.,0.,0.));
#11812=DIRECTION('',(0.,0.,-1.));
#11813=DIRECTION('',(-1.,0.,0.));
#11814=AXIS2_PLACEMENT_3D('',#11811,#11812,#11813);
#11815=PLANE('',#11814);
#11816=CARTESIAN_POINT('',(0.,0.,0.));
#11817=DIRECTION('',(1.,1.1793904530666842E-16,0.));
#11818=VECTOR('',#11817,1.);
#11819=LINE('',#11816,#11818);
#11820=EDGE_CURVE('',#10059,#10321,#11819,.T.);
#11821=ORIENTED_EDGE('',*,*,#11820,.F.);
#11822=CARTESIAN_POINT('',(0.,0.,0.));
#11823=DIRECTION('',(-1.1793904530666842E-16,1.,0.));
#11824=VECTOR('',#11823,1.);
#11825=LINE('',#11822,#11824);
#11826=EDGE_CURVE('',#10035,#10059,#11825,.T.);
#11827=ORIENTED_EDGE('',*,*,#11826,.F.);
#11828=CARTESIAN_POINT('',(-4.336808689942018E-19,0.003677161095093933,0.));
#11829=DIRECTION('',(1.,1.1793904530666842E-16,0.));
#11830=VECTOR('',#11829,1.);
#11831=LINE('',#11828,#11830);
#11832=EDGE_CURVE('',#30,#10035,#11831,.T.);
#11833=ORIENTED_EDGE('',*,*,#11832,.F.);
#11834=CARTESIAN_POINT('',(0.0005,0.03308,0.));
#11835=DIRECTION('',(0.,-1.,0.));
#11836=VECTOR('',#11835,1.);
#11837=LINE('',#11834,#11836);
#11838=EDGE_CURVE('',#10321,#30,#11837,.T.);
#11839=ORIENTED_EDGE('',*,*,#11838,.F.);
#11840=EDGE_LOOP('',(#11821,#11827,#11833,#11839));
#11841=FACE_OUTER_BOUND('',#11840,.T.);
#11842=ADVANCED_FACE('',(#11841),#11815,.F.);
#11843=CARTESIAN_POINT('',(0.019550000000000005,0.,0.));
#11844=DIRECTION('',(0.,0.,-1.));
#11845=DIRECTION('',(-1.,0.,0.));
#11846=AXIS2_PLACEMENT_3D('',#11843,#11844,#11845);
#11847=PLANE('',#11846);
#11848=CARTESIAN_POINT('',(0.01905,0.03308,-2.168404344971009E-19));
#11849=DIRECTION('',(1.0488050036135472E-16,-1.,0.));
#11850=VECTOR('',#11849,1.);
#11851=LINE('',#11848,#11850);
#11852=EDGE_CURVE('',#32,#10229,#11851,.T.);
#11853=ORIENTED_EDGE('',*,*,#11852,.F.);
#11854=CARTESIAN_POINT('',(0.019550000000000005,0.0036771610950939344,0.));
#11855=DIRECTION('',(-1.,0.,0.));
#11856=VECTOR('',#11855,1.);
#11857=LINE('',#11854,#11856);
#11858=EDGE_CURVE('',#9993,#32,#11857,.T.);
#11859=ORIENTED_EDGE('',*,*,#11858,.F.);
#11860=CARTESIAN_POINT('',(0.019550000000000005,0.,0.));
#11861=DIRECTION('',(0.,-1.,0.));
#11862=VECTOR('',#11861,1.);
#11863=LINE('',#11860,#11862);
#11864=EDGE_CURVE('',#10003,#9993,#11863,.T.);
#11865=ORIENTED_EDGE('',*,*,#11864,.F.);
#11866=CARTESIAN_POINT('',(0.019550000000000005,0.,0.));
#11867=DIRECTION('',(-1.,0.,0.));
#11868=VECTOR('',#11867,1.);
#11869=LINE('',#11866,#11868);
#11870=EDGE_CURVE('',#10229,#10003,#11869,.T.);
#11871=ORIENTED_EDGE('',*,*,#11870,.F.);
#11872=EDGE_LOOP('',(#11853,#11859,#11865,#11871));
#11873=FACE_OUTER_BOUND('',#11872,.T.);
#11874=ADVANCED_FACE('',(#11873),#11847,.F.);
#11875=CARTESIAN_POINT('',(0.01835,0.03288,0.0046500000000000005));
#11876=DIRECTION('',(0.,0.,-1.));
#11877=DIRECTION('',(-1.,0.,0.));
#11878=AXIS2_PLACEMENT_3D('',#11875,#11876,#11877);
#11879=CYLINDRICAL_SURFACE('',#11878,0.0002);
#11880=CARTESIAN_POINT('',(0.01835,0.03308,0.0046500000000000005));
#11881=DIRECTION('',(0.,0.,-1.));
#11882=VECTOR('',#11881,1.);
#11883=LINE('',#11880,#11882);
#11884=EDGE_CURVE('',#10421,#10429,#11883,.T.);
#11885=ORIENTED_EDGE('',*,*,#11884,.T.);
#11886=CARTESIAN_POINT('',(0.01855,0.03288,0.00365));
#11887=CARTESIAN_POINT('',(0.01855,0.03308,0.00365));
#11888=CARTESIAN_POINT('',(0.01835,0.03308,0.00385));
#11889=(BOUNDED_CURVE() B_SPLINE_CURVE(2,(#11886,#11887,#11888),.UNSPECIFIED.,.F.,.F.) B_SPLINE_CURVE_WITH_KNOTS((3,3),(0.,1.),.UNSPECIFIED.) CURVE() GEOMETRIC_REPRESENTATION_ITEM() RATIONAL_B_SPLINE_CURVE((1.,0.7071067811865476,1.)) REPRESENTATION_ITEM(''));
#11890=EDGE_CURVE('',#10755,#10429,#11889,.T.);
#11891=ORIENTED_EDGE('',*,*,#11890,.F.);
#11892=CARTESIAN_POINT('',(0.01855,0.03288,0.00365));
#11893=DIRECTION('',(0.,0.,-1.));
#11894=VECTOR('',#11893,1.);
#11895=LINE('',#11892,#11894);
#11896=EDGE_CURVE('',#10755,#10737,#11895,.T.);
#11897=ORIENTED_EDGE('',*,*,#11896,.T.);
#11898=CARTESIAN_POINT('',(0.01835,0.03308,0.0004999999999999996));
#11899=CARTESIAN_POINT('',(0.01855,0.03308,0.0004999999999999996));
#11900=CARTESIAN_POINT('',(0.01855,0.03288,0.0005));
#11901=(BOUNDED_CURVE() B_SPLINE_CURVE(2,(#11898,#11899,#11900),.UNSPECIFIED.,.F.,.F.) B_SPLINE_CURVE_WITH_KNOTS((3,3),(0.,1.),.UNSPECIFIED.) CURVE() GEOMETRIC_REPRESENTATION_ITEM() RATIONAL_B_SPLINE_CURVE((1.,0.7071067811865476,1.)) REPRESENTATION_ITEM(''));
#11902=EDGE_CURVE('',#10421,#10737,#11901,.T.);
#11903=ORIENTED_EDGE('',*,*,#11902,.F.);
#11904=EDGE_LOOP('',(#11885,#11891,#11897,#11903));
#11905=FACE_OUTER_BOUND('',#11904,.T.);
#11906=ADVANCED_FACE('',(#11905),#11879,.T.);
#11907=CARTESIAN_POINT('',(0.,0.03288,0.00385));
#11908=DIRECTION('',(1.,0.,0.));
#11909=DIRECTION('',(0.,0.,-1.));
#11910=AXIS2_PLACEMENT_3D('',#11907,#11908,#11909);
#11911=CYLINDRICAL_SURFACE('',#11910,0.0002);
#11912=CARTESIAN_POINT('',(0.01855,0.03288,0.00365));
#11913=CARTESIAN_POINT('',(0.01855,0.03308,0.00365));
#11914=CARTESIAN_POINT('',(0.01835,0.03308,0.00385));
#11915=(BOUNDED_CURVE() B_SPLINE_CURVE(2,(#11912,#11913,#11914),.UNSPECIFIED.,.F.,.F.) B_SPLINE_CURVE_WITH_KNOTS((3,3),(0.,1.),.UNSPECIFIED.) CURVE() GEOMETRIC_REPRESENTATION_ITEM() RATIONAL_B_SPLINE_CURVE((1.,0.7071067811865476,1.)) REPRESENTATION_ITEM(''));
#11916=EDGE_CURVE('',#10755,#10429,#11915,.T.);
#11917=ORIENTED_EDGE('',*,*,#11916,.T.);
#11918=CARTESIAN_POINT('',(0.,0.03308,0.00385));
#11919=DIRECTION('',(1.,0.,0.));
#11920=VECTOR('',#11919,1.);
#11921=LINE('',#11918,#11920);
#11922=EDGE_CURVE('',#10429,#10437,#11921,.T.);
#11923=ORIENTED_EDGE('',*,*,#11922,.T.);
#11924=CARTESIAN_POINT('',(0.01905,0.03288,0.00365));
#11925=CARTESIAN_POINT('',(0.01905,0.03308,0.00365));
#11926=CARTESIAN_POINT('',(0.01925,0.03308,0.00385));
#11927=(BOUNDED_CURVE() B_SPLINE_CURVE(2,(#11924,#11925,#11926),.UNSPECIFIED.,.F.,.F.) B_SPLINE_CURVE_WITH_KNOTS((3,3),(0.,1.),.UNSPECIFIED.) CURVE() GEOMETRIC_REPRESENTATION_ITEM() RATIONAL_B_SPLINE_CURVE((1.,0.7071067811865476,1.)) REPRESENTATION_ITEM(''));
#11928=EDGE_CURVE('',#10829,#10437,#11927,.T.);
#11929=ORIENTED_EDGE('',*,*,#11928,.F.);
#11930=CARTESIAN_POINT('',(0.,0.03288,0.00365));
#11931=DIRECTION('',(1.,0.,0.));
#11932=VECTOR('',#11931,1.);
#11933=LINE('',#11930,#11932);
#11934=EDGE_CURVE('',#10829,#10755,#11933,.T.);
#11935=ORIENTED_EDGE('',*,*,#11934,.T.);
#11936=EDGE_LOOP('',(#11917,#11923,#11929,#11935));
#11937=FACE_OUTER_BOUND('',#11936,.T.);
#11938=ADVANCED_FACE('',(#11937),#11911,.T.);
#11939=CARTESIAN_POINT('',(0.01925,0.03288,0.00365));
#11940=DIRECTION('',(0.,0.,-1.));
#11941=DIRECTION('',(-1.,0.,0.));
#11942=AXIS2_PLACEMENT_3D('',#11939,#11940,#11941);
#11943=CYLINDRICAL_SURFACE('',#11942,0.0002);
#11944=CARTESIAN_POINT('',(0.01905,0.03288,0.00365));
#11945=CARTESIAN_POINT('',(0.01905,0.03308,0.00365));
#11946=CARTESIAN_POINT('',(0.01925,0.03308,0.00385));
#11947=(BOUNDED_CURVE() B_SPLINE_CURVE(2,(#11944,#11945,#11946),.UNSPECIFIED.,.F.,.F.) B_SPLINE_CURVE_WITH_KNOTS((3,3),(0.,1.),.UNSPECIFIED.) CURVE() GEOMETRIC_REPRESENTATION_ITEM() RATIONAL_B_SPLINE_CURVE((1.,0.7071067811865476,1.)) REPRESENTATION_ITEM(''));
#11948=EDGE_CURVE('',#10829,#10437,#11947,.T.);
#11949=ORIENTED_EDGE('',*,*,#11948,.T.);
#11950=CARTESIAN_POINT('',(0.01925,0.03308,0.0046500000000000005));
#11951=DIRECTION('',(0.,0.,-1.));
#11952=VECTOR('',#11951,1.);
#11953=LINE('',#11950,#11952);
#11954=EDGE_CURVE('',#10437,#10445,#11953,.T.);
#11955=ORIENTED_EDGE('',*,*,#11954,.T.);
#11956=CARTESIAN_POINT('',(0.01905,0.03288,0.));
#11957=DIRECTION('',(0.5057327280955229,0.5057327280955229,0.6989054410048041));
#11958=VECTOR('',#11957,1.);
#11959=LINE('',#11956,#11958);
#11960=EDGE_CURVE('',#10685,#10445,#11959,.T.);
#11961=ORIENTED_EDGE('',*,*,#11960,.F.);
#11962=CARTESIAN_POINT('',(0.01905,0.03288,0.00365));
#11963=DIRECTION('',(0.,0.,-1.));
#11964=VECTOR('',#11963,1.);
#11965=LINE('',#11962,#11964);
#11966=EDGE_CURVE('',#10685,#10829,#11965,.T.);
#11967=ORIENTED_EDGE('',*,*,#11966,.T.);
#11968=EDGE_LOOP('',(#11949,#11955,#11961,#11967));
#11969=FACE_OUTER_BOUND('',#11968,.T.);
#11970=ADVANCED_FACE('',(#11969),#11943,.T.);
#11971=CARTESIAN_POINT('',(0.01905,0.03288,0.0004999999999999996));
#11972=DIRECTION('',(0.,-1.,0.));
#11973=DIRECTION('',(0.,0.,-1.));
#11974=AXIS2_PLACEMENT_3D('',#11971,#11972,#11973);
#11975=TOROIDAL_SURFACE('',#11974,0.00030000000000000003,0.0002);
#11976=CARTESIAN_POINT('',(0.01905,0.03288,0.));
#11977=DIRECTION('',(0.5057327280955229,0.5057327280955229,0.6989054410048041));
#11978=VECTOR('',#11977,1.);
#11979=LINE('',#11976,#11978);
#11980=EDGE_CURVE('',#10685,#10445,#11979,.T.);
#11981=ORIENTED_EDGE('',*,*,#11980,.T.);
#11982=CARTESIAN_POINT('',(0.01925,0.03308,0.0002763932022500195));
#11983=CARTESIAN_POINT('',(0.019350000000000003,0.03308,0.00036583592135001116));
#11984=CARTESIAN_POINT('',(0.019350000000000003,0.03308,0.0004999999999999996));
#11985=(BOUNDED_CURVE() B_SPLINE_CURVE(2,(#11982,#11983,#11984),.UNSPECIFIED.,.F.,.F.) B_SPLINE_CURVE_WITH_KNOTS((3,3),(0.,1.),.UNSPECIFIED.) CURVE() GEOMETRIC_REPRESENTATION_ITEM() RATIONAL_B_SPLINE_CURVE((1.,0.9128709291752758,1.)) REPRESENTATION_ITEM(''));
#11986=EDGE_CURVE('',#10445,#10453,#11985,.T.);
#11987=ORIENTED_EDGE('',*,*,#11986,.T.);
#11988=CARTESIAN_POINT('',(0.01955,0.03288,0.0004999999999999996));
#11989=CARTESIAN_POINT('',(0.01955,0.03308,0.0004999999999999996));
#11990=CARTESIAN_POINT('',(0.019350000000000003,0.03308,0.0004999999999999996));
#11991=(BOUNDED_CURVE() B_SPLINE_CURVE(2,(#11988,#11989,#11990),.UNSPECIFIED.,.F.,.F.) B_SPLINE_CURVE_WITH_KNOTS((3,3),(0.,1.),.UNSPECIFIED.) CURVE() GEOMETRIC_REPRESENTATION_ITEM() RATIONAL_B_SPLINE_CURVE((1.,0.7071067811865476,1.)) REPRESENTATION_ITEM(''));
#11992=EDGE_CURVE('',#10151,#10453,#11991,.T.);
#11993=ORIENTED_EDGE('',*,*,#11992,.F.);
#11994=CARTESIAN_POINT('',(0.01955,0.03288,0.0004999999999999996));
#11995=CARTESIAN_POINT('',(0.01955,0.03288,-4.336808689942018E-19));
#11996=CARTESIAN_POINT('',(0.01905,0.03288,0.));
#11997=(BOUNDED_CURVE() B_SPLINE_CURVE(2,(#11994,#11995,#11996),.UNSPECIFIED.,.F.,.F.) B_SPLINE_CURVE_WITH_KNOTS((3,3),(0.,1.),.UNSPECIFIED.) CURVE() GEOMETRIC_REPRESENTATION_ITEM() RATIONAL_B_SPLINE_CURVE((1.,0.7071067811865476,1.)) REPRESENTATION_ITEM(''));
#11998=EDGE_CURVE('',#10151,#10685,#11997,.T.);
#11999=ORIENTED_EDGE('',*,*,#11998,.T.);
#12000=EDGE_LOOP('',(#11981,#11987,#11993,#11999));
#12001=FACE_OUTER_BOUND('',#12000,.T.);
#12002=ADVANCED_FACE('',(#12001),#11975,.T.);
#12003=CARTESIAN_POINT('',(0.019350000000000003,0.03288,0.0046500000000000005));
#12004=DIRECTION('',(0.,0.,-1.));
#12005=DIRECTION('',(-1.,0.,0.));
#12006=AXIS2_PLACEMENT_3D('',#12003,#12004,#12005);
#12007=CYLINDRICAL_SURFACE('',#12006,0.0002);
#12008=CARTESIAN_POINT('',(0.01955,0.03288,0.0004999999999999996));
#12009=CARTESIAN_POINT('',(0.01955,0.03308,0.0004999999999999996));
#12010=CARTESIAN_POINT('',(0.019350000000000003,0.03308,0.0004999999999999996));
#12011=(BOUNDED_CURVE() B_SPLINE_CURVE(2,(#12008,#12009,#12010),.UNSPECIFIED.,.F.,.F.) B_SPLINE_CURVE_WITH_KNOTS((3,3),(0.,1.),.UNSPECIFIED.) CURVE() GEOMETRIC_REPRESENTATION_ITEM() RATIONAL_B_SPLINE_CURVE((1.,0.7071067811865476,1.)) REPRESENTATION_ITEM(''));
#12012=EDGE_CURVE('',#10151,#10453,#12011,.T.);
#12013=ORIENTED_EDGE('',*,*,#12012,.T.);
#12014=CARTESIAN_POINT('',(0.019350000000000003,0.03308,0.0046500000000000005));
#12015=DIRECTION('',(0.,0.,-1.));
#12016=VECTOR('',#12015,1.);
#12017=LINE('',#12014,#12016);
#12018=EDGE_CURVE('',#10453,#10461,#12017,.T.);
#12019=ORIENTED_EDGE('',*,*,#12018,.T.);
#12020=CARTESIAN_POINT('',(0.01955,0.03288,0.004150000000000001));
#12021=CARTESIAN_POINT('',(0.01955,0.03308,0.004150000000000001));
#12022=CARTESIAN_POINT('',(0.019350000000000003,0.03308,0.004150000000000001));
#12023=(BOUNDED_CURVE() B_SPLINE_CURVE(2,(#12020,#12021,#12022),.UNSPECIFIED.,.F.,.F.) B_SPLINE_CURVE_WITH_KNOTS((3,3),(0.,1.),.UNSPECIFIED.) CURVE() GEOMETRIC_REPRESENTATION_ITEM() RATIONAL_B_SPLINE_CURVE((1.,0.7071067811865476,1.)) REPRESENTATION_ITEM(''));
#12024=EDGE_CURVE('',#10167,#10461,#12023,.T.);
#12025=ORIENTED_EDGE('',*,*,#12024,.F.);
#12026=CARTESIAN_POINT('',(0.01955,0.03288,0.0046500000000000005));
#12027=DIRECTION('',(0.,0.,-1.));
#12028=VECTOR('',#12027,1.);
#12029=LINE('',#12026,#12028);
#12030=EDGE_CURVE('',#10167,#10151,#12029,.T.);
#12031=ORIENTED_EDGE('',*,*,#12030,.T.);
#12032=EDGE_LOOP('',(#12013,#12019,#12025,#12031));
#12033=FACE_OUTER_BOUND('',#12032,.T.);
#12034=ADVANCED_FACE('',(#12033),#12007,.T.);
#12035=CARTESIAN_POINT('',(0.01905,0.03288,0.004150000000000001));
#12036=DIRECTION('',(0.,-1.,0.));
#12037=DIRECTION('',(0.,0.,-1.));
#12038=AXIS2_PLACEMENT_3D('',#12035,#12036,#12037);
#12039=TOROIDAL_SURFACE('',#12038,0.00030000000000000003,0.0002);
#12040=CARTESIAN_POINT('',(0.01955,0.03288,0.004150000000000001));
#12041=CARTESIAN_POINT('',(0.01955,0.03308,0.004150000000000001));
#12042=CARTESIAN_POINT('',(0.019350000000000003,0.03308,0.004150000000000001));
#12043=(BOUNDED_CURVE() B_SPLINE_CURVE(2,(#12040,#12041,#12042),.UNSPECIFIED.,.F.,.F.) B_SPLINE_CURVE_WITH_KNOTS((3,3),(0.,1.),.UNSPECIFIED.) CURVE() GEOMETRIC_REPRESENTATION_ITEM() RATIONAL_B_SPLINE_CURVE((1.,0.7071067811865476,1.)) REPRESENTATION_ITEM(''));
#12044=EDGE_CURVE('',#10167,#10461,#12043,.T.);
#12045=ORIENTED_EDGE('',*,*,#12044,.T.);
#12046=CARTESIAN_POINT('',(0.019350000000000003,0.03308,0.004150000000000001));
#12047=CARTESIAN_POINT('',(0.019350000000000003,0.03308,0.004450000000000001));
#12048=CARTESIAN_POINT('',(0.01905,0.03308,0.004450000000000001));
#12049=(BOUNDED_CURVE() B_SPLINE_CURVE(2,(#12046,#12047,#12048),.UNSPECIFIED.,.F.,.F.) B_SPLINE_CURVE_WITH_KNOTS((3,3),(0.,1.),.UNSPECIFIED.) CURVE() GEOMETRIC_REPRESENTATION_ITEM() RATIONAL_B_SPLINE_CURVE((1.,0.7071067811865476,1.)) REPRESENTATION_ITEM(''));
#12050=EDGE_CURVE('',#10461,#10469,#12049,.T.);
#12051=ORIENTED_EDGE('',*,*,#12050,.T.);
#12052=CARTESIAN_POINT('',(0.01905,0.03288,0.0046500000000000005));
#12053=CARTESIAN_POINT('',(0.01905,0.03308,0.0046500000000000005));
#12054=CARTESIAN_POINT('',(0.01905,0.03308,0.004450000000000001));
#12055=(BOUNDED_CURVE() B_SPLINE_CURVE(2,(#12052,#12053,#12054),.UNSPECIFIED.,.F.,.F.) B_SPLINE_CURVE_WITH_KNOTS((3,3),(0.,1.),.UNSPECIFIED.) CURVE() GEOMETRIC_REPRESENTATION_ITEM() RATIONAL_B_SPLINE_CURVE((1.,0.7071067811865476,1.)) REPRESENTATION_ITEM(''));
#12056=EDGE_CURVE('',#10189,#10469,#12055,.T.);
#12057=ORIENTED_EDGE('',*,*,#12056,.F.);
#12058=CARTESIAN_POINT('',(0.01905,0.03288,0.0046500000000000005));
#12059=CARTESIAN_POINT('',(0.01955,0.03288,0.004650000000000001));
#12060=CARTESIAN_POINT('',(0.01955,0.03288,0.004150000000000001));
#12061=(BOUNDED_CURVE() B_SPLINE_CURVE(2,(#12058,#12059,#12060),.UNSPECIFIED.,.F.,.F.) B_SPLINE_CURVE_WITH_KNOTS((3,3),(0.,1.),.UNSPECIFIED.) CURVE() GEOMETRIC_REPRESENTATION_ITEM() RATIONAL_B_SPLINE_CURVE((1.,0.7071067811865476,1.)) REPRESENTATION_ITEM(''));
#12062=EDGE_CURVE('',#10189,#10167,#12061,.T.);
#12063=ORIENTED_EDGE('',*,*,#12062,.T.);
#12064=EDGE_LOOP('',(#12045,#12051,#12057,#12063));
#12065=FACE_OUTER_BOUND('',#12064,.T.);
#12066=ADVANCED_FACE('',(#12065),#12039,.T.);
#12067=CARTESIAN_POINT('',(0.,0.03288,0.004450000000000001));
#12068=DIRECTION('',(-1.,0.,0.));
#12069=DIRECTION('',(0.,0.,1.));
#12070=AXIS2_PLACEMENT_3D('',#12067,#12068,#12069);
#12071=CYLINDRICAL_SURFACE('',#12070,0.0002);
#12072=CARTESIAN_POINT('',(0.01905,0.03288,0.0046500000000000005));
#12073=CARTESIAN_POINT('',(0.01905,0.03308,0.0046500000000000005));
#12074=CARTESIAN_POINT('',(0.01905,0.03308,0.004450000000000001));
#12075=(BOUNDED_CURVE() B_SPLINE_CURVE(2,(#12072,#12073,#12074),.UNSPECIFIED.,.F.,.F.) B_SPLINE_CURVE_WITH_KNOTS((3,3),(0.,1.),.UNSPECIFIED.) CURVE() GEOMETRIC_REPRESENTATION_ITEM() RATIONAL_B_SPLINE_CURVE((1.,0.7071067811865476,1.)) REPRESENTATION_ITEM(''));
#12076=EDGE_CURVE('',#10189,#10469,#12075,.T.);
#12077=ORIENTED_EDGE('',*,*,#12076,.T.);
#12078=CARTESIAN_POINT('',(0.,0.03308,0.004450000000000001));
#12079=DIRECTION('',(-1.,0.,0.));
#12080=VECTOR('',#12079,1.);
#12081=LINE('',#12078,#12080);
#12082=EDGE_CURVE('',#10469,#10477,#12081,.T.);
#12083=ORIENTED_EDGE('',*,*,#12082,.T.);
#12084=CARTESIAN_POINT('',(0.0005,0.03288,0.0046500000000000005));
#12085=CARTESIAN_POINT('',(0.0005,0.03308,0.0046500000000000005));
#12086=CARTESIAN_POINT('',(0.0005,0.03308,0.004450000000000001));
#12087=(BOUNDED_CURVE() B_SPLINE_CURVE(2,(#12084,#12085,#12086),.UNSPECIFIED.,.F.,.F.) B_SPLINE_CURVE_WITH_KNOTS((3,3),(0.,1.),.UNSPECIFIED.) CURVE() GEOMETRIC_REPRESENTATION_ITEM() RATIONAL_B_SPLINE_CURVE((1.,0.7071067811865476,1.)) REPRESENTATION_ITEM(''));
#12088=EDGE_CURVE('',#10207,#10477,#12087,.T.);
#12089=ORIENTED_EDGE('',*,*,#12088,.F.);
#12090=CARTESIAN_POINT('',(0.,0.03288,0.0046500000000000005));
#12091=DIRECTION('',(-1.,0.,0.));
#12092=VECTOR('',#12091,1.);
#12093=LINE('',#12090,#12092);
#12094=EDGE_CURVE('',#10207,#10189,#12093,.T.);
#12095=ORIENTED_EDGE('',*,*,#12094,.T.);
#12096=EDGE_LOOP('',(#12077,#12083,#12089,#12095));
#12097=FACE_OUTER_BOUND('',#12096,.T.);
#12098=ADVANCED_FACE('',(#12097),#12071,.T.);
#12099=CARTESIAN_POINT('',(0.0005,0.03288,0.004150000000000001));
#12100=DIRECTION('',(0.,-1.,0.));
#12101=DIRECTION('',(0.,0.,-1.));
#12102=AXIS2_PLACEMENT_3D('',#12099,#12100,#12101);
#12103=TOROIDAL_SURFACE('',#12102,0.00030000000000000003,0.0002);
#12104=CARTESIAN_POINT('',(0.0005,0.03288,0.0046500000000000005));
#12105=CARTESIAN_POINT('',(0.0005,0.03308,0.0046500000000000005));
#12106=CARTESIAN_POINT('',(0.0005,0.03308,0.004450000000000001));
#12107=(BOUNDED_CURVE() B_SPLINE_CURVE(2,(#12104,#12105,#12106),.UNSPECIFIED.,.F.,.F.) B_SPLINE_CURVE_WITH_KNOTS((3,3),(0.,1.),.UNSPECIFIED.) CURVE() GEOMETRIC_REPRESENTATION_ITEM() RATIONAL_B_SPLINE_CURVE((1.,0.7071067811865476,1.)) REPRESENTATION_ITEM(''));
#12108=EDGE_CURVE('',#10207,#10477,#12107,.T.);
#12109=ORIENTED_EDGE('',*,*,#12108,.T.);
#12110=CARTESIAN_POINT('',(0.0005,0.03308,0.004450000000000001));
#12111=CARTESIAN_POINT('',(0.00019999999999999998,0.03308,0.004450000000000001));
#12112=CARTESIAN_POINT('',(0.0002,0.03308,0.004150000000000001));
#12113=(BOUNDED_CURVE() B_SPLINE_CURVE(2,(#12110,#12111,#12112),.UNSPECIFIED.,.F.,.F.) B_SPLINE_CURVE_WITH_KNOTS((3,3),(0.,1.),.UNSPECIFIED.) CURVE() GEOMETRIC_REPRESENTATION_ITEM() RATIONAL_B_SPLINE_CURVE((1.,0.7071067811865476,1.)) REPRESENTATION_ITEM(''));
#12114=EDGE_CURVE('',#10477,#10485,#12113,.T.);
#12115=ORIENTED_EDGE('',*,*,#12114,.T.);
#12116=CARTESIAN_POINT('',(0.,0.03288,0.004150000000000001));
#12117=CARTESIAN_POINT('',(2.710505431213761E-20,0.03308,0.004150000000000001));
#12118=CARTESIAN_POINT('',(0.0002,0.03308,0.004150000000000001));
#12119=(BOUNDED_CURVE() B_SPLINE_CURVE(2,(#12116,#12117,#12118),.UNSPECIFIED.,.F.,.F.) B_SPLINE_CURVE_WITH_KNOTS((3,3),(0.,1.),.UNSPECIFIED.) CURVE() GEOMETRIC_REPRESENTATION_ITEM() RATIONAL_B_SPLINE_CURVE((1.,0.7071067811865476,1.)) REPRESENTATION_ITEM(''));
#12120=EDGE_CURVE('',#10081,#10485,#12119,.T.);
#12121=ORIENTED_EDGE('',*,*,#12120,.F.);
#12122=CARTESIAN_POINT('',(0.,0.03288,0.004150000000000001));
#12123=CARTESIAN_POINT('',(0.,0.03288,0.004650000000000001));
#12124=CARTESIAN_POINT('',(0.0005,0.03288,0.0046500000000000005));
#12125=(BOUNDED_CURVE() B_SPLINE_CURVE(2,(#12122,#12123,#12124),.UNSPECIFIED.,.F.,.F.) B_SPLINE_CURVE_WITH_KNOTS((3,3),(0.,1.),.UNSPECIFIED.) CURVE() GEOMETRIC_REPRESENTATION_ITEM() RATIONAL_B_SPLINE_CURVE((1.,0.7071067811865476,1.)) REPRESENTATION_ITEM(''));
#12126=EDGE_CURVE('',#10081,#10207,#12125,.T.);
#12127=ORIENTED_EDGE('',*,*,#12126,.T.);
#12128=EDGE_LOOP('',(#12109,#12115,#12121,#12127));
#12129=FACE_OUTER_BOUND('',#12128,.T.);
#12130=ADVANCED_FACE('',(#12129),#12103,.T.);
#12131=CARTESIAN_POINT('',(0.0002,0.03288,0.0046500000000000005));
#12132=DIRECTION('',(0.,0.,-1.));
#12133=DIRECTION('',(-1.,0.,0.));
#12134=AXIS2_PLACEMENT_3D('',#12131,#12132,#12133);
#12135=CYLINDRICAL_SURFACE('',#12134,0.0002);
#12136=CARTESIAN_POINT('',(0.,0.03288,0.004150000000000001));
#12137=CARTESIAN_POINT('',(2.710505431213761E-20,0.03308,0.004150000000000001));
#12138=CARTESIAN_POINT('',(0.0002,0.03308,0.004150000000000001));
#12139=(BOUNDED_CURVE() B_SPLINE_CURVE(2,(#12136,#12137,#12138),.UNSPECIFIED.,.F.,.F.) B_SPLINE_CURVE_WITH_KNOTS((3,3),(0.,1.),.UNSPECIFIED.) CURVE() GEOMETRIC_REPRESENTATION_ITEM() RATIONAL_B_SPLINE_CURVE((1.,0.7071067811865476,1.)) REPRESENTATION_ITEM(''));
#12140=EDGE_CURVE('',#10081,#10485,#12139,.T.);
#12141=ORIENTED_EDGE('',*,*,#12140,.T.);
#12142=CARTESIAN_POINT('',(0.0002,0.03308,0.0046500000000000005));
#12143=DIRECTION('',(0.,0.,-1.));
#12144=VECTOR('',#12143,1.);
#12145=LINE('',#12142,#12144);
#12146=EDGE_CURVE('',#10485,#10493,#12145,.T.);
#12147=ORIENTED_EDGE('',*,*,#12146,.T.);
#12148=CARTESIAN_POINT('',(0.,0.03288,0.0004999999999999996));
#12149=CARTESIAN_POINT('',(2.710505431213761E-20,0.03308,0.0004999999999999996));
#12150=CARTESIAN_POINT('',(0.0002,0.03308,0.0004999999999999996));
#12151=(BOUNDED_CURVE() B_SPLINE_CURVE(2,(#12148,#12149,#12150),.UNSPECIFIED.,.F.,.F.) B_SPLINE_CURVE_WITH_KNOTS((3,3),(0.,1.),.UNSPECIFIED.) CURVE() GEOMETRIC_REPRESENTATION_ITEM() RATIONAL_B_SPLINE_CURVE((1.,0.7071067811865476,1.)) REPRESENTATION_ITEM(''));
#12152=EDGE_CURVE('',#10097,#10493,#12151,.T.);
#12153=ORIENTED_EDGE('',*,*,#12152,.F.);
#12154=CARTESIAN_POINT('',(0.,0.03288,0.0046500000000000005));
#12155=DIRECTION('',(0.,0.,-1.));
#12156=VECTOR('',#12155,1.);
#12157=LINE('',#12154,#12156);
#12158=EDGE_CURVE('',#10097,#10081,#12157,.T.);
#12159=ORIENTED_EDGE('',*,*,#12158,.T.);
#12160=EDGE_LOOP('',(#12141,#12147,#12153,#12159));
#12161=FACE_OUTER_BOUND('',#12160,.T.);
#12162=ADVANCED_FACE('',(#12161),#12135,.T.);
#12163=CARTESIAN_POINT('',(0.0005,0.03288,0.0004999999999999996));
#12164=DIRECTION('',(0.,-1.,0.));
#12165=DIRECTION('',(0.,0.,-1.));
#12166=AXIS2_PLACEMENT_3D('',#12163,#12164,#12165);
#12167=TOROIDAL_SURFACE('',#12166,0.00030000000000000003,0.0002);
#12168=CARTESIAN_POINT('',(0.,0.03288,0.0004999999999999996));
#12169=CARTESIAN_POINT('',(2.710505431213761E-20,0.03308,0.0004999999999999996));
#12170=CARTESIAN_POINT('',(0.0002,0.03308,0.0004999999999999996));
#12171=(BOUNDED_CURVE() B_SPLINE_CURVE(2,(#12168,#12169,#12170),.UNSPECIFIED.,.F.,.F.) B_SPLINE_CURVE_WITH_KNOTS((3,3),(0.,1.),.UNSPECIFIED.) CURVE() GEOMETRIC_REPRESENTATION_ITEM() RATIONAL_B_SPLINE_CURVE((1.,0.7071067811865476,1.)) REPRESENTATION_ITEM(''));
#12172=EDGE_CURVE('',#10097,#10493,#12171,.T.);
#12173=ORIENTED_EDGE('',*,*,#12172,.T.);
#12174=CARTESIAN_POINT('',(0.0002,0.03308,0.0004999999999999996));
#12175=CARTESIAN_POINT('',(0.00019999999999999998,0.03308,0.0003658359213500118));
#12176=CARTESIAN_POINT('',(0.00030000000000000046,0.03308,0.00027639320225002017));
#12177=(BOUNDED_CURVE() B_SPLINE_CURVE(2,(#12174,#12175,#12176),.UNSPECIFIED.,.F.,.F.) B_SPLINE_CURVE_WITH_KNOTS((3,3),(0.,1.),.UNSPECIFIED.) CURVE() GEOMETRIC_REPRESENTATION_ITEM() RATIONAL_B_SPLINE_CURVE((1.,0.9128709291752765,1.)) REPRESENTATION_ITEM(''));
#12178=EDGE_CURVE('',#10493,#10501,#12177,.T.);
#12179=ORIENTED_EDGE('',*,*,#12178,.T.);
#12180=CARTESIAN_POINT('',(0.0005000000000000004,0.03288,0.));
#12181=DIRECTION('',(-0.5057327280955246,0.5057327280955216,0.698905441004804));
#12182=VECTOR('',#12181,1.);
#12183=LINE('',#12180,#12182);
#12184=EDGE_CURVE('',#10587,#10501,#12183,.T.);
#12185=ORIENTED_EDGE('',*,*,#12184,.F.);
#12186=CARTESIAN_POINT('',(0.0005000000000000004,0.03288,0.));
#12187=CARTESIAN_POINT('',(0.00029289321881345283,0.03288,-6.505213034913027E-19));
#12188=CARTESIAN_POINT('',(0.00014644660940672636,0.03288,0.0001464466094067256));
#12189=CARTESIAN_POINT('',(0.,0.03288,0.0002928932188134519));
#12190=CARTESIAN_POINT('',(0.,0.03288,0.0004999999999999996));
#12191=(BOUNDED_CURVE() B_SPLINE_CURVE(2,(#12186,#12187,#12188,#12189,#12190),.UNSPECIFIED.,.F.,.F.) B_SPLINE_CURVE_WITH_KNOTS((3,2,3),(0.,1.,2.),.UNSPECIFIED.) CURVE() GEOMETRIC_REPRESENTATION_ITEM() RATIONAL_B_SPLINE_CURVE((1.,0.9238795325112866,1.,0.9238795325112866,1.)) REPRESENTATION_ITEM(''));
#12192=EDGE_CURVE('',#10587,#10097,#12191,.T.);
#12193=ORIENTED_EDGE('',*,*,#12192,.T.);
#12194=EDGE_LOOP('',(#12173,#12179,#12185,#12193));
#12195=FACE_OUTER_BOUND('',#12194,.T.);
#12196=ADVANCED_FACE('',(#12195),#12167,.T.);
#12197=CARTESIAN_POINT('',(0.00030000000000000046,0.03288,0.0046500000000000005));
#12198=DIRECTION('',(0.,0.,-1.));
#12199=DIRECTION('',(-1.,0.,0.));
#12200=AXIS2_PLACEMENT_3D('',#12197,#12198,#12199);
#12201=CYLINDRICAL_SURFACE('',#12200,0.0002);
#12202=CARTESIAN_POINT('',(0.0005000000000000004,0.03288,0.));
#12203=DIRECTION('',(-0.5057327280955246,0.5057327280955216,0.698905441004804));
#12204=VECTOR('',#12203,1.);
#12205=LINE('',#12202,#12204);
#12206=EDGE_CURVE('',#10587,#10501,#12205,.T.);
#12207=ORIENTED_EDGE('',*,*,#12206,.T.);
#12208=CARTESIAN_POINT('',(0.00030000000000000046,0.03308,0.0046500000000000005));
#12209=DIRECTION('',(0.,0.,-1.));
#12210=VECTOR('',#12209,1.);
#12211=LINE('',#12208,#12210);
#12212=EDGE_CURVE('',#10501,#10509,#12211,.T.);
#12213=ORIENTED_EDGE('',*,*,#12212,.T.);
#12214=CARTESIAN_POINT('',(0.0005000000000000004,0.03288,0.00365));
#12215=CARTESIAN_POINT('',(0.0005000000000000004,0.03308,0.00365));
#12216=CARTESIAN_POINT('',(0.00030000000000000046,0.03308,0.00385));
#12217=(BOUNDED_CURVE() B_SPLINE_CURVE(2,(#12214,#12215,#12216),.UNSPECIFIED.,.F.,.F.) B_SPLINE_CURVE_WITH_KNOTS((3,3),(0.,1.),.UNSPECIFIED.) CURVE() GEOMETRIC_REPRESENTATION_ITEM() RATIONAL_B_SPLINE_CURVE((1.,0.7071067811865476,1.)) REPRESENTATION_ITEM(''));
#12218=EDGE_CURVE('',#10891,#10509,#12217,.T.);
#12219=ORIENTED_EDGE('',*,*,#12218,.F.);
#12220=CARTESIAN_POINT('',(0.0005000000000000004,0.03288,0.00365));
#12221=DIRECTION('',(0.,0.,-1.));
#12222=VECTOR('',#12221,1.);
#12223=LINE('',#12220,#12222);
#12224=EDGE_CURVE('',#10891,#10587,#12223,.T.);
#12225=ORIENTED_EDGE('',*,*,#12224,.T.);
#12226=EDGE_LOOP('',(#12207,#12213,#12219,#12225));
#12227=FACE_OUTER_BOUND('',#12226,.T.);
#12228=ADVANCED_FACE('',(#12227),#12201,.T.);
#12229=CARTESIAN_POINT('',(0.,0.03288,0.00385));
#12230=DIRECTION('',(-1.,0.,0.));
#12231=DIRECTION('',(0.,0.,1.));
#12232=AXIS2_PLACEMENT_3D('',#12229,#12230,#12231);
#12233=CYLINDRICAL_SURFACE('',#12232,0.0002);
#12234=CARTESIAN_POINT('',(0.0005000000000000004,0.03288,0.00365));
#12235=CARTESIAN_POINT('',(0.0005000000000000004,0.03308,0.00365));
#12236=CARTESIAN_POINT('',(0.00030000000000000046,0.03308,0.00385));
#12237=(BOUNDED_CURVE() B_SPLINE_CURVE(2,(#12234,#12235,#12236),.UNSPECIFIED.,.F.,.F.) B_SPLINE_CURVE_WITH_KNOTS((3,3),(0.,1.),.UNSPECIFIED.) CURVE() GEOMETRIC_REPRESENTATION_ITEM() RATIONAL_B_SPLINE_CURVE((1.,0.7071067811865476,1.)) REPRESENTATION_ITEM(''));
#12238=EDGE_CURVE('',#10891,#10509,#12237,.T.);
#12239=ORIENTED_EDGE('',*,*,#12238,.T.);
#12240=CARTESIAN_POINT('',(0.0005000000000000004,0.03308,0.00385));
#12241=DIRECTION('',(1.,0.,0.));
#12242=VECTOR('',#12241,1.);
#12243=LINE('',#12240,#12242);
#12244=EDGE_CURVE('',#10509,#10517,#12243,.T.);
#12245=ORIENTED_EDGE('',*,*,#12244,.T.);
#12246=CARTESIAN_POINT('',(0.0010000000000000009,0.03288,0.00365));
#12247=CARTESIAN_POINT('',(0.0010000000000000009,0.03308,0.00365));
#12248=CARTESIAN_POINT('',(0.001200000000000001,0.03308,0.00385));
#12249=(BOUNDED_CURVE() B_SPLINE_CURVE(2,(#12246,#12247,#12248),.UNSPECIFIED.,.F.,.F.) B_SPLINE_CURVE_WITH_KNOTS((3,3),(0.,1.),.UNSPECIFIED.) CURVE() GEOMETRIC_REPRESENTATION_ITEM() RATIONAL_B_SPLINE_CURVE((1.,0.7071067811865476,1.)) REPRESENTATION_ITEM(''));
#12250=EDGE_CURVE('',#10975,#10517,#12249,.T.);
#12251=ORIENTED_EDGE('',*,*,#12250,.F.);
#12252=CARTESIAN_POINT('',(0.0010000000000000009,0.03288,0.00365));
#12253=DIRECTION('',(1.,0.,0.));
#12254=VECTOR('',#12253,1.);
#12255=LINE('',#12252,#12254);
#12256=EDGE_CURVE('',#10975,#10891,#12255,.T.);
#12257=ORIENTED_EDGE('',*,*,#12256,.T.);
#12258=EDGE_LOOP('',(#12239,#12245,#12251,#12257));
#12259=FACE_OUTER_BOUND('',#12258,.T.);
#12260=ADVANCED_FACE('',(#12259),#12233,.T.);
#12261=CARTESIAN_POINT('',(0.001200000000000001,0.03288,0.00365));
#12262=DIRECTION('',(0.,0.,-1.));
#12263=DIRECTION('',(-1.,0.,0.));
#12264=AXIS2_PLACEMENT_3D('',#12261,#12262,#12263);
#12265=CYLINDRICAL_SURFACE('',#12264,0.0002);
#12266=CARTESIAN_POINT('',(0.0010000000000000009,0.03288,0.00365));
#12267=CARTESIAN_POINT('',(0.0010000000000000009,0.03308,0.00365));
#12268=CARTESIAN_POINT('',(0.001200000000000001,0.03308,0.00385));
#12269=(BOUNDED_CURVE() B_SPLINE_CURVE(2,(#12266,#12267,#12268),.UNSPECIFIED.,.F.,.F.) B_SPLINE_CURVE_WITH_KNOTS((3,3),(0.,1.),.UNSPECIFIED.) CURVE() GEOMETRIC_REPRESENTATION_ITEM() RATIONAL_B_SPLINE_CURVE((1.,0.7071067811865476,1.)) REPRESENTATION_ITEM(''));
#12270=EDGE_CURVE('',#10975,#10517,#12269,.T.);
#12271=ORIENTED_EDGE('',*,*,#12270,.T.);
#12272=CARTESIAN_POINT('',(0.001200000000000001,0.03308,0.0046500000000000005));
#12273=DIRECTION('',(0.,0.,-1.));
#12274=VECTOR('',#12273,1.);
#12275=LINE('',#12272,#12274);
#12276=EDGE_CURVE('',#10517,#10419,#12275,.T.);
#12277=ORIENTED_EDGE('',*,*,#12276,.T.);
#12278=CARTESIAN_POINT('',(0.0010000000000000009,0.03288,0.0005));
#12279=CARTESIAN_POINT('',(0.0010000000000000009,0.03308,0.0004999999999999996));
#12280=CARTESIAN_POINT('',(0.001200000000000001,0.03308,0.0004999999999999996));
#12281=(BOUNDED_CURVE() B_SPLINE_CURVE(2,(#12278,#12279,#12280),.UNSPECIFIED.,.F.,.F.) B_SPLINE_CURVE_WITH_KNOTS((3,3),(0.,1.),.UNSPECIFIED.) CURVE() GEOMETRIC_REPRESENTATION_ITEM() RATIONAL_B_SPLINE_CURVE((1.,0.7071067811865476,1.)) REPRESENTATION_ITEM(''));
#12282=EDGE_CURVE('',#10967,#10419,#12281,.T.);
#12283=ORIENTED_EDGE('',*,*,#12282,.F.);
#12284=CARTESIAN_POINT('',(0.0010000000000000009,0.03288,0.00365));
#12285=DIRECTION('',(0.,0.,-1.));
#12286=VECTOR('',#12285,1.);
#12287=LINE('',#12284,#12286);
#12288=EDGE_CURVE('',#10967,#10975,#12287,.T.);
#12289=ORIENTED_EDGE('',*,*,#12288,.T.);
#12290=EDGE_LOOP('',(#12271,#12277,#12283,#12289));
#12291=FACE_OUTER_BOUND('',#12290,.T.);
#12292=ADVANCED_FACE('',(#12291),#12265,.T.);
#12293=CLOSED_SHELL('',(#4499,#4640,#4801,#4904,#5187,#5452,#5555,#5618,#5807,#5880,#5965,#6028,#6311,#6372,#6513,#6612,#6715,#6950,#7139,#7326,#7429,#7628,#7705,#7970,#8073,#8206,#8395,#8498,#8781,#8970,#9073,#9272,#9461,#9648,#9699,#9726,#9851,#9982,#10022,#10070,#10108,#10140,#10178,#10218,#10408,#10528,#10574,#10630,#10674,#10726,#10766,#10806,#10840,#10872,#10908,#10950,#10986,#11018,#11052,#11084,#11118,#11172,#11204,#11260,#11292,#11338,#11370,#11399,#11451,#11483,#11512,#11580,#11612,#11646,#11680,#11712,#11746,#11778,#11810,#11842,#11874,#11906,#11938,#11970,#12002,#12034,#12066,#12098,#12130,#12162,#12196,#12228,#12260,#12292));
#12294=MANIFOLD_SOLID_BREP('',#12293);
#12295=CARTESIAN_POINT('',(0.,0.,0.));
#12296=DIRECTION('',(0.,0.,1.));
#12297=DIRECTION('',(1.,0.,0.));
#12298=AXIS2_PLACEMENT_3D('',#12295,#12296,#12297);
#12299=(LENGTH_UNIT() NAMED_UNIT(*) SI_UNIT($,.METRE.));
#12300=(NAMED_UNIT(*) PLANE_ANGLE_UNIT() SI_UNIT($,.RADIAN.));
#12301=(NAMED_UNIT(*) SI_UNIT($,.STERADIAN.) SOLID_ANGLE_UNIT());
#12302=UNCERTAINTY_MEASURE_WITH_UNIT(LENGTH_MEASURE(1.E-07),#12299,'distance_accuracy_value','confusion accuracy');
#12303=(GEOMETRIC_REPRESENTATION_CONTEXT(3) GLOBAL_UNCERTAINTY_ASSIGNED_CONTEXT((#12302)) GLOBAL_UNIT_ASSIGNED_CONTEXT((#12299,#12300,#12301)) REPRESENTATION_CONTEXT('','3D'));
#12304=ADVANCED_BREP_SHAPE_REPRESENTATION('',(#12298,#12294),#12303);
#12305=COLOUR_RGB('',0.925490,0.925490,0.925490);
#12306=FILL_AREA_STYLE_COLOUR('',#12305);
#12307=FILL_AREA_STYLE('',(#12306));
#12308=SURFACE_STYLE_FILL_AREA(#12307);
#12309=SURFACE_SIDE_STYLE('',(#12308));
#12310=SURFACE_STYLE_USAGE(.BOTH.,#12309);
#12311=PRESENTATION_STYLE_ASSIGNMENT((#12310));
#12312=STYLED_ITEM('',(#12311),#12294);
#12313=MECHANICAL_DESIGN_GEOMETRIC_PRESENTATION_REPRESENTATION('',(#12312),#12303);
ENDSEC;
END-ISO-10303-21;